market_uuid,trader_uuid,day,sh,cash,participant_code,treatment,initial_cash,shares0
a5f35780-eeec-48f3-bd11-2a02633bc450,3f3f926c-76bd-44db-b2dc-3e8e8ddbccb6,15,56.0,5314.3,viseix7p,ghp,2600.0,20
a5f35780-eeec-48f3-bd11-2a02633bc450,7263bda7-ce07-4527-829d-593539f9496a,15,38.0,5225.68,qhz5zte3,ghp,3800.0,10
a5f35780-eeec-48f3-bd11-2a02633bc450,d896d1d1-903a-4faf-af2e-bda1e25a47cc,15,4.0,6170.959999999999,kmcc2p31,ghp,2600.0,20
a5f35780-eeec-48f3-bd11-2a02633bc450,b051dea2-10fd-492e-a16a-123e7f6bc6ac,15,-10.0,5276.98,snooaw5j,ghp,3800.0,10
a5f35780-eeec-48f3-bd11-2a02633bc450,14a8161a-9d15-4590-8e4a-d60fa690d14e,15,12.0,5717.740000000001,twrkr7hz,ghp,2600.0,20
a5f35780-eeec-48f3-bd11-2a02633bc450,6a27507f-b151-4a9f-b11f-d433b22aeb62,15,-10.0,5574.34,hk3teh8u,ghp,3800.0,10
17f3bde5-9e00-47d0-8909-b138b266b325,c5382ee4-bd5b-45e4-8232-55a805c489d8,15,4.0,5848.0,6kvq85km,ng,2600.0,20
17f3bde5-9e00-47d0-8909-b138b266b325,8097813e-2f6f-40a4-be05-70c6d8d3bca7,15,10.0,5318.0,7dpcven3,ng,3800.0,10
17f3bde5-9e00-47d0-8909-b138b266b325,121ddd6b-3999-4e05-a2b3-d80bdfc8efba,15,-14.0,5942.0,2mz5up3e,ng,2600.0,20
17f3bde5-9e00-47d0-8909-b138b266b325,6eb3648e-8876-4d12-96eb-7269067415d5,15,48.0,5271.0,keffe6of,ng,3800.0,10
17f3bde5-9e00-47d0-8909-b138b266b325,1fee9bd8-a0b5-414d-b996-84be8a4a131f,15,54.0,5197.0,quvmw080,ng,2600.0,20
17f3bde5-9e00-47d0-8909-b138b266b325,e4da5453-0e94-4ba4-b1bb-3b711e2a2c8d,15,-12.0,6040.0,zmzx9bpp,ng,3800.0,10
520e90a9-5e9e-4bfa-8244-34e70674e93f,a7efec93-ac3e-45ce-84ac-eb2844742dd5,15,92.0,3019.56,viseix7p,ghp,2600.0,20
520e90a9-5e9e-4bfa-8244-34e70674e93f,6b8a7a0e-6534-4c7f-ba8e-d90a38b5b936,15,54.0,4235.98,qhz5zte3,ghp,3800.0,10
520e90a9-5e9e-4bfa-8244-34e70674e93f,1a600171-9cfa-44bf-a3d4-b7322acefe1a,15,-20.0,5632.86,kmcc2p31,ghp,2600.0,20
520e90a9-5e9e-4bfa-8244-34e70674e93f,cb46e42c-c695-4491-ae41-767eb4004474,15,-10.0,5383.0,snooaw5j,ghp,3800.0,10
520e90a9-5e9e-4bfa-8244-34e70674e93f,5e6b5ec7-66f5-446f-b458-3b18596521a3,15,-16.0,5258.2,twrkr7hz,ghp,2600.0,20
520e90a9-5e9e-4bfa-8244-34e70674e93f,c9677d60-b255-4563-955c-c09e7b64f2df,15,-10.0,5686.4,hk3teh8u,ghp,3800.0,10
5273b4e4-2b4f-47fa-834f-bd0d84d237b0,1893c9fa-143a-45ae-8599-dfedb6054045,15,-20.0,5703.5,6kvq85km,ng,2600.0,20
5273b4e4-2b4f-47fa-834f-bd0d84d237b0,18711e8c-d4a6-4e40-ac02-472f81cda568,15,18.0,4559.0,7dpcven3,ng,3800.0,10
5273b4e4-2b4f-47fa-834f-bd0d84d237b0,ede5b087-a2ea-49eb-9494-a67b961bfc79,15,-20.0,6418.5,2mz5up3e,ng,2600.0,20
5273b4e4-2b4f-47fa-834f-bd0d84d237b0,d00142cb-036c-42b2-986f-4d8449293679,15,56.0,4262.0,keffe6of,ng,3800.0,10
5273b4e4-2b4f-47fa-834f-bd0d84d237b0,4c5c436f-ca6c-40f1-9cb5-b8bc15205ad4,15,66.0,3326.5,quvmw080,ng,2600.0,20
5273b4e4-2b4f-47fa-834f-bd0d84d237b0,bc7d5ce5-ff5f-43da-8411-1cc4780872be,15,-10.0,5026.5,zmzx9bpp,ng,3800.0,10
a05edde7-d925-45e5-bd12-37b4af942736,6ab180f8-7112-4499-b7f9-b9540b122777,15,2.0,6661.5,e4rzuiqc,gh,2600.0,20
a05edde7-d925-45e5-bd12-37b4af942736,73efef72-11c9-496a-80d8-178d281ae4d1,15,28.0,3869.95,j6o1gu35,gh,3800.0,10
a05edde7-d925-45e5-bd12-37b4af942736,c8eb7dce-7793-4314-ad7f-d135dbb2ba47,15,25.0,5401.35,z9n52ebr,gh,2600.0,20
a05edde7-d925-45e5-bd12-37b4af942736,0c8329d9-01d0-4ade-9746-adcd76979d55,15,12.0,5429.7,lh92b709,gh,3800.0,10
a05edde7-d925-45e5-bd12-37b4af942736,f5a1d5e6-a183-421a-a699-8e50db4fb1c8,15,6.0,6561.5,729v3r7i,gh,2600.0,20
a05edde7-d925-45e5-bd12-37b4af942736,8eb4c26e-1145-412e-a646-d50005ec9ba2,15,17.0,4596.0,aac2mc3k,gh,3800.0,10
98308155-5ef4-4781-92b2-15de5ba68a70,8bcaf73d-b674-4326-bd4f-acb83b510b57,15,32.0,3531.0000000000005,bs9r1rdm,gp,2600.0,20
98308155-5ef4-4781-92b2-15de5ba68a70,bc3147b7-5256-41ba-98cd-f8ffcee3c4a6,15,10.0,5771.88,9uh6p1vm,gp,3800.0,10
98308155-5ef4-4781-92b2-15de5ba68a70,22db997d-e3e3-4d59-aae0-6cf6af50ce83,15,0.0,5920.62,kb2z64e8,gp,2600.0,20
98308155-5ef4-4781-92b2-15de5ba68a70,f31a815e-6425-437b-901f-67ac478997d1,15,12.0,6037.2699999999995,ai0il249,gp,3800.0,10
98308155-5ef4-4781-92b2-15de5ba68a70,e33cbc6c-84e2-461b-b46a-773696dbb034,15,36.0,5546.459999999999,pqnknbrr,gp,2600.0,20
98308155-5ef4-4781-92b2-15de5ba68a70,f2e7f80c-211c-4c81-bc5c-0ba136ad3833,15,0.0,5712.77,whc9aveo,gp,3800.0,10
b86ad8e8-b0f6-4578-8e02-b4a87378a89d,e587d9fc-8b60-4d5e-94d5-3b29caa7cace,15,-1.0,5305.62,e4rzuiqc,gh,2600.0,20
b86ad8e8-b0f6-4578-8e02-b4a87378a89d,2687126f-035a-4f5c-9b79-40117776a123,15,78.0,1097.7399999999998,j6o1gu35,gh,3800.0,10
b86ad8e8-b0f6-4578-8e02-b4a87378a89d,e2aa12cd-48ec-4b85-a4ed-c4fc7b454ddf,15,9.0,5100.01,z9n52ebr,gh,2600.0,20
b86ad8e8-b0f6-4578-8e02-b4a87378a89d,408a9933-2d73-49af-a89e-1257e848a4cf,15,0.0,5579.0,lh92b709,gh,3800.0,10
b86ad8e8-b0f6-4578-8e02-b4a87378a89d,85c25fb0-b87a-41cb-a477-b786b6785b79,15,2.0,5625.63,729v3r7i,gh,2600.0,20
b86ad8e8-b0f6-4578-8e02-b4a87378a89d,274b90df-f4ee-4a06-b02e-fef62796b15f,15,2.0,5140.0,aac2mc3k,gh,3800.0,10
aeea46bb-84ad-409e-b595-5f1ae9d39ed9,bb1de49e-9922-4e51-bf38-42f79bfa10dd,15,6.0,4248.0999999999985,bs9r1rdm,gp,2600.0,20
aeea46bb-84ad-409e-b595-5f1ae9d39ed9,3cc0e1ca-01ec-458e-a73f-5f979015e052,15,16.0,4755.98,9uh6p1vm,gp,3800.0,10
aeea46bb-84ad-409e-b595-5f1ae9d39ed9,a415b3a2-d76d-4f31-8ddd-bdf441257d88,15,0.0,4679.870000000001,kb2z64e8,gp,2600.0,20
aeea46bb-84ad-409e-b595-5f1ae9d39ed9,bd8df300-e107-4fb6-a1a9-1ee4f9ce263f,15,42.0,4845.78,ai0il249,gp,3800.0,10
aeea46bb-84ad-409e-b595-5f1ae9d39ed9,0dfc44c4-9a29-46a9-8b14-42a4bda28f5c,15,21.0,4401.539999999999,pqnknbrr,gp,2600.0,20
aeea46bb-84ad-409e-b595-5f1ae9d39ed9,b36c610c-8e4d-4bcb-b3bf-9233bc19bd59,15,5.0,4908.73,whc9aveo,gp,3800.0,10
c790e030-d023-437b-b3f5-54393dc4bea4,30fc2b4e-6bfb-433a-804d-56f7e84d7ba3,15,17.0,5521.09,g9jo03o9,ghp,2600.0,20
c790e030-d023-437b-b3f5-54393dc4bea4,7282a71b-4af9-4161-9243-59a7200491a8,15,2.0,5397.29,h0ebvwds,ghp,3800.0,10
c790e030-d023-437b-b3f5-54393dc4bea4,9d5dfc26-db4a-4f04-a070-57ca9e03a8a8,15,0.0,5472.78,u2aoz11d,ghp,2600.0,20
c790e030-d023-437b-b3f5-54393dc4bea4,f9508a9f-40fc-4e43-82d6-2a10682c80ee,15,19.0,5272.960000000001,90ay03zv,ghp,3800.0,10
c790e030-d023-437b-b3f5-54393dc4bea4,fc375a6c-df52-4846-b92d-128b8b2369fb,15,46.0,6331.199999999999,ukmvlwcs,ghp,2600.0,20
c790e030-d023-437b-b3f5-54393dc4bea4,29263d52-43a8-41f9-8fac-174bd27a3cac,15,6.0,4524.680000000001,ehyb34jx,ghp,3800.0,10
1929c09c-602b-4617-8659-48b1a29c8097,805afd8a-f298-447c-b524-fcfacc9b528f,15,30.0,3910.919999999999,6xvvhy1g,ng,2600.0,20
1929c09c-602b-4617-8659-48b1a29c8097,fc1e2a3f-5601-4c5f-9adf-19d17e6e5667,15,-1.0,5851.379999999999,o6ptk42l,ng,3800.0,10
1929c09c-602b-4617-8659-48b1a29c8097,79bc089c-0e42-4ffb-a089-d39727a7ad5e,15,40.0,4182.860000000001,vitm387c,ng,2600.0,20
1929c09c-602b-4617-8659-48b1a29c8097,cd733786-3f26-45f5-9434-5391feb2db91,15,8.0,5720.8099999999995,nngm5qgp,ng,3800.0,10
1929c09c-602b-4617-8659-48b1a29c8097,e3a0615f-a8a1-4546-bc68-9c947e9bf488,15,16.0,5177.400000000001,9x5fpgk2,ng,2600.0,20
1929c09c-602b-4617-8659-48b1a29c8097,eae02f14-4e82-48f4-9971-bdb53d8c832b,15,-3.0,7752.629999999998,7d70uqk8,ng,3800.0,10
562efb1b-a346-43e9-8059-5c07029ce57e,bc406764-852c-4301-aac5-ffda79e1d352,15,13.0,5389.100000000001,dadcupjc,ghp,2600.0,20
562efb1b-a346-43e9-8059-5c07029ce57e,90a3d963-fbea-46b9-8de6-7bf9d6b601c5,15,13.0,6024.800000000001,stzawa55,ghp,3800.0,10
562efb1b-a346-43e9-8059-5c07029ce57e,0eef23b9-e989-4879-a424-0549e92340f7,15,0.0,6891.31,ja9vp1ab,ghp,2600.0,20
562efb1b-a346-43e9-8059-5c07029ce57e,51571e52-e5e1-4e31-b9d8-616043a0be9a,15,22.0,5276.970000000001,tzbpp88u,ghp,3800.0,10
562efb1b-a346-43e9-8059-5c07029ce57e,6c1cc253-2d3c-4c02-96fe-14e14b6bdce5,15,3.0,4511.930000000001,gr27p5tr,ghp,2600.0,20
562efb1b-a346-43e9-8059-5c07029ce57e,da37c669-bb41-4646-a780-46fa1fade433,15,39.0,4781.890000000001,e60078af,ghp,3800.0,10
7639dc96-fd01-4576-8cdc-79c9d30dcd81,66251611-12a2-4944-8723-b591a69a9824,15,20.0,4530.0,g9jo03o9,ghp,2600.0,20
7639dc96-fd01-4576-8cdc-79c9d30dcd81,0d138ea8-8160-4263-bab0-ef399294f8a7,15,1.0,5115.91,h0ebvwds,ghp,3800.0,10
7639dc96-fd01-4576-8cdc-79c9d30dcd81,145e83a3-2fb7-443a-93d3-6f7e84aec434,15,0.0,4855.639999999999,u2aoz11d,ghp,2600.0,20
7639dc96-fd01-4576-8cdc-79c9d30dcd81,9cf3eabc-27f7-4754-a78b-8b9b1aca36d4,15,5.0,4453.26,90ay03zv,ghp,3800.0,10
7639dc96-fd01-4576-8cdc-79c9d30dcd81,4ffcf78f-4023-4892-9eef-146a5c209835,15,57.0,5395.12,ukmvlwcs,ghp,2600.0,20
7639dc96-fd01-4576-8cdc-79c9d30dcd81,88efbdd9-40ef-4c34-921a-f39cc16113ce,15,7.0,3490.07,ehyb34jx,ghp,3800.0,10
aa648e2e-d329-4dd5-8902-af2bb6347519,266b409b-ab01-469b-9133-7915001aa253,15,40.0,2033.689999999999,6xvvhy1g,ng,2600.0,20
aa648e2e-d329-4dd5-8902-af2bb6347519,a1224b50-e54d-4401-acb4-4fb3bfac8e8d,15,1.0,5349.740000000001,o6ptk42l,ng,3800.0,10
aa648e2e-d329-4dd5-8902-af2bb6347519,4f2980e2-d10c-4c68-937f-78d5142dc0ef,15,1.0,8185.219999999999,vitm387c,ng,2600.0,20
aa648e2e-d329-4dd5-8902-af2bb6347519,198ae65a-873c-4c68-a85e-66eac976c7ab,15,45.0,-22.739999999999327,nngm5qgp,ng,3800.0,10
aa648e2e-d329-4dd5-8902-af2bb6347519,8ca21702-83a8-4430-9ead-0119fc913da6,15,23.0,4475.699999999999,9x5fpgk2,ng,2600.0,20
aa648e2e-d329-4dd5-8902-af2bb6347519,218b254a-e7c1-4487-8aff-ff693b11673d,15,-20.0,8294.39,7d70uqk8,ng,3800.0,10
c06d584f-16fe-42a0-a5b0-281026bd6ca3,571f8b54-ffdc-4466-8066-90fb81d9dfc1,15,3.0,4887.21,dadcupjc,ghp,2600.0,20
c06d584f-16fe-42a0-a5b0-281026bd6ca3,29127936-c621-49bd-a572-059f4be7598b,15,20.0,4033.49,stzawa55,ghp,3800.0,10
c06d584f-16fe-42a0-a5b0-281026bd6ca3,697c6d90-c662-4d2a-b95d-90564ff71af6,15,0.0,4736.62,ja9vp1ab,ghp,2600.0,20
c06d584f-16fe-42a0-a5b0-281026bd6ca3,dfd6c39d-ffc1-4115-942a-8b07c09007e9,15,24.0,4629.330000000001,tzbpp88u,ghp,3800.0,10
c06d584f-16fe-42a0-a5b0-281026bd6ca3,b1b707e4-d832-44a3-9c9f-a683db402492,15,9.0,5204.079999999999,gr27p5tr,ghp,2600.0,20
c06d584f-16fe-42a0-a5b0-281026bd6ca3,316252be-ca5a-49d1-8696-39b139312e4e,15,34.0,4349.27,e60078af,ghp,3800.0,10
468bae16-01fa-4b28-8367-2b7fc01e7aa7,4d3bbd69-519e-4f2d-86af-d252ccfd1141,15,0.0,4639.719999999999,5ldlcszn,ghp,2600.0,20
468bae16-01fa-4b28-8367-2b7fc01e7aa7,b44a4e84-5176-4bdf-bbd6-a803eeda8f89,15,12.0,5293.83,q5e90cmj,ghp,3800.0,10
468bae16-01fa-4b28-8367-2b7fc01e7aa7,2599d1e4-f216-4dc7-9669-3ec27c6aadcd,15,0.0,6004.57,zp1owmpd,ghp,2600.0,20
468bae16-01fa-4b28-8367-2b7fc01e7aa7,385afaf0-0dab-4f95-a820-87224bd6cf81,15,18.0,5355.48,yq2xbma3,ghp,3800.0,10
468bae16-01fa-4b28-8367-2b7fc01e7aa7,2f360b88-54c4-42c4-b310-c283fdf13010,15,0.0,5666.05,nmgjkj32,ghp,2600.0,20
468bae16-01fa-4b28-8367-2b7fc01e7aa7,daaf568f-afa2-4c5e-bef3-55028aa36749,15,60.0,5560.349999999999,cjmxcmcd,ghp,3800.0,10
792b99cc-c375-4006-9b7f-6b7ceeb15ffe,b8fa8faf-14d8-486c-be2e-08db7bc935b7,15,6.0,5489.18,00g81xoq,ng,2600.0,20
792b99cc-c375-4006-9b7f-6b7ceeb15ffe,7a553ede-c04b-4dd0-95ba-349324bec098,15,15.0,7005.45,3hlfki3e,ng,3800.0,10
792b99cc-c375-4006-9b7f-6b7ceeb15ffe,661249bb-54ed-48ff-b0d9-488e2a5e935e,15,32.0,4550.75,01xk5dk9,ng,2600.0,20
792b99cc-c375-4006-9b7f-6b7ceeb15ffe,753b92c6-7fb8-4e79-a05a-6922c6267211,15,3.0,4890.0,etak4i29,ng,3800.0,10
792b99cc-c375-4006-9b7f-6b7ceeb15ffe,3d636f94-36ed-4288-ba39-18c17615cfdd,15,20.0,4762.62,mrocn3qi,ng,2600.0,20
792b99cc-c375-4006-9b7f-6b7ceeb15ffe,f890bde4-a28b-4c88-944d-9e0582b7eb8f,15,14.0,5822.0,a9rbe355,ng,3800.0,10
b0eca25a-c9c1-4b52-a273-a509e63a7229,2b4b0db0-a220-4399-95d6-50f92fe7210b,15,2.0,6333.79,e70ixf6a,ghp,2600.0,20
b0eca25a-c9c1-4b52-a273-a509e63a7229,7b0d7d06-d31a-4713-9086-86a852529422,15,12.0,5105.15,yvu0j0px,ghp,3800.0,10
b0eca25a-c9c1-4b52-a273-a509e63a7229,f12504f3-11d0-4327-8b7a-bc23496e0389,15,9.0,5522.829999999999,8m72ygxx,ghp,2600.0,20
b0eca25a-c9c1-4b52-a273-a509e63a7229,0671e4cf-2b62-424f-ae00-209c7fe17584,15,32.0,5001.710000000001,3mu21szb,ghp,3800.0,10
b0eca25a-c9c1-4b52-a273-a509e63a7229,e1704662-f9fc-4997-ae7d-284d233e3b57,15,1.0,5395.610000000001,caoxz34q,ghp,2600.0,20
b0eca25a-c9c1-4b52-a273-a509e63a7229,ae15d7f0-ae5f-4399-9bdd-5751a9cf2a9b,15,34.0,5160.91,rdnkoe93,ghp,3800.0,10
e2c2318e-0678-474d-bdf2-b31e6e134e04,9d9828a0-f4a4-4702-bccc-dbd6c2ef7745,15,3.0,5804.33,9d6cveb5,ng,2600.0,20
e2c2318e-0678-474d-bdf2-b31e6e134e04,a3d5810f-4610-4abf-b161-dbb99786b2bc,15,6.0,5548.5,6swie1ys,ng,3800.0,10
e2c2318e-0678-474d-bdf2-b31e6e134e04,79b2b539-2db5-4913-a788-fcc9d14093a7,15,27.0,5056.5,dltkzvxc,ng,2600.0,20
e2c2318e-0678-474d-bdf2-b31e6e134e04,317d63e7-a336-405c-91a4-54b0529ca6c9,15,8.0,5142.45,weju7mc9,ng,3800.0,10
e2c2318e-0678-474d-bdf2-b31e6e134e04,8ad469c5-752f-40a2-8a84-bf98bbb5d719,15,29.0,5658.6,dq2m7s6u,ng,2600.0,20
e2c2318e-0678-474d-bdf2-b31e6e134e04,2178c5aa-a486-4edf-a5cb-9f1a70f06e68,15,17.0,5309.62,dw5igqpq,ng,3800.0,10
727aeab3-4e37-4074-aa8a-edb9ed62fd8f,9ac2441c-65de-4140-886b-e041aa13f30c,15,0.0,5624.83,1j25lcg3,gh,2600.0,20
727aeab3-4e37-4074-aa8a-edb9ed62fd8f,f4e496bb-e503-420c-97a0-f6dc825fc9c7,15,35.0,5494.84,icxcbb3j,gh,3800.0,10
727aeab3-4e37-4074-aa8a-edb9ed62fd8f,9d9fb988-56a1-480a-b9ae-0966b32c2ac4,15,44.0,5202.85,2dz5zxb2,gh,2600.0,20
727aeab3-4e37-4074-aa8a-edb9ed62fd8f,2f3e84e4-20e5-4f77-b49b-fa897c043cca,15,4.0,5441.459999999999,108ssdya,gh,3800.0,10
727aeab3-4e37-4074-aa8a-edb9ed62fd8f,0ab415f9-45fc-4008-bf72-fc8e5659f749,15,1.0,5439.57,sgu796fi,gh,2600.0,20
727aeab3-4e37-4074-aa8a-edb9ed62fd8f,53588079-a1a1-4d7a-af7c-dd507879bce6,15,6.0,5316.45,w7s9esrf,gh,3800.0,10
55ae4144-efe9-4ac1-adff-7ef37ab172bb,d6862b7b-7161-4fe7-8fff-046502ffe0d0,15,2.0,4555.4,5ldlcszn,ghp,2600.0,20
55ae4144-efe9-4ac1-adff-7ef37ab172bb,2f616cb5-5071-4415-af19-6d9bbb148833,15,3.0,5111.85,q5e90cmj,ghp,3800.0,10
55ae4144-efe9-4ac1-adff-7ef37ab172bb,f5671481-30e4-4d1e-8b35-4a84487f96c6,15,1.0,4687.360000000001,zp1owmpd,ghp,2600.0,20
55ae4144-efe9-4ac1-adff-7ef37ab172bb,3a9837d0-9ef3-4d69-b6d3-62f1f33890c4,15,11.0,4757.040000000001,yq2xbma3,ghp,3800.0,10
55ae4144-efe9-4ac1-adff-7ef37ab172bb,b99e3581-184c-4ce1-9b22-06b28d8b976f,15,0.0,4577.09,nmgjkj32,ghp,2600.0,20
55ae4144-efe9-4ac1-adff-7ef37ab172bb,4ec17b6f-b1d9-476d-b555-01d2e4bebfdc,15,73.0,4151.26,cjmxcmcd,ghp,3800.0,10
d21a648c-851e-4cfb-8dc1-9849fa4daf59,5f0959c2-868e-4bb9-8eed-bec8c1ea0c1f,15,22.0,4488.55,00g81xoq,ng,2600.0,20
d21a648c-851e-4cfb-8dc1-9849fa4daf59,e694494f-f5c8-44ed-b3dd-b7caf2e75610,15,0.0,5354.099999999999,3hlfki3e,ng,3800.0,10
d21a648c-851e-4cfb-8dc1-9849fa4daf59,44c67b71-4a40-4c54-947d-7421f7c709c3,15,44.0,4076.59,01xk5dk9,ng,2600.0,20
d21a648c-851e-4cfb-8dc1-9849fa4daf59,dd80ba3a-51be-4085-a971-2dec07a0ef5c,15,0.0,4632.24,etak4i29,ng,3800.0,10
d21a648c-851e-4cfb-8dc1-9849fa4daf59,75660e6e-5d41-41e7-bb0f-bcbfb5c59dc7,15,14.0,4136.26,mrocn3qi,ng,2600.0,20
d21a648c-851e-4cfb-8dc1-9849fa4daf59,69f58951-637f-47ad-855a-b0f42596df49,15,10.0,5152.26,a9rbe355,ng,3800.0,10
726a00be-8059-48c7-903b-975c7adfccb7,9e3c7e0a-49b7-49f1-beea-90effe021eef,15,3.0,5656.0599999999995,e70ixf6a,ghp,2600.0,20
726a00be-8059-48c7-903b-975c7adfccb7,76d88ecc-b4df-4f11-94ec-38c989704bc9,15,11.0,4747.23,yvu0j0px,ghp,3800.0,10
726a00be-8059-48c7-903b-975c7adfccb7,9e6ea900-19fd-4017-9e86-e96fd2e637d3,15,6.0,5199.209999999999,8m72ygxx,ghp,2600.0,20
726a00be-8059-48c7-903b-975c7adfccb7,3e8ab49b-5ceb-4a7d-aae8-7978cb5154ac,15,70.0,1786.95,3mu21szb,ghp,3800.0,10
726a00be-8059-48c7-903b-975c7adfccb7,21728adc-060d-4620-9c21-4d4d7868785c,15,0.0,5217.28,caoxz34q,ghp,2600.0,20
726a00be-8059-48c7-903b-975c7adfccb7,ad92abd6-eee0-4ce7-9755-3874924d9408,15,0.0,5233.27,rdnkoe93,ghp,3800.0,10
04d50e49-bd58-4a7b-bf5a-9059d667defe,fd6f0243-c268-493d-8fe7-9cb23481b679,15,10.0,5230.63,9d6cveb5,ng,2600.0,20
04d50e49-bd58-4a7b-bf5a-9059d667defe,ebf80dcb-d05c-4847-bbe2-4cf0abaa4a53,15,0.0,4279.700000000001,6swie1ys,ng,3800.0,10
04d50e49-bd58-4a7b-bf5a-9059d667defe,de522537-a379-48b3-bdb9-49868265d69c,15,9.0,4757.17,dltkzvxc,ng,2600.0,20
04d50e49-bd58-4a7b-bf5a-9059d667defe,b3a77048-d8f5-4519-be9d-f5f920cfc48b,15,40.0,5076.34,weju7mc9,ng,3800.0,10
04d50e49-bd58-4a7b-bf5a-9059d667defe,e33ef6f7-38a3-4f35-8ad1-a2468532fed0,15,31.0,3796.0600000000004,dq2m7s6u,ng,2600.0,20
04d50e49-bd58-4a7b-bf5a-9059d667defe,2ba9601c-7731-44bf-a0de-3ff552d0dbf9,15,0.0,4700.099999999999,dw5igqpq,ng,3800.0,10
80f251dc-c278-4363-81ce-f661c1e5cc3d,fb078881-d83e-4888-911e-2d4b82dbaa61,15,0.0,4746.900000000001,1j25lcg3,gh,2600.0,20
80f251dc-c278-4363-81ce-f661c1e5cc3d,4ae8c830-6dc1-4198-8db9-774decd70766,15,27.0,4329.75,icxcbb3j,gh,3800.0,10
80f251dc-c278-4363-81ce-f661c1e5cc3d,6f6e6218-4a12-4430-bc4f-865c400db2f9,15,31.0,4314.030000000001,2dz5zxb2,gh,2600.0,20
80f251dc-c278-4363-81ce-f661c1e5cc3d,adadd121-affd-4970-8d5f-8aed11d7e571,15,25.0,4590.999999999999,108ssdya,gh,3800.0,10
80f251dc-c278-4363-81ce-f661c1e5cc3d,7c5ca57a-2c67-408a-b3ef-eb0e68b694d8,15,3.0,4958.09,sgu796fi,gh,2600.0,20
80f251dc-c278-4363-81ce-f661c1e5cc3d,7644083b-39ed-473f-9a1e-a9c6badcf1e6,15,4.0,4900.23,w7s9esrf,gh,3800.0,10
