market_uuid,trading_day,quoted_spread,rel_quoted_spread,depth_best,pct_two_sided,rel_eff_spread,rv_mid,n_trades,treatment,repetition,gkey,sess,trader_day_directionality
17f3bde5-9e00-47d0-8909-b138b266b325,1,10.693600530677767,0.11301631707403138,3.216679666475517,0.9606558813903108,0.15384615384615385,0.3549156974913023,2,ng,1,2mz5up3e|6kvq85km|7dpcven3|keffe6of|quvmw080|zmzx9bpp,20260512,1.0
17f3bde5-9e00-47d0-8909-b138b266b325,2,2.7476342566056235,0.028947373079422575,3.1557263104085203,1.0,,0.37823352656514064,0,ng,1,2mz5up3e|6kvq85km|7dpcven3|keffe6of|quvmw080|zmzx9bpp,20260512,
17f3bde5-9e00-47d0-8909-b138b266b325,3,4.710189142736707,0.0497865436406357,3.443365452911204,1.0,0.04943163058346304,0.024446902023503112,3,ng,1,2mz5up3e|6kvq85km|7dpcven3|keffe6of|quvmw080|zmzx9bpp,20260512,1.0
17f3bde5-9e00-47d0-8909-b138b266b325,4,0.6456662796403522,0.007110990508499623,2.229245181346399,1.0,0.002770083102493075,0.39189126017559495,2,ng,1,2mz5up3e|6kvq85km|7dpcven3|keffe6of|quvmw080|zmzx9bpp,20260512,1.0
17f3bde5-9e00-47d0-8909-b138b266b325,5,4.355741078152913,0.05144606129139311,2.593907429339499,1.0,0.08390614672835427,0.263176678244464,5,ng,1,2mz5up3e|6kvq85km|7dpcven3|keffe6of|quvmw080|zmzx9bpp,20260512,1.0
17f3bde5-9e00-47d0-8909-b138b266b325,6,14.988498635955619,0.25628363753507777,2.4201484974490257,1.0,1.6592455163883735,0.4736791099883552,6,ng,1,2mz5up3e|6kvq85km|7dpcven3|keffe6of|quvmw080|zmzx9bpp,20260512,0.6666666666666666
17f3bde5-9e00-47d0-8909-b138b266b325,7,24.71265158476442,0.39440450575592273,2.0635300267081806,1.0,0.23583224998796284,0.5057749898719839,7,ng,1,2mz5up3e|6kvq85km|7dpcven3|keffe6of|quvmw080|zmzx9bpp,20260512,1.0
17f3bde5-9e00-47d0-8909-b138b266b325,8,11.945809596470596,0.18395363257638941,2.867337458899459,1.0,0.772021672021672,0.2563527234471861,6,ng,1,2mz5up3e|6kvq85km|7dpcven3|keffe6of|quvmw080|zmzx9bpp,20260512,0.8
17f3bde5-9e00-47d0-8909-b138b266b325,9,5.852770931844926,0.10451749816713872,2.406920773390709,1.0,0.5737179487179487,0.27702930333284065,4,ng,1,2mz5up3e|6kvq85km|7dpcven3|keffe6of|quvmw080|zmzx9bpp,20260512,1.0
17f3bde5-9e00-47d0-8909-b138b266b325,10,4.494895701027891,0.09381509025631346,3.424699203659391,1.0,0.06736842105263158,0.09975599125187294,5,ng,1,2mz5up3e|6kvq85km|7dpcven3|keffe6of|quvmw080|zmzx9bpp,20260512,0.375
17f3bde5-9e00-47d0-8909-b138b266b325,11,13.735470915746802,0.3286343672125859,3.417348043808037,1.0,1.282079646017699,0.4867524098892465,10,ng,1,2mz5up3e|6kvq85km|7dpcven3|keffe6of|quvmw080|zmzx9bpp,20260512,0.7222222222222222
17f3bde5-9e00-47d0-8909-b138b266b325,12,12.059665370801817,0.36055351450937284,2.709893510788301,1.0,2.791666666666667,0.9690585390306344,7,ng,1,2mz5up3e|6kvq85km|7dpcven3|keffe6of|quvmw080|zmzx9bpp,20260512,0.8333333333333334
17f3bde5-9e00-47d0-8909-b138b266b325,13,8.330403473852423,0.31923484217489695,2.6381406465340906,1.0,2.59375,1.035348386682257,8,ng,1,2mz5up3e|6kvq85km|7dpcven3|keffe6of|quvmw080|zmzx9bpp,20260512,0.6666666666666666
17f3bde5-9e00-47d0-8909-b138b266b325,14,6.641330960622445,0.43893329187084823,4.260486869789432,1.0,0.6190476190476192,0.6142264201239789,7,ng,1,2mz5up3e|6kvq85km|7dpcven3|keffe6of|quvmw080|zmzx9bpp,20260512,0.75
17f3bde5-9e00-47d0-8909-b138b266b325,15,3.404889899243674,0.38213952638305615,2.9291458701106787,1.0,0.23569023569023564,0.3322093581982787,11,ng,1,2mz5up3e|6kvq85km|7dpcven3|keffe6of|quvmw080|zmzx9bpp,20260512,0.7666666666666666
520e90a9-5e9e-4bfa-8244-34e70674e93f,1,4.1692633725117885,0.03897631256248997,2.169829385618012,0.9720355312061997,0.08695652173913043,0.2878133693645137,2,ghp,2,hk3teh8u|kmcc2p31|qhz5zte3|snooaw5j|twrkr7hz|viseix7p,20260512,1.0
520e90a9-5e9e-4bfa-8244-34e70674e93f,2,10.126857818831521,0.09811248253577967,2.0720875330594954,0.8717329222124726,0.08063052500243549,0.2140904983026955,6,ghp,2,hk3teh8u|kmcc2p31|qhz5zte3|snooaw5j|twrkr7hz|viseix7p,20260512,0.7777777777777777
520e90a9-5e9e-4bfa-8244-34e70674e93f,3,5.602026441580414,0.06021301825780715,2.0929515185346146,0.35982230150850136,0.20378312692380804,0.24358618042425292,10,ghp,2,hk3teh8u|kmcc2p31|qhz5zte3|snooaw5j|twrkr7hz|viseix7p,20260512,0.6900000000000001
520e90a9-5e9e-4bfa-8244-34e70674e93f,4,4.9122154083351575,0.05698493497395898,2.0,0.9869392426396463,0.09504078897802151,0.07665686482366163,5,ghp,2,hk3teh8u|kmcc2p31|qhz5zte3|snooaw5j|twrkr7hz|viseix7p,20260512,0.7333333333333333
520e90a9-5e9e-4bfa-8244-34e70674e93f,5,2.203416811789607,0.026249772323507427,2.234010922575243,0.9790172730651416,0.13338504452632047,0.08859940699959272,7,ghp,2,hk3teh8u|kmcc2p31|qhz5zte3|snooaw5j|twrkr7hz|viseix7p,20260512,0.8857142857142858
520e90a9-5e9e-4bfa-8244-34e70674e93f,6,3.5792136605237834,0.04891265974674628,2.6808885082964307,1.0,0.2535863328116849,0.10333530583138248,9,ghp,2,hk3teh8u|kmcc2p31|qhz5zte3|snooaw5j|twrkr7hz|viseix7p,20260512,0.6
520e90a9-5e9e-4bfa-8244-34e70674e93f,7,6.040133243896236,0.09127770191570506,2.493537628215481,1.0,0.26855417203873067,0.18328560356121318,6,ghp,2,hk3teh8u|kmcc2p31|qhz5zte3|snooaw5j|twrkr7hz|viseix7p,20260512,0.9
520e90a9-5e9e-4bfa-8244-34e70674e93f,8,3.322545879994638,0.0526069955335334,2.162932445884172,1.0,0.538023592569047,0.14121512440731043,11,ghp,2,hk3teh8u|kmcc2p31|qhz5zte3|snooaw5j|twrkr7hz|viseix7p,20260512,0.9
520e90a9-5e9e-4bfa-8244-34e70674e93f,9,2.6808790406909035,0.04656353401266917,2.0239384834545535,0.87022605709968,1.1850796293924255,0.3988807122189542,6,ghp,2,hk3teh8u|kmcc2p31|qhz5zte3|snooaw5j|twrkr7hz|viseix7p,20260512,0.8400000000000001
520e90a9-5e9e-4bfa-8244-34e70674e93f,10,5.591121825489967,0.12810452536235836,2.2307188090849426,0.9553159056455243,0.7459207459207459,0.3878605692520034,11,ghp,2,hk3teh8u|kmcc2p31|qhz5zte3|snooaw5j|twrkr7hz|viseix7p,20260512,0.7916666666666666
520e90a9-5e9e-4bfa-8244-34e70674e93f,11,7.112183979404884,0.19340310433421404,2.164660726289601,0.9700956531939577,0.8065573770491804,0.29312360084797046,5,ghp,2,hk3teh8u|kmcc2p31|qhz5zte3|snooaw5j|twrkr7hz|viseix7p,20260512,0.8666666666666666
520e90a9-5e9e-4bfa-8244-34e70674e93f,12,3.110306873208709,0.12384070256401189,2.0933325548148938,0.9090556217390285,1.5158974358974358,0.3254211032925907,5,ghp,2,hk3teh8u|kmcc2p31|qhz5zte3|snooaw5j|twrkr7hz|viseix7p,20260512,0.9333333333333332
520e90a9-5e9e-4bfa-8244-34e70674e93f,13,2.3738598350142928,0.10729780802774966,2.0356812354726195,0.9461026000611261,0.9422482685135851,0.34419106993383497,10,ghp,2,hk3teh8u|kmcc2p31|qhz5zte3|snooaw5j|twrkr7hz|viseix7p,20260512,0.6
520e90a9-5e9e-4bfa-8244-34e70674e93f,14,1.0053386996063134,0.05181772732716274,2.158205782255391,0.9629755741304586,0.08564198188598801,0.09060443299968717,8,ghp,2,hk3teh8u|kmcc2p31|qhz5zte3|snooaw5j|twrkr7hz|viseix7p,20260512,0.8690476190476191
520e90a9-5e9e-4bfa-8244-34e70674e93f,15,0.6143716626397153,0.03294879245706374,2.0808351084758754,1.0,0.04699453551912573,0.0468896313417356,5,ghp,2,hk3teh8u|kmcc2p31|qhz5zte3|snooaw5j|twrkr7hz|viseix7p,20260512,0.875
5273b4e4-2b4f-47fa-834f-bd0d84d237b0,1,6.552158422229301,0.057423978602769855,2.8834036814011146,0.9934634662839767,0.030201839682951048,0.07102701536593486,3,ng,2,2mz5up3e|6kvq85km|7dpcven3|keffe6of|quvmw080|zmzx9bpp,20260512,1.0
5273b4e4-2b4f-47fa-834f-bd0d84d237b0,2,7.467980322298594,0.085145961631752,2.677033519989853,1.0,0.069272894394046,0.5145402453062254,5,ng,2,2mz5up3e|6kvq85km|7dpcven3|keffe6of|quvmw080|zmzx9bpp,20260512,0.6
5273b4e4-2b4f-47fa-834f-bd0d84d237b0,3,9.00499650442148,0.10515991900448375,2.0559506456703605,1.0,0.03606305343391772,0.5051277677595742,6,ng,2,2mz5up3e|6kvq85km|7dpcven3|keffe6of|quvmw080|zmzx9bpp,20260512,1.0
5273b4e4-2b4f-47fa-834f-bd0d84d237b0,4,19.025007639304626,0.22940190225685003,2.8760435355833973,1.0,0.3698478460413523,0.6136255458160145,10,ng,2,2mz5up3e|6kvq85km|7dpcven3|keffe6of|quvmw080|zmzx9bpp,20260512,0.9
5273b4e4-2b4f-47fa-834f-bd0d84d237b0,5,9.49729278196266,0.12430969755932526,2.2123713945761323,1.0,0.391232412542521,0.4272913907677946,2,ng,2,2mz5up3e|6kvq85km|7dpcven3|keffe6of|quvmw080|zmzx9bpp,20260512,1.0
5273b4e4-2b4f-47fa-834f-bd0d84d237b0,6,8.057802217588424,0.1091923689863854,2.132137209290237,1.0,,0.359203042832836,0,ng,2,2mz5up3e|6kvq85km|7dpcven3|keffe6of|quvmw080|zmzx9bpp,20260512,
5273b4e4-2b4f-47fa-834f-bd0d84d237b0,7,9.279575108841838,0.13897269465852405,4.869360534832935,1.0,0.14615384615384616,0.2309679570553628,2,ng,2,2mz5up3e|6kvq85km|7dpcven3|keffe6of|quvmw080|zmzx9bpp,20260512,1.0
5273b4e4-2b4f-47fa-834f-bd0d84d237b0,8,5.0955891943557035,0.09425332395002911,3.2423884528799682,1.0,0.18638071269650217,0.3930015979803805,3,ng,2,2mz5up3e|6kvq85km|7dpcven3|keffe6of|quvmw080|zmzx9bpp,20260512,1.0
5273b4e4-2b4f-47fa-834f-bd0d84d237b0,9,6.675572241691406,0.13626995731826164,2.851371356643165,1.0,0.311824505082932,0.39313996589729755,5,ng,2,2mz5up3e|6kvq85km|7dpcven3|keffe6of|quvmw080|zmzx9bpp,20260512,0.75
5273b4e4-2b4f-47fa-834f-bd0d84d237b0,10,2.5613018369957925,0.07419217847798933,2.688852826700257,1.0,0.46789141042014604,0.5607013399249359,8,ng,2,2mz5up3e|6kvq85km|7dpcven3|keffe6of|quvmw080|zmzx9bpp,20260512,0.8
5273b4e4-2b4f-47fa-834f-bd0d84d237b0,11,2.8094918857694804,0.08146503807170231,2.1456731497649173,1.0,1.1329593346533287,0.23794184100176527,12,ng,2,2mz5up3e|6kvq85km|7dpcven3|keffe6of|quvmw080|zmzx9bpp,20260512,0.5900000000000001
5273b4e4-2b4f-47fa-834f-bd0d84d237b0,12,3.790506704243571,0.13501653521703744,2.3935223746908165,1.0,0.8977777777777778,0.15141641525414545,5,ng,2,2mz5up3e|6kvq85km|7dpcven3|keffe6of|quvmw080|zmzx9bpp,20260512,0.8
5273b4e4-2b4f-47fa-834f-bd0d84d237b0,13,2.3532232851977373,0.10577211496453331,4.356432286978852,1.0,0.19323467230443975,0.16768640833991572,5,ng,2,2mz5up3e|6kvq85km|7dpcven3|keffe6of|quvmw080|zmzx9bpp,20260512,1.0
5273b4e4-2b4f-47fa-834f-bd0d84d237b0,14,1.8454979321667266,0.08460693811575017,3.81199215040734,1.0,0.09951845906902086,0.0498905189617145,7,ng,2,2mz5up3e|6kvq85km|7dpcven3|keffe6of|quvmw080|zmzx9bpp,20260512,0.9166666666666666
5273b4e4-2b4f-47fa-834f-bd0d84d237b0,15,1.1967726561441476,0.05409726681736296,3.2189817230636164,1.0,0.09090909090909091,0.011299555253933224,1,ng,2,2mz5up3e|6kvq85km|7dpcven3|keffe6of|quvmw080|zmzx9bpp,20260512,1.0
a5f35780-eeec-48f3-bd11-2a02633bc450,1,13.083422514250666,0.1468525185495074,2.0,0.3979312043330686,0.15053763440860216,0.2716980826921675,1,ghp,1,hk3teh8u|kmcc2p31|qhz5zte3|snooaw5j|twrkr7hz|viseix7p,20260512,1.0
a5f35780-eeec-48f3-bd11-2a02633bc450,2,5.8247586572942955,0.07203516238948375,2.0,1.0,0.05027266329461058,0.23531549791567657,3,ghp,1,hk3teh8u|kmcc2p31|qhz5zte3|snooaw5j|twrkr7hz|viseix7p,20260512,0.8
a5f35780-eeec-48f3-bd11-2a02633bc450,3,10.646295171171511,0.13312601398278848,2.0199442046126674,0.8863401775531053,0.13212200560856632,0.10112985851611729,6,ghp,1,hk3teh8u|kmcc2p31|qhz5zte3|snooaw5j|twrkr7hz|viseix7p,20260512,0.6
a5f35780-eeec-48f3-bd11-2a02633bc450,4,7.795274027898457,0.10823870695644403,2.0555174442970263,1.0,0.08816183816183816,0.2138146781805569,4,ghp,1,hk3teh8u|kmcc2p31|qhz5zte3|snooaw5j|twrkr7hz|viseix7p,20260512,1.0
a5f35780-eeec-48f3-bd11-2a02633bc450,5,2.902330674820444,0.042266533613874585,2.1361757917804964,1.0,0.1209280311530875,0.0699695925677119,5,ghp,1,hk3teh8u|kmcc2p31|qhz5zte3|snooaw5j|twrkr7hz|viseix7p,20260512,1.0
a5f35780-eeec-48f3-bd11-2a02633bc450,6,1.788009451203381,0.027899766526643208,2.0984718877153488,1.0,0.04419316336301218,0.17742738871155286,5,ghp,1,hk3teh8u|kmcc2p31|qhz5zte3|snooaw5j|twrkr7hz|viseix7p,20260512,1.0
a5f35780-eeec-48f3-bd11-2a02633bc450,7,3.1893063535124258,0.0549907630547762,2.09724326306728,0.8206243115214426,0.53097408228153,0.16492217832149236,6,ghp,1,hk3teh8u|kmcc2p31|qhz5zte3|snooaw5j|twrkr7hz|viseix7p,20260512,0.7866666666666667
a5f35780-eeec-48f3-bd11-2a02633bc450,8,6.515058110037469,0.13031489683286804,2.036798243733987,0.9796271818083048,0.43923022095509623,0.24933804937920545,3,ghp,1,hk3teh8u|kmcc2p31|qhz5zte3|snooaw5j|twrkr7hz|viseix7p,20260512,1.0
a5f35780-eeec-48f3-bd11-2a02633bc450,9,4.021103249429234,0.08529708337104669,2.0433650541004753,0.3210931956971923,0.028985507246376812,0.7705738854865414,6,ghp,1,hk3teh8u|kmcc2p31|qhz5zte3|snooaw5j|twrkr7hz|viseix7p,20260512,1.0
a5f35780-eeec-48f3-bd11-2a02633bc450,10,1.4973101848571644,0.037406004862155985,2.1920809194445146,0.8159109370004628,0.3551613511983392,0.5564507103672626,7,ghp,1,hk3teh8u|kmcc2p31|qhz5zte3|snooaw5j|twrkr7hz|viseix7p,20260512,0.8333333333333333
a5f35780-eeec-48f3-bd11-2a02633bc450,11,1.750959763076051,0.04531791564033478,2.371567712843873,0.21816090897800566,1.2988926553672318,0.532196706287083,5,ghp,1,hk3teh8u|kmcc2p31|qhz5zte3|snooaw5j|twrkr7hz|viseix7p,20260512,0.8666666666666666
a5f35780-eeec-48f3-bd11-2a02633bc450,12,9.08106879960673,0.32591438616096635,2.692346194513695,0.8901913737951669,1.2098134423715818,0.336806481215127,10,ghp,1,hk3teh8u|kmcc2p31|qhz5zte3|snooaw5j|twrkr7hz|viseix7p,20260512,0.6388888888888888
a5f35780-eeec-48f3-bd11-2a02633bc450,13,5.403388411048668,0.24420126814604864,2.0517037190264,0.8863681528903322,2.098372513562387,0.4824566514238903,3,ghp,1,hk3teh8u|kmcc2p31|qhz5zte3|snooaw5j|twrkr7hz|viseix7p,20260512,1.0
a5f35780-eeec-48f3-bd11-2a02633bc450,14,6.011517730691936,0.3658263713795996,2.0231842677101173,0.8647004638473583,1.0354947042107985,0.33879691931921474,7,ghp,1,hk3teh8u|kmcc2p31|qhz5zte3|snooaw5j|twrkr7hz|viseix7p,20260512,1.0
a5f35780-eeec-48f3-bd11-2a02633bc450,15,8.665472955954824,0.8618380034418173,2.701928906342528,0.959198619080088,1.0585106382978722,1.2396066903326532,8,ghp,1,hk3teh8u|kmcc2p31|qhz5zte3|snooaw5j|twrkr7hz|viseix7p,20260512,0.8333333333333334
17f3bde5-9e00-47d0-8909-b138b266b325,1,10.693600530677767,0.11301631707403138,3.216679666475517,0.9606558813903108,0.15384615384615385,0.3549156974913023,2,ng,1,2mz5up3e|6kvq85km|7dpcven3|keffe6of|quvmw080|zmzx9bpp,20260512,1.0
17f3bde5-9e00-47d0-8909-b138b266b325,2,2.7476342566056235,0.028947373079422575,3.1557263104085203,1.0,,0.37823352656514064,0,ng,1,2mz5up3e|6kvq85km|7dpcven3|keffe6of|quvmw080|zmzx9bpp,20260512,
17f3bde5-9e00-47d0-8909-b138b266b325,3,4.710189142736707,0.0497865436406357,3.443365452911204,1.0,0.04943163058346304,0.024446902023503112,3,ng,1,2mz5up3e|6kvq85km|7dpcven3|keffe6of|quvmw080|zmzx9bpp,20260512,1.0
17f3bde5-9e00-47d0-8909-b138b266b325,4,0.6456662796403522,0.007110990508499623,2.229245181346399,1.0,0.002770083102493075,0.39189126017559495,2,ng,1,2mz5up3e|6kvq85km|7dpcven3|keffe6of|quvmw080|zmzx9bpp,20260512,1.0
17f3bde5-9e00-47d0-8909-b138b266b325,5,4.355741078152913,0.05144606129139311,2.593907429339499,1.0,0.08390614672835427,0.263176678244464,5,ng,1,2mz5up3e|6kvq85km|7dpcven3|keffe6of|quvmw080|zmzx9bpp,20260512,1.0
17f3bde5-9e00-47d0-8909-b138b266b325,6,14.988498635955619,0.25628363753507777,2.4201484974490257,1.0,1.6592455163883735,0.4736791099883552,6,ng,1,2mz5up3e|6kvq85km|7dpcven3|keffe6of|quvmw080|zmzx9bpp,20260512,0.6666666666666666
17f3bde5-9e00-47d0-8909-b138b266b325,7,24.71265158476442,0.39440450575592273,2.0635300267081806,1.0,0.23583224998796284,0.5057749898719839,7,ng,1,2mz5up3e|6kvq85km|7dpcven3|keffe6of|quvmw080|zmzx9bpp,20260512,1.0
17f3bde5-9e00-47d0-8909-b138b266b325,8,11.945809596470596,0.18395363257638941,2.867337458899459,1.0,0.772021672021672,0.2563527234471861,6,ng,1,2mz5up3e|6kvq85km|7dpcven3|keffe6of|quvmw080|zmzx9bpp,20260512,0.8
17f3bde5-9e00-47d0-8909-b138b266b325,9,5.852770931844926,0.10451749816713872,2.406920773390709,1.0,0.5737179487179487,0.27702930333284065,4,ng,1,2mz5up3e|6kvq85km|7dpcven3|keffe6of|quvmw080|zmzx9bpp,20260512,1.0
17f3bde5-9e00-47d0-8909-b138b266b325,10,4.494895701027891,0.09381509025631346,3.424699203659391,1.0,0.06736842105263158,0.09975599125187294,5,ng,1,2mz5up3e|6kvq85km|7dpcven3|keffe6of|quvmw080|zmzx9bpp,20260512,0.375
17f3bde5-9e00-47d0-8909-b138b266b325,11,13.735470915746802,0.3286343672125859,3.417348043808037,1.0,1.282079646017699,0.4867524098892465,10,ng,1,2mz5up3e|6kvq85km|7dpcven3|keffe6of|quvmw080|zmzx9bpp,20260512,0.7222222222222222
17f3bde5-9e00-47d0-8909-b138b266b325,12,12.059665370801817,0.36055351450937284,2.709893510788301,1.0,2.791666666666667,0.9690585390306344,7,ng,1,2mz5up3e|6kvq85km|7dpcven3|keffe6of|quvmw080|zmzx9bpp,20260512,0.8333333333333334
17f3bde5-9e00-47d0-8909-b138b266b325,13,8.330403473852423,0.31923484217489695,2.6381406465340906,1.0,2.59375,1.035348386682257,8,ng,1,2mz5up3e|6kvq85km|7dpcven3|keffe6of|quvmw080|zmzx9bpp,20260512,0.6666666666666666
17f3bde5-9e00-47d0-8909-b138b266b325,14,6.641330960622445,0.43893329187084823,4.260486869789432,1.0,0.6190476190476192,0.6142264201239789,7,ng,1,2mz5up3e|6kvq85km|7dpcven3|keffe6of|quvmw080|zmzx9bpp,20260512,0.75
17f3bde5-9e00-47d0-8909-b138b266b325,15,3.404889899243674,0.38213952638305615,2.9291458701106787,1.0,0.23569023569023564,0.3322093581982787,11,ng,1,2mz5up3e|6kvq85km|7dpcven3|keffe6of|quvmw080|zmzx9bpp,20260512,0.7666666666666666
520e90a9-5e9e-4bfa-8244-34e70674e93f,1,4.1692633725117885,0.03897631256248997,2.169829385618012,0.9720355312061997,0.08695652173913043,0.2878133693645137,2,ghp,2,hk3teh8u|kmcc2p31|qhz5zte3|snooaw5j|twrkr7hz|viseix7p,20260512,1.0
520e90a9-5e9e-4bfa-8244-34e70674e93f,2,10.126857818831521,0.09811248253577967,2.0720875330594954,0.8717329222124726,0.08063052500243549,0.2140904983026955,6,ghp,2,hk3teh8u|kmcc2p31|qhz5zte3|snooaw5j|twrkr7hz|viseix7p,20260512,0.7777777777777777
520e90a9-5e9e-4bfa-8244-34e70674e93f,3,5.602026441580414,0.06021301825780715,2.0929515185346146,0.35982230150850136,0.20378312692380804,0.24358618042425292,10,ghp,2,hk3teh8u|kmcc2p31|qhz5zte3|snooaw5j|twrkr7hz|viseix7p,20260512,0.6900000000000001
520e90a9-5e9e-4bfa-8244-34e70674e93f,4,4.9122154083351575,0.05698493497395898,2.0,0.9869392426396463,0.09504078897802151,0.07665686482366163,5,ghp,2,hk3teh8u|kmcc2p31|qhz5zte3|snooaw5j|twrkr7hz|viseix7p,20260512,0.7333333333333333
520e90a9-5e9e-4bfa-8244-34e70674e93f,5,2.203416811789607,0.026249772323507427,2.234010922575243,0.9790172730651416,0.13338504452632047,0.08859940699959272,7,ghp,2,hk3teh8u|kmcc2p31|qhz5zte3|snooaw5j|twrkr7hz|viseix7p,20260512,0.8857142857142858
520e90a9-5e9e-4bfa-8244-34e70674e93f,6,3.5792136605237834,0.04891265974674628,2.6808885082964307,1.0,0.2535863328116849,0.10333530583138248,9,ghp,2,hk3teh8u|kmcc2p31|qhz5zte3|snooaw5j|twrkr7hz|viseix7p,20260512,0.6
520e90a9-5e9e-4bfa-8244-34e70674e93f,7,6.040133243896236,0.09127770191570506,2.493537628215481,1.0,0.26855417203873067,0.18328560356121318,6,ghp,2,hk3teh8u|kmcc2p31|qhz5zte3|snooaw5j|twrkr7hz|viseix7p,20260512,0.9
520e90a9-5e9e-4bfa-8244-34e70674e93f,8,3.322545879994638,0.0526069955335334,2.162932445884172,1.0,0.538023592569047,0.14121512440731043,11,ghp,2,hk3teh8u|kmcc2p31|qhz5zte3|snooaw5j|twrkr7hz|viseix7p,20260512,0.9
520e90a9-5e9e-4bfa-8244-34e70674e93f,9,2.6808790406909035,0.04656353401266917,2.0239384834545535,0.87022605709968,1.1850796293924255,0.3988807122189542,6,ghp,2,hk3teh8u|kmcc2p31|qhz5zte3|snooaw5j|twrkr7hz|viseix7p,20260512,0.8400000000000001
520e90a9-5e9e-4bfa-8244-34e70674e93f,10,5.591121825489967,0.12810452536235836,2.2307188090849426,0.9553159056455243,0.7459207459207459,0.3878605692520034,11,ghp,2,hk3teh8u|kmcc2p31|qhz5zte3|snooaw5j|twrkr7hz|viseix7p,20260512,0.7916666666666666
520e90a9-5e9e-4bfa-8244-34e70674e93f,11,7.112183979404884,0.19340310433421404,2.164660726289601,0.9700956531939577,0.8065573770491804,0.29312360084797046,5,ghp,2,hk3teh8u|kmcc2p31|qhz5zte3|snooaw5j|twrkr7hz|viseix7p,20260512,0.8666666666666666
520e90a9-5e9e-4bfa-8244-34e70674e93f,12,3.110306873208709,0.12384070256401189,2.0933325548148938,0.9090556217390285,1.5158974358974358,0.3254211032925907,5,ghp,2,hk3teh8u|kmcc2p31|qhz5zte3|snooaw5j|twrkr7hz|viseix7p,20260512,0.9333333333333332
520e90a9-5e9e-4bfa-8244-34e70674e93f,13,2.3738598350142928,0.10729780802774966,2.0356812354726195,0.9461026000611261,0.9422482685135851,0.34419106993383497,10,ghp,2,hk3teh8u|kmcc2p31|qhz5zte3|snooaw5j|twrkr7hz|viseix7p,20260512,0.6
520e90a9-5e9e-4bfa-8244-34e70674e93f,14,1.0053386996063134,0.05181772732716274,2.158205782255391,0.9629755741304586,0.08564198188598801,0.09060443299968717,8,ghp,2,hk3teh8u|kmcc2p31|qhz5zte3|snooaw5j|twrkr7hz|viseix7p,20260512,0.8690476190476191
520e90a9-5e9e-4bfa-8244-34e70674e93f,15,0.6143716626397153,0.03294879245706374,2.0808351084758754,1.0,0.04699453551912573,0.0468896313417356,5,ghp,2,hk3teh8u|kmcc2p31|qhz5zte3|snooaw5j|twrkr7hz|viseix7p,20260512,0.875
5273b4e4-2b4f-47fa-834f-bd0d84d237b0,1,6.552158422229301,0.057423978602769855,2.8834036814011146,0.9934634662839767,0.030201839682951048,0.07102701536593486,3,ng,2,2mz5up3e|6kvq85km|7dpcven3|keffe6of|quvmw080|zmzx9bpp,20260512,1.0
5273b4e4-2b4f-47fa-834f-bd0d84d237b0,2,7.467980322298594,0.085145961631752,2.677033519989853,1.0,0.069272894394046,0.5145402453062254,5,ng,2,2mz5up3e|6kvq85km|7dpcven3|keffe6of|quvmw080|zmzx9bpp,20260512,0.6
5273b4e4-2b4f-47fa-834f-bd0d84d237b0,3,9.00499650442148,0.10515991900448375,2.0559506456703605,1.0,0.03606305343391772,0.5051277677595742,6,ng,2,2mz5up3e|6kvq85km|7dpcven3|keffe6of|quvmw080|zmzx9bpp,20260512,1.0
5273b4e4-2b4f-47fa-834f-bd0d84d237b0,4,19.025007639304626,0.22940190225685003,2.8760435355833973,1.0,0.3698478460413523,0.6136255458160145,10,ng,2,2mz5up3e|6kvq85km|7dpcven3|keffe6of|quvmw080|zmzx9bpp,20260512,0.9
5273b4e4-2b4f-47fa-834f-bd0d84d237b0,5,9.49729278196266,0.12430969755932526,2.2123713945761323,1.0,0.391232412542521,0.4272913907677946,2,ng,2,2mz5up3e|6kvq85km|7dpcven3|keffe6of|quvmw080|zmzx9bpp,20260512,1.0
5273b4e4-2b4f-47fa-834f-bd0d84d237b0,6,8.057802217588424,0.1091923689863854,2.132137209290237,1.0,,0.359203042832836,0,ng,2,2mz5up3e|6kvq85km|7dpcven3|keffe6of|quvmw080|zmzx9bpp,20260512,
5273b4e4-2b4f-47fa-834f-bd0d84d237b0,7,9.279575108841838,0.13897269465852405,4.869360534832935,1.0,0.14615384615384616,0.2309679570553628,2,ng,2,2mz5up3e|6kvq85km|7dpcven3|keffe6of|quvmw080|zmzx9bpp,20260512,1.0
5273b4e4-2b4f-47fa-834f-bd0d84d237b0,8,5.0955891943557035,0.09425332395002911,3.2423884528799682,1.0,0.18638071269650217,0.3930015979803805,3,ng,2,2mz5up3e|6kvq85km|7dpcven3|keffe6of|quvmw080|zmzx9bpp,20260512,1.0
5273b4e4-2b4f-47fa-834f-bd0d84d237b0,9,6.675572241691406,0.13626995731826164,2.851371356643165,1.0,0.311824505082932,0.39313996589729755,5,ng,2,2mz5up3e|6kvq85km|7dpcven3|keffe6of|quvmw080|zmzx9bpp,20260512,0.75
5273b4e4-2b4f-47fa-834f-bd0d84d237b0,10,2.5613018369957925,0.07419217847798933,2.688852826700257,1.0,0.46789141042014604,0.5607013399249359,8,ng,2,2mz5up3e|6kvq85km|7dpcven3|keffe6of|quvmw080|zmzx9bpp,20260512,0.8
5273b4e4-2b4f-47fa-834f-bd0d84d237b0,11,2.8094918857694804,0.08146503807170231,2.1456731497649173,1.0,1.1329593346533287,0.23794184100176527,12,ng,2,2mz5up3e|6kvq85km|7dpcven3|keffe6of|quvmw080|zmzx9bpp,20260512,0.5900000000000001
5273b4e4-2b4f-47fa-834f-bd0d84d237b0,12,3.790506704243571,0.13501653521703744,2.3935223746908165,1.0,0.8977777777777778,0.15141641525414545,5,ng,2,2mz5up3e|6kvq85km|7dpcven3|keffe6of|quvmw080|zmzx9bpp,20260512,0.8
5273b4e4-2b4f-47fa-834f-bd0d84d237b0,13,2.3532232851977373,0.10577211496453331,4.356432286978852,1.0,0.19323467230443975,0.16768640833991572,5,ng,2,2mz5up3e|6kvq85km|7dpcven3|keffe6of|quvmw080|zmzx9bpp,20260512,1.0
5273b4e4-2b4f-47fa-834f-bd0d84d237b0,14,1.8454979321667266,0.08460693811575017,3.81199215040734,1.0,0.09951845906902086,0.0498905189617145,7,ng,2,2mz5up3e|6kvq85km|7dpcven3|keffe6of|quvmw080|zmzx9bpp,20260512,0.9166666666666666
5273b4e4-2b4f-47fa-834f-bd0d84d237b0,15,1.1967726561441476,0.05409726681736296,3.2189817230636164,1.0,0.09090909090909091,0.011299555253933224,1,ng,2,2mz5up3e|6kvq85km|7dpcven3|keffe6of|quvmw080|zmzx9bpp,20260512,1.0
98308155-5ef4-4781-92b2-15de5ba68a70,1,20.265527510557252,0.2614269696605486,2.3348142534878735,0.8395306547574636,0.6124542124542124,0.3207955892089556,6,gp,1,9uh6p1vm|ai0il249|bs9r1rdm|kb2z64e8|pqnknbrr|whc9aveo,20260520_AM,0.7333333333333333
98308155-5ef4-4781-92b2-15de5ba68a70,2,20.83034649358605,0.27627736182438434,2.0407547666528183,1.0,0.4101837439367654,0.7406941847032178,8,gp,1,9uh6p1vm|ai0il249|bs9r1rdm|kb2z64e8|pqnknbrr|whc9aveo,20260520_AM,0.5066666666666666
98308155-5ef4-4781-92b2-15de5ba68a70,3,20.021562592819325,0.26124162415773744,2.0459047939601764,0.7918764308744811,0.37248000000000003,0.41016921401046974,10,gp,1,9uh6p1vm|ai0il249|bs9r1rdm|kb2z64e8|pqnknbrr|whc9aveo,20260520_AM,0.5972222222222222
98308155-5ef4-4781-92b2-15de5ba68a70,4,40.59058683808978,0.6043940484093271,7.150579712573087,1.0,0.34956962966898675,0.876993265953536,22,gp,1,9uh6p1vm|ai0il249|bs9r1rdm|kb2z64e8|pqnknbrr|whc9aveo,20260520_AM,0.3126984126984127
98308155-5ef4-4781-92b2-15de5ba68a70,5,20.216694888490842,0.29333591117725866,2.501395500508528,0.3838535822943718,0.5701153016465897,0.7929153859174337,14,gp,1,9uh6p1vm|ai0il249|bs9r1rdm|kb2z64e8|pqnknbrr|whc9aveo,20260520_AM,0.5555555555555556
98308155-5ef4-4781-92b2-15de5ba68a70,6,10.25166663325863,0.1629711175271196,2.0,0.7698134311643823,0.36398597311513736,0.6222568518223599,10,gp,1,9uh6p1vm|ai0il249|bs9r1rdm|kb2z64e8|pqnknbrr|whc9aveo,20260520_AM,0.5866666666666667
98308155-5ef4-4781-92b2-15de5ba68a70,7,18.752607915230023,0.3980226143444353,2.149219807229847,0.3209943416144787,1.066518614582318,1.2589346995630293,19,gp,1,9uh6p1vm|ai0il249|bs9r1rdm|kb2z64e8|pqnknbrr|whc9aveo,20260520_AM,0.42551892551892556
98308155-5ef4-4781-92b2-15de5ba68a70,8,5.204983747376334,0.1021416844204711,2.014143560348897,0.9868189194615834,0.709917685134556,0.37429159054302236,14,gp,1,9uh6p1vm|ai0il249|bs9r1rdm|kb2z64e8|pqnknbrr|whc9aveo,20260520_AM,0.7388888888888888
98308155-5ef4-4781-92b2-15de5ba68a70,9,12.598137031946493,0.2596222371390302,2.6869521883136613,0.9495291044887542,1.3983435910812378,0.5704829365450542,23,gp,1,9uh6p1vm|ai0il249|bs9r1rdm|kb2z64e8|pqnknbrr|whc9aveo,20260520_AM,0.3038655462184874
98308155-5ef4-4781-92b2-15de5ba68a70,10,11.538846799565677,0.22669310790962036,2.0713233524028736,1.0,1.0646183953033268,0.42052374029231665,14,gp,1,9uh6p1vm|ai0il249|bs9r1rdm|kb2z64e8|pqnknbrr|whc9aveo,20260520_AM,0.6388888888888888
98308155-5ef4-4781-92b2-15de5ba68a70,11,11.182280620709475,0.2567495634666667,2.2449319588165286,1.0,1.1096088845968128,0.4785636048921562,10,gp,1,9uh6p1vm|ai0il249|bs9r1rdm|kb2z64e8|pqnknbrr|whc9aveo,20260520_AM,0.10666666666666666
98308155-5ef4-4781-92b2-15de5ba68a70,12,5.6147271638658856,0.16456380883188734,2.635761917632414,1.0,0.3944359626802375,0.6840141101029098,9,gp,1,9uh6p1vm|ai0il249|bs9r1rdm|kb2z64e8|pqnknbrr|whc9aveo,20260520_AM,0.7222222222222222
98308155-5ef4-4781-92b2-15de5ba68a70,13,21.565131763685308,0.5131530668311508,2.1940744469419164,0.9242862905491129,0.7764656084656083,1.0816708245756765,21,gp,1,9uh6p1vm|ai0il249|bs9r1rdm|kb2z64e8|pqnknbrr|whc9aveo,20260520_AM,0.40003330003330007
98308155-5ef4-4781-92b2-15de5ba68a70,14,5.733145841910362,0.17381060535374662,2.0477874889141745,0.9759454149782811,0.7185882352941176,0.9172930266142973,14,gp,1,9uh6p1vm|ai0il249|bs9r1rdm|kb2z64e8|pqnknbrr|whc9aveo,20260520_AM,0.77
98308155-5ef4-4781-92b2-15de5ba68a70,15,4.640574805858176,0.17693670069919867,2.1281282097394714,0.6916105935191059,0.4136014109347443,0.2847753091653575,15,gp,1,9uh6p1vm|ai0il249|bs9r1rdm|kb2z64e8|pqnknbrr|whc9aveo,20260520_AM,0.8914285714285715
a05edde7-d925-45e5-bd12-37b4af942736,1,49.95756532974771,0.45913114077951117,2.4598399654772423,0.20104565669129507,0.2153846153846154,0.3127552391634521,6,gh,1,729v3r7i|aac2mc3k|e4rzuiqc|j6o1gu35|lh92b709|z9n52ebr,20260520_AM,0.4666666666666667
a05edde7-d925-45e5-bd12-37b4af942736,2,28.76943160630405,0.23089621031251562,2.0,0.9968073868127977,0.15044444444444446,0.1598107424440835,6,gh,1,729v3r7i|aac2mc3k|e4rzuiqc|j6o1gu35|lh92b709|z9n52ebr,20260520_AM,0.7000000000000001
a05edde7-d925-45e5-bd12-37b4af942736,3,20.127817278195415,0.1551922136132855,2.015317334218085,1.0,0.16043956043956045,0.250390462355391,7,gh,1,729v3r7i|aac2mc3k|e4rzuiqc|j6o1gu35|lh92b709|z9n52ebr,20260520_AM,0.6444444444444445
a05edde7-d925-45e5-bd12-37b4af942736,4,24.338178559939376,0.20588852473435956,2.0,1.0,0.3000411141946757,0.2157845360972991,9,gh,1,729v3r7i|aac2mc3k|e4rzuiqc|j6o1gu35|lh92b709|z9n52ebr,20260520_AM,0.5833333333333333
a05edde7-d925-45e5-bd12-37b4af942736,5,15.395138270951813,0.13026647088512536,2.0,1.0,0.19518697441402755,0.31979176915971774,7,gh,1,729v3r7i|aac2mc3k|e4rzuiqc|j6o1gu35|lh92b709|z9n52ebr,20260520_AM,0.5733333333333334
a05edde7-d925-45e5-bd12-37b4af942736,6,8.37387905690891,0.06728766084370767,2.0486193848180565,1.0,0.14935064935064934,0.28906185005451673,7,gh,1,729v3r7i|aac2mc3k|e4rzuiqc|j6o1gu35|lh92b709|z9n52ebr,20260520_AM,0.49523809523809526
a05edde7-d925-45e5-bd12-37b4af942736,7,20.25575611610843,0.16596496228355997,2.0492976720273637,1.0,0.13771173484987465,0.18048313456018766,6,gh,1,729v3r7i|aac2mc3k|e4rzuiqc|j6o1gu35|lh92b709|z9n52ebr,20260520_AM,0.6333333333333333
a05edde7-d925-45e5-bd12-37b4af942736,8,7.946121669997395,0.06451283116135371,2.0,1.0,0.14782608695652175,0.16543758043651965,6,gh,1,729v3r7i|aac2mc3k|e4rzuiqc|j6o1gu35|lh92b709|z9n52ebr,20260520_AM,0.7222222222222222
a05edde7-d925-45e5-bd12-37b4af942736,9,16.59500498097293,0.1393772046961185,2.8477783024871295,1.0,0.17239661185849528,0.12136401316629161,9,gh,1,729v3r7i|aac2mc3k|e4rzuiqc|j6o1gu35|lh92b709|z9n52ebr,20260520_AM,0.75
a05edde7-d925-45e5-bd12-37b4af942736,10,7.350696115909425,0.06278712625756368,2.030831063564251,1.0,0.3688663282571912,0.21801710481440395,9,gh,1,729v3r7i|aac2mc3k|e4rzuiqc|j6o1gu35|lh92b709|z9n52ebr,20260520_AM,0.5793650793650794
a05edde7-d925-45e5-bd12-37b4af942736,11,11.997449898197814,0.1071485898256157,2.386771025814783,1.0,1.823809523809524,0.5776716605394113,7,gh,1,729v3r7i|aac2mc3k|e4rzuiqc|j6o1gu35|lh92b709|z9n52ebr,20260520_AM,0.6666666666666666
a05edde7-d925-45e5-bd12-37b4af942736,12,16.631389979020838,0.1459642022900556,2.0426781305441764,1.0,10.399999999999999,1.8209778854525374,10,gh,1,729v3r7i|aac2mc3k|e4rzuiqc|j6o1gu35|lh92b709|z9n52ebr,20260520_AM,0.5888888888888889
a05edde7-d925-45e5-bd12-37b4af942736,13,9.655989438976825,0.08918524339437715,2.2053439559401697,1.0,0.23030303030303026,0.10763261573450407,6,gh,1,729v3r7i|aac2mc3k|e4rzuiqc|j6o1gu35|lh92b709|z9n52ebr,20260520_AM,0.6666666666666666
a05edde7-d925-45e5-bd12-37b4af942736,14,15.576970674385596,0.2369103341160824,2.100566513450668,1.0,8.55057915057915,1.1199892732448695,7,gh,1,729v3r7i|aac2mc3k|e4rzuiqc|j6o1gu35|lh92b709|z9n52ebr,20260520_AM,0.875
a05edde7-d925-45e5-bd12-37b4af942736,15,22.82633174465017,0.5195744677435336,2.3545572014300333,0.9048353394250909,4.939068100358423,1.4024765792289007,9,gh,1,729v3r7i|aac2mc3k|e4rzuiqc|j6o1gu35|lh92b709|z9n52ebr,20260520_AM,0.6296296296296297
a5f35780-eeec-48f3-bd11-2a02633bc450,1,13.083422514250666,0.1468525185495074,2.0,0.3979312043330686,0.15053763440860216,0.2716980826921675,1,ghp,1,hk3teh8u|kmcc2p31|qhz5zte3|snooaw5j|twrkr7hz|viseix7p,20260512,1.0
a5f35780-eeec-48f3-bd11-2a02633bc450,2,5.8247586572942955,0.07203516238948375,2.0,1.0,0.05027266329461058,0.23531549791567657,3,ghp,1,hk3teh8u|kmcc2p31|qhz5zte3|snooaw5j|twrkr7hz|viseix7p,20260512,0.8
a5f35780-eeec-48f3-bd11-2a02633bc450,3,10.646295171171511,0.13312601398278848,2.0199442046126674,0.8863401775531053,0.13212200560856632,0.10112985851611729,6,ghp,1,hk3teh8u|kmcc2p31|qhz5zte3|snooaw5j|twrkr7hz|viseix7p,20260512,0.6
a5f35780-eeec-48f3-bd11-2a02633bc450,4,7.795274027898457,0.10823870695644403,2.0555174442970263,1.0,0.08816183816183816,0.2138146781805569,4,ghp,1,hk3teh8u|kmcc2p31|qhz5zte3|snooaw5j|twrkr7hz|viseix7p,20260512,1.0
a5f35780-eeec-48f3-bd11-2a02633bc450,5,2.902330674820444,0.042266533613874585,2.1361757917804964,1.0,0.1209280311530875,0.0699695925677119,5,ghp,1,hk3teh8u|kmcc2p31|qhz5zte3|snooaw5j|twrkr7hz|viseix7p,20260512,1.0
a5f35780-eeec-48f3-bd11-2a02633bc450,6,1.788009451203381,0.027899766526643208,2.0984718877153488,1.0,0.04419316336301218,0.17742738871155286,5,ghp,1,hk3teh8u|kmcc2p31|qhz5zte3|snooaw5j|twrkr7hz|viseix7p,20260512,1.0
a5f35780-eeec-48f3-bd11-2a02633bc450,7,3.1893063535124258,0.0549907630547762,2.09724326306728,0.8206243115214426,0.53097408228153,0.16492217832149236,6,ghp,1,hk3teh8u|kmcc2p31|qhz5zte3|snooaw5j|twrkr7hz|viseix7p,20260512,0.7866666666666667
a5f35780-eeec-48f3-bd11-2a02633bc450,8,6.515058110037469,0.13031489683286804,2.036798243733987,0.9796271818083048,0.43923022095509623,0.24933804937920545,3,ghp,1,hk3teh8u|kmcc2p31|qhz5zte3|snooaw5j|twrkr7hz|viseix7p,20260512,1.0
a5f35780-eeec-48f3-bd11-2a02633bc450,9,4.021103249429234,0.08529708337104669,2.0433650541004753,0.3210931956971923,0.028985507246376812,0.7705738854865414,6,ghp,1,hk3teh8u|kmcc2p31|qhz5zte3|snooaw5j|twrkr7hz|viseix7p,20260512,1.0
a5f35780-eeec-48f3-bd11-2a02633bc450,10,1.4973101848571644,0.037406004862155985,2.1920809194445146,0.8159109370004628,0.3551613511983392,0.5564507103672626,7,ghp,1,hk3teh8u|kmcc2p31|qhz5zte3|snooaw5j|twrkr7hz|viseix7p,20260512,0.8333333333333333
a5f35780-eeec-48f3-bd11-2a02633bc450,11,1.750959763076051,0.04531791564033478,2.371567712843873,0.21816090897800566,1.2988926553672318,0.532196706287083,5,ghp,1,hk3teh8u|kmcc2p31|qhz5zte3|snooaw5j|twrkr7hz|viseix7p,20260512,0.8666666666666666
a5f35780-eeec-48f3-bd11-2a02633bc450,12,9.08106879960673,0.32591438616096635,2.692346194513695,0.8901913737951669,1.2098134423715818,0.336806481215127,10,ghp,1,hk3teh8u|kmcc2p31|qhz5zte3|snooaw5j|twrkr7hz|viseix7p,20260512,0.6388888888888888
a5f35780-eeec-48f3-bd11-2a02633bc450,13,5.403388411048668,0.24420126814604864,2.0517037190264,0.8863681528903322,2.098372513562387,0.4824566514238903,3,ghp,1,hk3teh8u|kmcc2p31|qhz5zte3|snooaw5j|twrkr7hz|viseix7p,20260512,1.0
a5f35780-eeec-48f3-bd11-2a02633bc450,14,6.011517730691936,0.3658263713795996,2.0231842677101173,0.8647004638473583,1.0354947042107985,0.33879691931921474,7,ghp,1,hk3teh8u|kmcc2p31|qhz5zte3|snooaw5j|twrkr7hz|viseix7p,20260512,1.0
a5f35780-eeec-48f3-bd11-2a02633bc450,15,8.665472955954824,0.8618380034418173,2.701928906342528,0.959198619080088,1.0585106382978722,1.2396066903326532,8,ghp,1,hk3teh8u|kmcc2p31|qhz5zte3|snooaw5j|twrkr7hz|viseix7p,20260512,0.8333333333333334
aeea46bb-84ad-409e-b595-5f1ae9d39ed9,1,9.014583046604304,0.11707189162268816,2.6724626941615246,0.999763597523894,0.3945046420902203,2.0117634972690475,10,gp,2,9uh6p1vm|ai0il249|bs9r1rdm|kb2z64e8|pqnknbrr|whc9aveo,20260520_AM,0.6166666666666667
aeea46bb-84ad-409e-b595-5f1ae9d39ed9,2,8.146609242076579,0.10155577545141642,2.0672267364747348,1.0,0.07930132902436265,0.6337023202967459,13,gp,2,9uh6p1vm|ai0il249|bs9r1rdm|kb2z64e8|pqnknbrr|whc9aveo,20260520_AM,0.6349206349206349
aeea46bb-84ad-409e-b595-5f1ae9d39ed9,3,7.768353033087097,0.10661291976617743,2.0381206859418395,1.0,0.12166242892263002,0.20008298560617638,19,gp,2,9uh6p1vm|ai0il249|bs9r1rdm|kb2z64e8|pqnknbrr|whc9aveo,20260520_AM,0.6873737373737373
aeea46bb-84ad-409e-b595-5f1ae9d39ed9,4,17.75705114904451,0.32557047249064763,2.226652993930463,1.0,0.6334926059760699,0.4138906107166748,21,gp,2,9uh6p1vm|ai0il249|bs9r1rdm|kb2z64e8|pqnknbrr|whc9aveo,20260520_AM,0.6066666666666667
aeea46bb-84ad-409e-b595-5f1ae9d39ed9,5,22.8600828237994,0.41416906827175204,2.897798735804144,1.0,0.7933071865106601,0.832134689234717,12,gp,2,9uh6p1vm|ai0il249|bs9r1rdm|kb2z64e8|pqnknbrr|whc9aveo,20260520_AM,0.5714285714285714
aeea46bb-84ad-409e-b595-5f1ae9d39ed9,6,31.260985212006176,0.5628229452879023,3.3273583070859845,1.0,0.7242777777777778,0.5061781590102424,16,gp,2,9uh6p1vm|ai0il249|bs9r1rdm|kb2z64e8|pqnknbrr|whc9aveo,20260520_AM,0.4611111111111111
aeea46bb-84ad-409e-b595-5f1ae9d39ed9,7,24.784513160567908,0.4928493076157872,2.798174347447084,1.0,0.6603702857142858,1.0787348702344357,25,gp,2,9uh6p1vm|ai0il249|bs9r1rdm|kb2z64e8|pqnknbrr|whc9aveo,20260520_AM,0.39862155388471177
aeea46bb-84ad-409e-b595-5f1ae9d39ed9,8,8.929482536592262,0.20204405170059878,2.1779194275762426,1.0,0.48305048149587604,0.4539802336127641,12,gp,2,9uh6p1vm|ai0il249|bs9r1rdm|kb2z64e8|pqnknbrr|whc9aveo,20260520_AM,0.7962962962962963
aeea46bb-84ad-409e-b595-5f1ae9d39ed9,9,4.178702157280016,0.11673591299850901,3.6651508553696366,1.0,1.7656084656084656,0.46628764688383506,9,gp,2,9uh6p1vm|ai0il249|bs9r1rdm|kb2z64e8|pqnknbrr|whc9aveo,20260520_AM,0.7222222222222222
aeea46bb-84ad-409e-b595-5f1ae9d39ed9,10,3.263486996550877,0.11685568667219248,2.3170904822475826,1.0,1.9988671764372692,0.4444100330680682,15,gp,2,9uh6p1vm|ai0il249|bs9r1rdm|kb2z64e8|pqnknbrr|whc9aveo,20260520_AM,0.48214285714285715
aeea46bb-84ad-409e-b595-5f1ae9d39ed9,11,4.877168910885887,0.18833279459408694,2.7234052675931486,1.0,1.4116869630888318,0.33331993249143294,15,gp,2,9uh6p1vm|ai0il249|bs9r1rdm|kb2z64e8|pqnknbrr|whc9aveo,20260520_AM,0.5857142857142856
aeea46bb-84ad-409e-b595-5f1ae9d39ed9,12,3.5802195623256954,0.23721905366124765,3.0462877812487683,1.0,3.0955151515151513,0.5956087465929492,10,gp,2,9uh6p1vm|ai0il249|bs9r1rdm|kb2z64e8|pqnknbrr|whc9aveo,20260520_AM,0.9444444444444443
aeea46bb-84ad-409e-b595-5f1ae9d39ed9,13,3.095257022808618,0.2901539599244543,2.5161789476513308,0.9213896600036179,1.2009090909090911,0.38336128524229535,16,gp,2,9uh6p1vm|ai0il249|bs9r1rdm|kb2z64e8|pqnknbrr|whc9aveo,20260520_AM,0.6666666666666666
aeea46bb-84ad-409e-b595-5f1ae9d39ed9,14,1.0334170289390117,0.12663667443646412,2.4934173682858893,1.0,0.28210526315789475,0.3775427517264072,10,gp,2,9uh6p1vm|ai0il249|bs9r1rdm|kb2z64e8|pqnknbrr|whc9aveo,20260520_AM,1.0
aeea46bb-84ad-409e-b595-5f1ae9d39ed9,15,0.9870304532621058,0.1426785490838753,4.713474795571296,1.0,0.24528301886792456,0.1557949751447639,4,gp,2,9uh6p1vm|ai0il249|bs9r1rdm|kb2z64e8|pqnknbrr|whc9aveo,20260520_AM,1.0
b86ad8e8-b0f6-4578-8e02-b4a87378a89d,1,32.3528935139668,0.21211750927186496,2.020135163860888,0.9926832391442014,0.19020408163265307,3.5262067288657,4,gh,2,729v3r7i|aac2mc3k|e4rzuiqc|j6o1gu35|lh92b709|z9n52ebr,20260520_AM,0.6
b86ad8e8-b0f6-4578-8e02-b4a87378a89d,2,18.161329371489924,0.1521046809948908,2.2040597983378944,1.0,0.097014480840901,0.9885768612225966,8,gh,2,729v3r7i|aac2mc3k|e4rzuiqc|j6o1gu35|lh92b709|z9n52ebr,20260520_AM,0.8333333333333334
b86ad8e8-b0f6-4578-8e02-b4a87378a89d,3,10.853604969713816,0.09052953228045395,2.430272592158682,1.0,0.11666666666666665,0.16511711297065343,6,gh,2,729v3r7i|aac2mc3k|e4rzuiqc|j6o1gu35|lh92b709|z9n52ebr,20260520_AM,0.7066666666666667
b86ad8e8-b0f6-4578-8e02-b4a87378a89d,4,23.86646146114428,0.21095265173268476,2.0211567121015395,1.0,0.1499259259259259,0.9117014067490911,15,gh,2,729v3r7i|aac2mc3k|e4rzuiqc|j6o1gu35|lh92b709|z9n52ebr,20260520_AM,0.38650793650793647
b86ad8e8-b0f6-4578-8e02-b4a87378a89d,5,65.2722272879345,1.373254371900532,2.073963145395589,0.6971465700997049,2.7181964573268917,0.920295352459724,9,gh,2,729v3r7i|aac2mc3k|e4rzuiqc|j6o1gu35|lh92b709|z9n52ebr,20260520_AM,0.6333333333333333
b86ad8e8-b0f6-4578-8e02-b4a87378a89d,6,26.712083824688182,0.347105362533385,2.067447406004005,0.9630237232080898,2.2259675405742825,0.9666191200245722,6,gh,2,729v3r7i|aac2mc3k|e4rzuiqc|j6o1gu35|lh92b709|z9n52ebr,20260520_AM,0.7333333333333333
b86ad8e8-b0f6-4578-8e02-b4a87378a89d,7,37.53212151545014,0.7098968847623537,2.316013580958251,0.7455618012729044,3.1459694989106755,0.9958909836025283,4,gh,2,729v3r7i|aac2mc3k|e4rzuiqc|j6o1gu35|lh92b709|z9n52ebr,20260520_AM,0.625
b86ad8e8-b0f6-4578-8e02-b4a87378a89d,8,36.30300428177672,1.0973097428289709,3.3880419811317313,0.8851987962888377,2.5428571428571423,2.154300636857178,7,gh,2,729v3r7i|aac2mc3k|e4rzuiqc|j6o1gu35|lh92b709|z9n52ebr,20260520_AM,0.5666666666666667
b86ad8e8-b0f6-4578-8e02-b4a87378a89d,9,25.46910526139589,0.8684366330060548,3.610000583138663,0.9891979918883512,3.321602434077079,1.57621980415932,4,gh,2,729v3r7i|aac2mc3k|e4rzuiqc|j6o1gu35|lh92b709|z9n52ebr,20260520_AM,0.75
b86ad8e8-b0f6-4578-8e02-b4a87378a89d,10,12.499675514183272,0.6473966660935239,2.341900069295457,1.0,0.5170068027210885,1.1204354532456986,7,gh,2,729v3r7i|aac2mc3k|e4rzuiqc|j6o1gu35|lh92b709|z9n52ebr,20260520_AM,1.0
b86ad8e8-b0f6-4578-8e02-b4a87378a89d,11,5.598611874424026,0.45483367351164355,2.8733600738059817,1.0,0.3455102040816326,0.7047697835615663,14,gh,2,729v3r7i|aac2mc3k|e4rzuiqc|j6o1gu35|lh92b709|z9n52ebr,20260520_AM,0.7222222222222222
b86ad8e8-b0f6-4578-8e02-b4a87378a89d,12,49.1888453867399,1.4344721373776474,3.495106635135597,1.0,0.6063829787234043,1.2802163048552253,28,gh,2,729v3r7i|aac2mc3k|e4rzuiqc|j6o1gu35|lh92b709|z9n52ebr,20260520_AM,0.657979797979798
b86ad8e8-b0f6-4578-8e02-b4a87378a89d,13,29.822127904125534,1.079975941449682,2.815180785574016,1.0,1.0999999999999999,1.9752488886962483,10,gh,2,729v3r7i|aac2mc3k|e4rzuiqc|j6o1gu35|lh92b709|z9n52ebr,20260520_AM,0.5700000000000001
b86ad8e8-b0f6-4578-8e02-b4a87378a89d,14,6972.1261583908345,1.6335358222606693,2.149024873991568,0.9520425924445831,7.854166666666667,6.913570762048378,24,gh,2,729v3r7i|aac2mc3k|e4rzuiqc|j6o1gu35|lh92b709|z9n52ebr,20260520_AM,0.5972222222222222
b86ad8e8-b0f6-4578-8e02-b4a87378a89d,15,93.42587189197555,1.179240040894808,2.0,1.0,1.1855500821018063,3.0339482536040685,3,gh,2,729v3r7i|aac2mc3k|e4rzuiqc|j6o1gu35|lh92b709|z9n52ebr,20260520_AM,1.0
562efb1b-a346-43e9-8059-5c07029ce57e,1,5.765778384464701,0.6669534634752182,2.5224922493174766,0.11540935127085131,0.5076023391812866,0.12367055559655973,8,ghp,1,dadcupjc|e60078af|gr27p5tr|ja9vp1ab|stzawa55|tzbpp88u,20260520_PM,0.4333333333333333
562efb1b-a346-43e9-8059-5c07029ce57e,2,8.414230161485754,0.13510507108256503,2.0172443817053476,1.0,0.23516787942954243,0.7933440366683334,5,ghp,1,dadcupjc|e60078af|gr27p5tr|ja9vp1ab|stzawa55|tzbpp88u,20260520_PM,0.5833333333333333
562efb1b-a346-43e9-8059-5c07029ce57e,3,1.9424297893608158,0.029779203534763644,2.033098279896028,1.0,0.16427987353845605,0.1464049206240252,11,ghp,1,dadcupjc|e60078af|gr27p5tr|ja9vp1ab|stzawa55|tzbpp88u,20260520_PM,0.5436507936507936
562efb1b-a346-43e9-8059-5c07029ce57e,4,0.3281372315119596,0.005552567829421602,3.84042376277442,1.0,0.04477463846612021,0.1419363661604819,13,ghp,1,dadcupjc|e60078af|gr27p5tr|ja9vp1ab|stzawa55|tzbpp88u,20260520_PM,0.7731601731601732
562efb1b-a346-43e9-8059-5c07029ce57e,5,0.8207128126184016,0.0137628199675482,2.0518139465681147,1.0,0.010298334209716969,0.13538500086699748,17,ghp,1,dadcupjc|e60078af|gr27p5tr|ja9vp1ab|stzawa55|tzbpp88u,20260520_PM,0.638888888888889
562efb1b-a346-43e9-8059-5c07029ce57e,6,2.8598226395095057,0.04358788636101911,6.818722386138052,1.0,0.13321166421042333,0.05323746065346986,26,ghp,1,dadcupjc|e60078af|gr27p5tr|ja9vp1ab|stzawa55|tzbpp88u,20260520_PM,0.6397058823529411
562efb1b-a346-43e9-8059-5c07029ce57e,7,0.41447008602668073,0.006188219429590858,4.461376397137743,1.0,0.04847666216419026,0.055789213890807696,10,ghp,1,dadcupjc|e60078af|gr27p5tr|ja9vp1ab|stzawa55|tzbpp88u,20260520_PM,0.7523809523809524
562efb1b-a346-43e9-8059-5c07029ce57e,8,3.6809595464379967,0.056289620169488894,6.619084397080213,1.0,0.04630196638769826,0.027296046450375543,18,ghp,1,dadcupjc|e60078af|gr27p5tr|ja9vp1ab|stzawa55|tzbpp88u,20260520_PM,0.8678571428571429
562efb1b-a346-43e9-8059-5c07029ce57e,9,0.9222081842441607,0.013873746706497516,3.5727169904469482,1.0,0.043577921944282984,0.03638941217694636,22,ghp,1,dadcupjc|e60078af|gr27p5tr|ja9vp1ab|stzawa55|tzbpp88u,20260520_PM,0.6333333333333333
562efb1b-a346-43e9-8059-5c07029ce57e,10,0.2842928752389082,0.0042461860209167075,3.5320494910581144,1.0,0.05840412264395155,0.0172028879616462,13,ghp,1,dadcupjc|e60078af|gr27p5tr|ja9vp1ab|stzawa55|tzbpp88u,20260520_PM,0.7428571428571429
562efb1b-a346-43e9-8059-5c07029ce57e,11,0.12191270859833833,0.0018553930785990564,2.724907565011066,1.0,0.005278457772337913,0.014803264832281846,8,ghp,1,dadcupjc|e60078af|gr27p5tr|ja9vp1ab|stzawa55|tzbpp88u,20260520_PM,0.8666666666666666
562efb1b-a346-43e9-8059-5c07029ce57e,12,0.11574587087275917,0.00176837578022091,4.005614170347792,1.0,0.023338485316846843,0.014721894112560984,16,ghp,1,dadcupjc|e60078af|gr27p5tr|ja9vp1ab|stzawa55|tzbpp88u,20260520_PM,0.7555555555555555
562efb1b-a346-43e9-8059-5c07029ce57e,13,0.6689712011229938,0.010356339709700877,2.7029139519505754,1.0,0.022784849668098243,0.03363775212410045,25,ghp,1,dadcupjc|e60078af|gr27p5tr|ja9vp1ab|stzawa55|tzbpp88u,20260520_PM,0.7142094017094017
562efb1b-a346-43e9-8059-5c07029ce57e,14,1.3479630851784317,0.02090878826781447,3.00531608064445,1.0,0.016320926701308844,0.0406413599808129,17,ghp,1,dadcupjc|e60078af|gr27p5tr|ja9vp1ab|stzawa55|tzbpp88u,20260520_PM,0.7777777777777777
562efb1b-a346-43e9-8059-5c07029ce57e,15,1.4827050706121403,0.02300659849128158,2.2551389674604496,1.0,0.025281180122150675,0.05467212298214592,19,ghp,1,dadcupjc|e60078af|gr27p5tr|ja9vp1ab|stzawa55|tzbpp88u,20260520_PM,0.5336700336700336
7639dc96-fd01-4576-8cdc-79c9d30dcd81,1,85.1985386706113,0.6235273263126723,3.009928797556246,0.9747271502983497,0.04878048780487805,0.6283836004962146,1,ghp,2,90ay03zv|ehyb34jx|g9jo03o9|h0ebvwds|u2aoz11d|ukmvlwcs,20260520_PM,1.0
7639dc96-fd01-4576-8cdc-79c9d30dcd81,2,44.32070215731105,0.2847644177653053,2.8717034099365764,0.7423713170287178,0.11147540983606556,0.22525983861594345,5,ghp,2,90ay03zv|ehyb34jx|g9jo03o9|h0ebvwds|u2aoz11d|ukmvlwcs,20260520_PM,0.5
7639dc96-fd01-4576-8cdc-79c9d30dcd81,3,29.91652177517184,0.23629615911158822,2.0782220765888635,0.7615189009264601,0.22223608234903788,0.24838855589774325,16,ghp,2,90ay03zv|ehyb34jx|g9jo03o9|h0ebvwds|u2aoz11d|ukmvlwcs,20260520_PM,0.7962962962962963
7639dc96-fd01-4576-8cdc-79c9d30dcd81,4,49.35986442542991,0.44623429966401823,2.48837678343185,0.692550142576534,0.32422355560587185,0.3414798019686546,11,ghp,2,90ay03zv|ehyb34jx|g9jo03o9|h0ebvwds|u2aoz11d|ukmvlwcs,20260520_PM,0.8333333333333334
7639dc96-fd01-4576-8cdc-79c9d30dcd81,5,42.344320240885175,0.39609058064622393,3.260949235162113,1.0,0.3203463203463204,0.26526244517842296,6,ghp,2,90ay03zv|ehyb34jx|g9jo03o9|h0ebvwds|u2aoz11d|ukmvlwcs,20260520_PM,0.75
7639dc96-fd01-4576-8cdc-79c9d30dcd81,6,41.61749473503688,0.4739637477126939,4.931703027513542,1.0,0.9702280912364946,0.33236764668718466,7,ghp,2,90ay03zv|ehyb34jx|g9jo03o9|h0ebvwds|u2aoz11d|ukmvlwcs,20260520_PM,0.8400000000000001
7639dc96-fd01-4576-8cdc-79c9d30dcd81,7,45.99849323226137,0.5596022487691215,3.8546484843388202,1.0,0.5714285714285714,0.4400618406767179,1,ghp,2,90ay03zv|ehyb34jx|g9jo03o9|h0ebvwds|u2aoz11d|ukmvlwcs,20260520_PM,1.0
7639dc96-fd01-4576-8cdc-79c9d30dcd81,8,38.22809309305785,0.516272553888901,3.4585082328984593,1.0,1.2978183663115168,0.5436931890478526,3,ghp,2,90ay03zv|ehyb34jx|g9jo03o9|h0ebvwds|u2aoz11d|ukmvlwcs,20260520_PM,0.7777777777777777
7639dc96-fd01-4576-8cdc-79c9d30dcd81,9,14.120799110463295,0.1893148272873727,2.8234832605035867,0.961747781713959,0.07006219374293249,0.36162794216972455,16,ghp,2,90ay03zv|ehyb34jx|g9jo03o9|h0ebvwds|u2aoz11d|ukmvlwcs,20260520_PM,0.9333333333333332
7639dc96-fd01-4576-8cdc-79c9d30dcd81,10,11.834588462425298,0.3167294011924785,2.6340158511324545,0.9056745132510765,1.7839851024208568,0.548507782649403,6,ghp,2,90ay03zv|ehyb34jx|g9jo03o9|h0ebvwds|u2aoz11d|ukmvlwcs,20260520_PM,1.0
7639dc96-fd01-4576-8cdc-79c9d30dcd81,11,6.617667280920741,0.26720370899071233,4.999018976707272,0.9888621750658665,0.5261589144246605,0.5545412624411704,19,ghp,2,90ay03zv|ehyb34jx|g9jo03o9|h0ebvwds|u2aoz11d|ukmvlwcs,20260520_PM,1.0
7639dc96-fd01-4576-8cdc-79c9d30dcd81,12,3.573084202748224,0.24736110728817504,2.4748817101951297,0.9909511801057763,1.3812307692307693,0.47204744616313654,10,ghp,2,90ay03zv|ehyb34jx|g9jo03o9|h0ebvwds|u2aoz11d|ukmvlwcs,20260520_PM,0.9199999999999999
7639dc96-fd01-4576-8cdc-79c9d30dcd81,13,4.558450774575973,0.3106572818676533,3.833610986457451,1.0,0.46285714285714297,1.341484801057416,14,ghp,2,90ay03zv|ehyb34jx|g9jo03o9|h0ebvwds|u2aoz11d|ukmvlwcs,20260520_PM,0.8400000000000001
7639dc96-fd01-4576-8cdc-79c9d30dcd81,14,5.07140245914765,0.38785831767157525,5.024917052963038,1.0,0.17307692307692307,0.41226050164898276,8,ghp,2,90ay03zv|ehyb34jx|g9jo03o9|h0ebvwds|u2aoz11d|ukmvlwcs,20260520_PM,0.6666666666666666
7639dc96-fd01-4576-8cdc-79c9d30dcd81,15,6.250792979947226,0.5917485293562752,5.189891259121145,1.0,0.6445182724252492,0.21058007617202135,7,ghp,2,90ay03zv|ehyb34jx|g9jo03o9|h0ebvwds|u2aoz11d|ukmvlwcs,20260520_PM,1.0
c06d584f-16fe-42a0-a5b0-281026bd6ca3,1,36.48155829438336,0.5926579440265154,2.1256026212251142,0.9705134001645661,0.644366668878251,1.563662636985905,11,ghp,2,dadcupjc|e60078af|gr27p5tr|ja9vp1ab|stzawa55|tzbpp88u,20260520_PM,0.5833333333333334
c06d584f-16fe-42a0-a5b0-281026bd6ca3,2,19.851783723662294,0.2806540867256163,2.327961290432958,1.0,0.43746136150945597,0.6655422787317785,11,ghp,2,dadcupjc|e60078af|gr27p5tr|ja9vp1ab|stzawa55|tzbpp88u,20260520_PM,0.6190476190476191
c06d584f-16fe-42a0-a5b0-281026bd6ca3,3,12.825814149363001,0.17986439299263451,2.0740682570494253,1.0,0.324791549627974,0.4271230031161842,8,ghp,2,dadcupjc|e60078af|gr27p5tr|ja9vp1ab|stzawa55|tzbpp88u,20260520_PM,0.6666666666666666
c06d584f-16fe-42a0-a5b0-281026bd6ca3,4,1.3174443262705418,0.019831428067885997,3.076547146201171,1.0,0.04140299660766192,0.1356833808731287,29,ghp,2,dadcupjc|e60078af|gr27p5tr|ja9vp1ab|stzawa55|tzbpp88u,20260520_PM,0.6863756613756613
c06d584f-16fe-42a0-a5b0-281026bd6ca3,5,3.0545575846782245,0.046220248268514154,2.9493237822614793,1.0,0.07145945335890054,0.07155644732224545,24,ghp,2,dadcupjc|e60078af|gr27p5tr|ja9vp1ab|stzawa55|tzbpp88u,20260520_PM,0.730909090909091
c06d584f-16fe-42a0-a5b0-281026bd6ca3,6,0.7357979370444137,0.010997915929916858,2.0053163548508066,1.0,0.06156735997149704,0.05456423687740073,6,ghp,2,dadcupjc|e60078af|gr27p5tr|ja9vp1ab|stzawa55|tzbpp88u,20260520_PM,0.8055555555555555
c06d584f-16fe-42a0-a5b0-281026bd6ca3,7,1.006745922156824,0.015456077457083744,2.8343556518066313,1.0,0.03474311084399705,0.04495582713950562,28,ghp,2,dadcupjc|e60078af|gr27p5tr|ja9vp1ab|stzawa55|tzbpp88u,20260520_PM,0.73
c06d584f-16fe-42a0-a5b0-281026bd6ca3,8,1.2239193658091467,0.01877199577645809,2.245012089044176,1.0,0.027654781325254146,0.027898144653923918,8,ghp,2,dadcupjc|e60078af|gr27p5tr|ja9vp1ab|stzawa55|tzbpp88u,20260520_PM,0.9333333333333332
c06d584f-16fe-42a0-a5b0-281026bd6ca3,9,0.6899298244389888,0.0106370161807296,2.3177336835980458,1.0,0.014738005293860648,0.03337107829344636,24,ghp,2,dadcupjc|e60078af|gr27p5tr|ja9vp1ab|stzawa55|tzbpp88u,20260520_PM,0.8204365079365079
c06d584f-16fe-42a0-a5b0-281026bd6ca3,10,0.37188554619234104,0.005725916018769285,2.7609091071952623,1.0,0.020854621180885196,0.011488050205160267,13,ghp,2,dadcupjc|e60078af|gr27p5tr|ja9vp1ab|stzawa55|tzbpp88u,20260520_PM,0.4777777777777778
c06d584f-16fe-42a0-a5b0-281026bd6ca3,11,0.4628124336721246,0.007122706015228244,3.199467433103954,1.0,0.03740809455095186,0.027002718066466546,22,ghp,2,dadcupjc|e60078af|gr27p5tr|ja9vp1ab|stzawa55|tzbpp88u,20260520_PM,0.5075757575757576
c06d584f-16fe-42a0-a5b0-281026bd6ca3,12,0.5280990936531149,0.00804620448035906,2.655298735834078,1.0,0.01612165561399497,0.02939335344409183,32,ghp,2,dadcupjc|e60078af|gr27p5tr|ja9vp1ab|stzawa55|tzbpp88u,20260520_PM,0.5319444444444444
c06d584f-16fe-42a0-a5b0-281026bd6ca3,13,1.175187087199885,0.018175117981110326,4.1381539393775855,1.0,0.0131396424167693,0.013775331379081756,8,ghp,2,dadcupjc|e60078af|gr27p5tr|ja9vp1ab|stzawa55|tzbpp88u,20260520_PM,1.0
c06d584f-16fe-42a0-a5b0-281026bd6ca3,14,0.31478696234916304,0.0048730110909651105,7.246349690051524,1.0,0.021861218109752854,0.01833113638717035,14,ghp,2,dadcupjc|e60078af|gr27p5tr|ja9vp1ab|stzawa55|tzbpp88u,20260520_PM,0.6666666666666666
c06d584f-16fe-42a0-a5b0-281026bd6ca3,15,0.18724708562734887,0.0029114201654476955,4.415805134544996,1.0,0.010083508936236659,0.009690873860136315,20,ghp,2,dadcupjc|e60078af|gr27p5tr|ja9vp1ab|stzawa55|tzbpp88u,20260520_PM,0.8088235294117647
c790e030-d023-437b-b3f5-54393dc4bea4,1,37.972124925143255,0.2552894853762614,2.051414999866011,0.7279788773931607,0.2259420008933312,0.3564820695403363,9,ghp,1,90ay03zv|ehyb34jx|g9jo03o9|h0ebvwds|u2aoz11d|ukmvlwcs,20260520_PM,1.0
c790e030-d023-437b-b3f5-54393dc4bea4,2,13.176253663297706,0.08529860951005223,2.7918101133364033,1.0,0.1806164054075858,0.1494796995172815,13,ghp,1,90ay03zv|ehyb34jx|g9jo03o9|h0ebvwds|u2aoz11d|ukmvlwcs,20260520_PM,0.9
c790e030-d023-437b-b3f5-54393dc4bea4,3,33.22461202211362,0.3119578956934478,2.039671351737819,1.0,1.4561103847953227,0.39864966566815585,7,ghp,1,90ay03zv|ehyb34jx|g9jo03o9|h0ebvwds|u2aoz11d|ukmvlwcs,20260520_PM,0.74
c790e030-d023-437b-b3f5-54393dc4bea4,4,14.130181043955398,0.1443784682404504,2.018441250512672,1.0,0.3683443204868155,0.33260512438494133,4,ghp,1,90ay03zv|ehyb34jx|g9jo03o9|h0ebvwds|u2aoz11d|ukmvlwcs,20260520_PM,0.7777777777777777
c790e030-d023-437b-b3f5-54393dc4bea4,5,6.028562055210651,0.0775757426983679,3.3039035158639813,1.0,0.3223393829460342,0.21107423766563801,11,ghp,1,90ay03zv|ehyb34jx|g9jo03o9|h0ebvwds|u2aoz11d|ukmvlwcs,20260520_PM,0.7333333333333334
c790e030-d023-437b-b3f5-54393dc4bea4,6,5.886068413795622,0.07701886108014969,3.1620026390032177,1.0,0.3640151515151515,0.13805299467528095,8,ghp,1,90ay03zv|ehyb34jx|g9jo03o9|h0ebvwds|u2aoz11d|ukmvlwcs,20260520_PM,0.5866666666666667
c790e030-d023-437b-b3f5-54393dc4bea4,7,6.086617237563001,0.09057070636094203,2.5984685120636435,0.9414782792640973,0.17865079365079367,0.08677643207800244,4,ghp,1,90ay03zv|ehyb34jx|g9jo03o9|h0ebvwds|u2aoz11d|ukmvlwcs,20260520_PM,0.6666666666666667
c790e030-d023-437b-b3f5-54393dc4bea4,8,1.599883820599374,0.030513446664655906,2.013027699472993,0.7011635407452438,0.17240711242239146,0.08650771371825211,31,ghp,1,90ay03zv|ehyb34jx|g9jo03o9|h0ebvwds|u2aoz11d|ukmvlwcs,20260520_PM,0.8666666666666666
c790e030-d023-437b-b3f5-54393dc4bea4,9,1.8343547695142823,0.035605421134341404,2.480791414213099,0.963039939960452,0.09486867931582409,0.07707384134968677,12,ghp,1,90ay03zv|ehyb34jx|g9jo03o9|h0ebvwds|u2aoz11d|ukmvlwcs,20260520_PM,0.9166666666666666
c790e030-d023-437b-b3f5-54393dc4bea4,10,4.148817618047523,0.0774823048220191,3.375348445866046,1.0,0.052592316299888225,0.11228376042106211,16,ghp,1,90ay03zv|ehyb34jx|g9jo03o9|h0ebvwds|u2aoz11d|ukmvlwcs,20260520_PM,0.7857142857142857
c790e030-d023-437b-b3f5-54393dc4bea4,11,2.435038469245517,0.04646619969775024,2.2526256519114467,0.15242081717611022,0.07136615205359752,0.07570205992274648,8,ghp,1,90ay03zv|ehyb34jx|g9jo03o9|h0ebvwds|u2aoz11d|ukmvlwcs,20260520_PM,0.8666666666666666
c790e030-d023-437b-b3f5-54393dc4bea4,12,,,,0.0,,,3,ghp,1,90ay03zv|ehyb34jx|g9jo03o9|h0ebvwds|u2aoz11d|ukmvlwcs,20260520_PM,1.0
c790e030-d023-437b-b3f5-54393dc4bea4,13,,,,0.0,,,4,ghp,1,90ay03zv|ehyb34jx|g9jo03o9|h0ebvwds|u2aoz11d|ukmvlwcs,20260520_PM,1.0
c790e030-d023-437b-b3f5-54393dc4bea4,14,4.863562819308075,0.578057072662744,3.0988231308788414,0.35580579037030485,3.9545454545454546,1.1562206968162692,11,ghp,1,90ay03zv|ehyb34jx|g9jo03o9|h0ebvwds|u2aoz11d|ukmvlwcs,20260520_PM,1.0
c790e030-d023-437b-b3f5-54393dc4bea4,15,4.938645256287217,1.0434985716490635,5.2610500075376585,0.9164053250511833,0.2516666666666666,1.459694735696041,4,ghp,1,90ay03zv|ehyb34jx|g9jo03o9|h0ebvwds|u2aoz11d|ukmvlwcs,20260520_PM,1.0
04d50e49-bd58-4a7b-bf5a-9059d667defe,1,1.1072297072780628,0.008925231405784152,2.072230092705219,0.7632782138592968,0.03491607724821084,0.018778536837238468,12,ng,2,6swie1ys|9d6cveb5|dltkzvxc|dq2m7s6u|dw5igqpq|weju7mc9,20260826,0.8888888888888888
04d50e49-bd58-4a7b-bf5a-9059d667defe,2,2.6057460345954238,0.020613978034082426,2.109013051573161,0.6137211166742872,0.018363696282151443,0.021279999699192205,10,ng,2,6swie1ys|9d6cveb5|dltkzvxc|dq2m7s6u|dw5igqpq|weju7mc9,20260826,1.0
04d50e49-bd58-4a7b-bf5a-9059d667defe,3,1.6487646340655615,0.013156333129274615,2.2296094534210065,1.0,0.005597293112347335,0.009503638692403107,7,ng,2,6swie1ys|9d6cveb5|dltkzvxc|dq2m7s6u|dw5igqpq|weju7mc9,20260826,1.0
04d50e49-bd58-4a7b-bf5a-9059d667defe,4,9.640633039002832,0.0906028888987269,2.0167006832468943,0.9713009935574188,0.525040293040293,0.22365036584213732,7,ng,2,6swie1ys|9d6cveb5|dltkzvxc|dq2m7s6u|dw5igqpq|weju7mc9,20260826,0.8888888888888888
04d50e49-bd58-4a7b-bf5a-9059d667defe,5,6.618238169371952,0.06280783547792053,2.0,0.20021150372614724,0.5414364640883977,1.8212492237705196,2,ng,2,6swie1ys|9d6cveb5|dltkzvxc|dq2m7s6u|dw5igqpq|weju7mc9,20260826,1.0
04d50e49-bd58-4a7b-bf5a-9059d667defe,6,2.717422713420612,0.09653813679860326,2.0,0.16066663997787356,0.011049723756906077,1.8147556968119232,1,ng,2,6swie1ys|9d6cveb5|dltkzvxc|dq2m7s6u|dw5igqpq|weju7mc9,20260826,1.0
04d50e49-bd58-4a7b-bf5a-9059d667defe,7,3.4941712396207487,0.26025265477328713,2.0,0.018206121610099355,,0.11122563511022454,6,ng,2,6swie1ys|9d6cveb5|dltkzvxc|dq2m7s6u|dw5igqpq|weju7mc9,20260826,1.0
04d50e49-bd58-4a7b-bf5a-9059d667defe,8,1.0,0.13333333333333333,3.0134235765107342,0.09159868243693611,,0.23638877806423064,9,ng,2,6swie1ys|9d6cveb5|dltkzvxc|dq2m7s6u|dw5igqpq|weju7mc9,20260826,1.0
04d50e49-bd58-4a7b-bf5a-9059d667defe,9,15.956143474060605,0.6972292310733353,2.006265217991342,0.7730113454415848,1.1217391304347826,0.8842024173226544,7,ng,2,6swie1ys|9d6cveb5|dltkzvxc|dq2m7s6u|dw5igqpq|weju7mc9,20260826,1.0
04d50e49-bd58-4a7b-bf5a-9059d667defe,10,12.561084539458069,0.5934330194231738,2.480502924467563,0.9936762132114234,2.129032258064516,0.5089271584299282,2,ng,2,6swie1ys|9d6cveb5|dltkzvxc|dq2m7s6u|dw5igqpq|weju7mc9,20260826,1.0
04d50e49-bd58-4a7b-bf5a-9059d667defe,11,6.259289760028153,0.4171902472672255,2.236491565686014,1.0,3.017543859649123,0.45683324273080766,3,ng,2,6swie1ys|9d6cveb5|dltkzvxc|dq2m7s6u|dw5igqpq|weju7mc9,20260826,0.75
04d50e49-bd58-4a7b-bf5a-9059d667defe,12,3.2346692487846145,0.21229477621020096,2.0022824582417176,0.47225856876297434,1.5321994134897359,0.5675288097070975,5,ng,2,6swie1ys|9d6cveb5|dltkzvxc|dq2m7s6u|dw5igqpq|weju7mc9,20260826,1.0
04d50e49-bd58-4a7b-bf5a-9059d667defe,13,1.0500000000000007,0.12316715542522004,5.0,0.02828108581198959,0.5806451612903225,0.0,1,ng,2,6swie1ys|9d6cveb5|dltkzvxc|dq2m7s6u|dw5igqpq|weju7mc9,20260826,1.0
04d50e49-bd58-4a7b-bf5a-9059d667defe,14,1.573612819181887,0.17841939264671636,3.713904024983503,0.8692202596561319,0.09677654078439936,0.1687679307449629,9,ng,2,6swie1ys|9d6cveb5|dltkzvxc|dq2m7s6u|dw5igqpq|weju7mc9,20260826,1.0
04d50e49-bd58-4a7b-bf5a-9059d667defe,15,6.596919636033613,0.7787021155345637,3.1771030414392776,0.9495583077368754,0.5160493827160493,0.5986431336663738,9,ng,2,6swie1ys|9d6cveb5|dltkzvxc|dq2m7s6u|dw5igqpq|weju7mc9,20260826,1.0
468bae16-01fa-4b28-8367-2b7fc01e7aa7,1,42.555376466407736,0.2915622046587685,2.3968876247506916,0.9555755560601015,0.15692248631871272,0.6553297960471499,10,ghp,1,5ldlcszn|cjmxcmcd|nmgjkj32|q5e90cmj|yq2xbma3|zp1owmpd,20260826,1.0
468bae16-01fa-4b28-8367-2b7fc01e7aa7,2,34.30725767443874,0.2597366578632386,2.922826181551446,1.0,0.18106413648239025,0.4059859378126361,12,ghp,1,5ldlcszn|cjmxcmcd|nmgjkj32|q5e90cmj|yq2xbma3|zp1owmpd,20260826,0.8666666666666667
468bae16-01fa-4b28-8367-2b7fc01e7aa7,3,35.777554805710295,0.2684994086507879,3.058956567831787,1.0,0.23148148148148148,0.45623973432919634,6,ghp,1,5ldlcszn|cjmxcmcd|nmgjkj32|q5e90cmj|yq2xbma3|zp1owmpd,20260826,0.9199999999999999
468bae16-01fa-4b28-8367-2b7fc01e7aa7,4,38.701087742053964,0.2750919971478222,2.3385865525894585,1.0,0.1264367816091954,0.4152961461013108,6,ghp,1,5ldlcszn|cjmxcmcd|nmgjkj32|q5e90cmj|yq2xbma3|zp1owmpd,20260826,0.9
468bae16-01fa-4b28-8367-2b7fc01e7aa7,5,46.04506779419532,0.3623643997516686,2.4826334126626284,1.0,1.1284916201117317,0.43716882010417757,8,ghp,1,5ldlcszn|cjmxcmcd|nmgjkj32|q5e90cmj|yq2xbma3|zp1owmpd,20260826,1.0
468bae16-01fa-4b28-8367-2b7fc01e7aa7,6,41.47874371784814,0.3871324552060179,2.1152946526118166,1.0,0.5027932960893855,0.6153597166598197,3,ghp,1,5ldlcszn|cjmxcmcd|nmgjkj32|q5e90cmj|yq2xbma3|zp1owmpd,20260826,0.75
468bae16-01fa-4b28-8367-2b7fc01e7aa7,7,24.725231155224755,0.30395886948920586,2.096799719341195,0.6797279027268608,0.23999999999999994,0.4089526159351021,5,ghp,1,5ldlcszn|cjmxcmcd|nmgjkj32|q5e90cmj|yq2xbma3|zp1owmpd,20260826,1.0
468bae16-01fa-4b28-8367-2b7fc01e7aa7,8,10.5639618692098,0.18382957304469755,4.890179990281038,0.1178036632949001,1.0222222222222224,0.31418915152525584,9,ghp,1,5ldlcszn|cjmxcmcd|nmgjkj32|q5e90cmj|yq2xbma3|zp1owmpd,20260826,0.6666666666666666
468bae16-01fa-4b28-8367-2b7fc01e7aa7,9,4.7416600400926985,0.1346902227158874,2.539892672610596,0.18336387306722682,0.7072356215213358,0.19216088606326792,11,ghp,1,5ldlcszn|cjmxcmcd|nmgjkj32|q5e90cmj|yq2xbma3|zp1owmpd,20260826,1.0
468bae16-01fa-4b28-8367-2b7fc01e7aa7,10,6.3264970357630785,0.22488737789075902,2.924254113238177,0.8436748299668231,0.5762577228596646,0.409394499001005,10,ghp,1,5ldlcszn|cjmxcmcd|nmgjkj32|q5e90cmj|yq2xbma3|zp1owmpd,20260826,1.0
468bae16-01fa-4b28-8367-2b7fc01e7aa7,11,1.2213967939963444,0.05275075331596844,2.3468023329793772,0.9817299396086786,0.47369720918745356,0.23276994246455437,4,ghp,1,5ldlcszn|cjmxcmcd|nmgjkj32|q5e90cmj|yq2xbma3|zp1owmpd,20260826,0.8666666666666666
468bae16-01fa-4b28-8367-2b7fc01e7aa7,12,0.3905856481024272,0.02058750054582209,3.2729699635301635,0.9569285925196631,0.8476033057851239,0.3025085379521982,8,ghp,1,5ldlcszn|cjmxcmcd|nmgjkj32|q5e90cmj|yq2xbma3|zp1owmpd,20260826,1.0
468bae16-01fa-4b28-8367-2b7fc01e7aa7,13,3.254205581364672,0.25353807863460126,4.016519831937452,0.7292530417211672,0.439315559092718,0.8530986833400666,20,ghp,1,5ldlcszn|cjmxcmcd|nmgjkj32|q5e90cmj|yq2xbma3|zp1owmpd,20260826,1.0
468bae16-01fa-4b28-8367-2b7fc01e7aa7,14,1.215219826642282,0.2786035128748241,3.5042879549234422,0.2901735132226952,2.991680532445924,0.48546901132409354,4,ghp,1,5ldlcszn|cjmxcmcd|nmgjkj32|q5e90cmj|yq2xbma3|zp1owmpd,20260826,1.0
468bae16-01fa-4b28-8367-2b7fc01e7aa7,15,0.43789031279014895,0.08676172999806701,7.736622471975357,0.9182750094818456,1.4879781179688534,0.9835795431787128,38,ghp,1,5ldlcszn|cjmxcmcd|nmgjkj32|q5e90cmj|yq2xbma3|zp1owmpd,20260826,0.9791666666666666
55ae4144-efe9-4ac1-adff-7ef37ab172bb,1,13.236065577848237,0.09463651866141634,2.272363054050778,0.8902967608907334,0.20440723685134482,0.37982625733005937,9,ghp,2,5ldlcszn|cjmxcmcd|nmgjkj32|q5e90cmj|yq2xbma3|zp1owmpd,20260826,0.6285714285714286
55ae4144-efe9-4ac1-adff-7ef37ab172bb,2,10.844602509134187,0.09023876894539125,2.561527086297967,1.0,0.23396845255307125,0.1259648910725047,5,ghp,2,5ldlcszn|cjmxcmcd|nmgjkj32|q5e90cmj|yq2xbma3|zp1owmpd,20260826,0.7083333333333333
55ae4144-efe9-4ac1-adff-7ef37ab172bb,3,5.265773645400376,0.048073908178505625,2.3198023647541133,1.0,0.2008548597735092,0.08741522882366348,4,ghp,2,5ldlcszn|cjmxcmcd|nmgjkj32|q5e90cmj|yq2xbma3|zp1owmpd,20260826,0.625
55ae4144-efe9-4ac1-adff-7ef37ab172bb,4,3.315669755286692,0.034326149056222506,3.169314918255142,0.9854717424487052,0.15975678996661488,0.08154754636192665,8,ghp,2,5ldlcszn|cjmxcmcd|nmgjkj32|q5e90cmj|yq2xbma3|zp1owmpd,20260826,0.6952380952380952
55ae4144-efe9-4ac1-adff-7ef37ab172bb,5,4.46270977943358,0.05070271330059579,2.888907449003666,0.5154519077286306,0.19579813134172855,0.11021634596588249,11,ghp,2,5ldlcszn|cjmxcmcd|nmgjkj32|q5e90cmj|yq2xbma3|zp1owmpd,20260826,0.875
55ae4144-efe9-4ac1-adff-7ef37ab172bb,6,1.8683819984262628,0.02359928978274265,3.0045864443753367,0.9395693213098456,0.17522947725883734,0.05998732836358825,12,ghp,2,5ldlcszn|cjmxcmcd|nmgjkj32|q5e90cmj|yq2xbma3|zp1owmpd,20260826,1.0
55ae4144-efe9-4ac1-adff-7ef37ab172bb,7,1.8168987978333095,0.024233672785805568,4.030579314791723,0.41176601386006384,0.009523809523809523,0.20464751531350378,5,ghp,2,5ldlcszn|cjmxcmcd|nmgjkj32|q5e90cmj|yq2xbma3|zp1owmpd,20260826,1.0
55ae4144-efe9-4ac1-adff-7ef37ab172bb,8,0.9222508653325138,0.014815034953478193,2.8739484825756616,0.6663656623782392,0.1898266096603809,0.09419420935305466,14,ghp,2,5ldlcszn|cjmxcmcd|nmgjkj32|q5e90cmj|yq2xbma3|zp1owmpd,20260826,1.0
55ae4144-efe9-4ac1-adff-7ef37ab172bb,9,1.026733416328112,0.019652339345763936,4.040111924123241,0.7296658105369159,0.35068612502722735,0.11307174638108194,11,ghp,2,5ldlcszn|cjmxcmcd|nmgjkj32|q5e90cmj|yq2xbma3|zp1owmpd,20260826,0.8666666666666666
55ae4144-efe9-4ac1-adff-7ef37ab172bb,10,1.482846399159285,0.0316753087665192,2.762167905160068,0.9381576781767765,0.2236778262979137,0.18053256563219056,12,ghp,2,5ldlcszn|cjmxcmcd|nmgjkj32|q5e90cmj|yq2xbma3|zp1owmpd,20260826,0.9333333333333332
55ae4144-efe9-4ac1-adff-7ef37ab172bb,11,5.088667377674335,0.12122852091266503,2.5076312712210083,0.9343284052444956,0.16284796127039766,0.14563288915477327,3,ghp,2,5ldlcszn|cjmxcmcd|nmgjkj32|q5e90cmj|yq2xbma3|zp1owmpd,20260826,1.0
55ae4144-efe9-4ac1-adff-7ef37ab172bb,12,2.368610556192051,0.0662116647541221,2.6539685729298075,0.5023849570781204,0.041025641025641026,0.16889545691835123,3,ghp,2,5ldlcszn|cjmxcmcd|nmgjkj32|q5e90cmj|yq2xbma3|zp1owmpd,20260826,0.75
55ae4144-efe9-4ac1-adff-7ef37ab172bb,13,0.9675263161425686,0.040731234188003215,3.1021127556041233,0.7068615104101307,0.12210526315789469,0.05504350618857658,5,ghp,2,5ldlcszn|cjmxcmcd|nmgjkj32|q5e90cmj|yq2xbma3|zp1owmpd,20260826,1.0
55ae4144-efe9-4ac1-adff-7ef37ab172bb,14,1.686011341838287,0.10439046388477222,2.6599527071475704,0.4613945336885583,3.035714285714286,0.8335249672939569,4,ghp,2,5ldlcszn|cjmxcmcd|nmgjkj32|q5e90cmj|yq2xbma3|zp1owmpd,20260826,1.0
55ae4144-efe9-4ac1-adff-7ef37ab172bb,15,2.579829096762123,0.3115050969569779,3.091721262784763,0.9474198576315644,0.06666666666666667,0.48564906305710565,3,ghp,2,5ldlcszn|cjmxcmcd|nmgjkj32|q5e90cmj|yq2xbma3|zp1owmpd,20260826,0.75
726a00be-8059-48c7-903b-975c7adfccb7,1,8.44037707114965,0.1086049411059314,2.242331117807174,0.37271727689434836,0.024511039770378548,0.5380242473088441,7,ghp,2,3mu21szb|8m72ygxx|caoxz34q|e70ixf6a|rdnkoe93|yvu0j0px,20260826,0.8666666666666666
726a00be-8059-48c7-903b-975c7adfccb7,2,4.869656568419754,0.04493423583680134,2.0,0.8437143407346952,0.08182655596216278,0.0856472152251864,6,ghp,2,3mu21szb|8m72ygxx|caoxz34q|e70ixf6a|rdnkoe93|yvu0j0px,20260826,0.8333333333333334
726a00be-8059-48c7-903b-975c7adfccb7,3,2.9357321537422214,0.027734811588334244,2.1900789192343533,1.0,0.04594578680142547,0.04926482709632677,12,ghp,2,3mu21szb|8m72ygxx|caoxz34q|e70ixf6a|rdnkoe93|yvu0j0px,20260826,1.0
726a00be-8059-48c7-903b-975c7adfccb7,4,1.33401021500639,0.012983304391714271,2.048441118524469,1.0,0.06728435873269434,0.044887984289525035,8,ghp,2,3mu21szb|8m72ygxx|caoxz34q|e70ixf6a|rdnkoe93|yvu0j0px,20260826,0.7333333333333333
726a00be-8059-48c7-903b-975c7adfccb7,5,0.4569828627331778,0.004509350797744185,2.0533440316370606,1.0,0.00858727121055982,0.009728434047880402,8,ghp,2,3mu21szb|8m72ygxx|caoxz34q|e70ixf6a|rdnkoe93|yvu0j0px,20260826,1.0
726a00be-8059-48c7-903b-975c7adfccb7,6,1.750020065575406,0.017822694568358954,2.257310207472615,1.0,0.09480622198787232,0.03454650111196884,5,ghp,2,3mu21szb|8m72ygxx|caoxz34q|e70ixf6a|rdnkoe93|yvu0j0px,20260826,0.8333333333333333
726a00be-8059-48c7-903b-975c7adfccb7,7,1.0345635443099426,0.010777409094460576,2.0,1.0,0.007526284099856522,0.016072861027066912,9,ghp,2,3mu21szb|8m72ygxx|caoxz34q|e70ixf6a|rdnkoe93|yvu0j0px,20260826,1.0
726a00be-8059-48c7-903b-975c7adfccb7,8,0.8693330727081308,0.009299754040808088,2.063070479132545,0.15695755282624801,0.11551721373250157,0.06116611187355453,7,ghp,2,3mu21szb|8m72ygxx|caoxz34q|e70ixf6a|rdnkoe93|yvu0j0px,20260826,0.5
726a00be-8059-48c7-903b-975c7adfccb7,9,1.9919208707709743,0.02274369271749161,2.027380981362647,0.9089454236796817,0.5107209996699722,0.18412977251321622,5,ghp,2,3mu21szb|8m72ygxx|caoxz34q|e70ixf6a|rdnkoe93|yvu0j0px,20260826,0.8333333333333334
726a00be-8059-48c7-903b-975c7adfccb7,10,2.6694168497622255,0.03249704970016266,2.0,1.0,0.38159731918458517,0.119545670003615,8,ghp,2,3mu21szb|8m72ygxx|caoxz34q|e70ixf6a|rdnkoe93|yvu0j0px,20260826,1.0
726a00be-8059-48c7-903b-975c7adfccb7,11,2.4126057328696175,0.031030320704629518,2.0509283960479614,0.9583628280318619,0.24797542585869853,0.07080917008217417,4,ghp,2,3mu21szb|8m72ygxx|caoxz34q|e70ixf6a|rdnkoe93|yvu0j0px,20260826,0.75
726a00be-8059-48c7-903b-975c7adfccb7,12,1.573718448228436,0.022881358651668585,2.0,0.9425456427801263,0.27596704590035304,0.06010626288958346,10,ghp,2,3mu21szb|8m72ygxx|caoxz34q|e70ixf6a|rdnkoe93|yvu0j0px,20260826,1.0
726a00be-8059-48c7-903b-975c7adfccb7,13,1.5405118068508483,0.0231981190670575,2.0,0.9464894494467295,0.08715574735190268,0.05263236703356004,10,ghp,2,3mu21szb|8m72ygxx|caoxz34q|e70ixf6a|rdnkoe93|yvu0j0px,20260826,1.0
726a00be-8059-48c7-903b-975c7adfccb7,14,3.0886454224253836,0.049018676001646555,2.0,0.9217860559964562,0.1933710559488945,0.08444305782178917,9,ghp,2,3mu21szb|8m72ygxx|caoxz34q|e70ixf6a|rdnkoe93|yvu0j0px,20260826,1.0
726a00be-8059-48c7-903b-975c7adfccb7,15,3.1542953471776936,0.052784731884408846,2.275744399341633,0.8193237750568102,0.043314026693528115,0.10719114571692212,14,ghp,2,3mu21szb|8m72ygxx|caoxz34q|e70ixf6a|rdnkoe93|yvu0j0px,20260826,0.7666666666666666
727aeab3-4e37-4074-aa8a-edb9ed62fd8f,1,188.8139943244397,0.3124858275750894,9.240931337849041,0.5807936013599866,0.02752590765739443,2.4021152690895056,3,gh,1,108ssdya|1j25lcg3|2dz5zxb2|icxcbb3j|sgu796fi|w7s9esrf,20260826,1.0
727aeab3-4e37-4074-aa8a-edb9ed62fd8f,2,0.8045992687366961,0.007070943053229731,6.735052191878055,0.8256080708492405,0.03296215915058499,0.14590764365162362,9,gh,1,108ssdya|1j25lcg3|2dz5zxb2|icxcbb3j|sgu796fi|w7s9esrf,20260826,0.7285714285714285
727aeab3-4e37-4074-aa8a-edb9ed62fd8f,3,5.464106639456798,0.05383548733777493,10.65870070012303,1.0,0.07886533266608507,0.1286863705719678,13,gh,1,108ssdya|1j25lcg3|2dz5zxb2|icxcbb3j|sgu796fi|w7s9esrf,20260826,0.8888888888888888
727aeab3-4e37-4074-aa8a-edb9ed62fd8f,4,3.066517930608106,0.031514653322776996,8.417922817474608,1.0,0.06800754515166188,0.08586708818299511,4,gh,1,108ssdya|1j25lcg3|2dz5zxb2|icxcbb3j|sgu796fi|w7s9esrf,20260826,0.6666666666666666
727aeab3-4e37-4074-aa8a-edb9ed62fd8f,5,4.644363437394624,0.05432327533545695,4.800524444099264,0.9498071461125376,0.09987543071560072,0.1540699003038252,8,gh,1,108ssdya|1j25lcg3|2dz5zxb2|icxcbb3j|sgu796fi|w7s9esrf,20260826,0.675
727aeab3-4e37-4074-aa8a-edb9ed62fd8f,6,5.462465915355241,0.0647093323976184,4.040427268651935,0.3994772000330403,0.2780946646102864,0.2386672475456587,11,gh,1,108ssdya|1j25lcg3|2dz5zxb2|icxcbb3j|sgu796fi|w7s9esrf,20260826,1.0
727aeab3-4e37-4074-aa8a-edb9ed62fd8f,7,2.1264099437375483,0.029380113454584703,12.495579354369992,0.9771638083657092,0.2637482352679615,0.25172813189717347,7,gh,1,108ssdya|1j25lcg3|2dz5zxb2|icxcbb3j|sgu796fi|w7s9esrf,20260826,0.7866666666666666
727aeab3-4e37-4074-aa8a-edb9ed62fd8f,8,4.130851271354487,0.0639034715680915,10.728705181686394,0.9193339135039413,0.3009007402122537,0.1265281840692869,3,gh,1,108ssdya|1j25lcg3|2dz5zxb2|icxcbb3j|sgu796fi|w7s9esrf,20260826,0.4444444444444444
727aeab3-4e37-4074-aa8a-edb9ed62fd8f,9,1.2802835719397192,0.021529168014303154,10.861419567584287,0.49234550608571576,0.6792835820895523,0.29727846943901903,12,gh,1,108ssdya|1j25lcg3|2dz5zxb2|icxcbb3j|sgu796fi|w7s9esrf,20260826,1.0
727aeab3-4e37-4074-aa8a-edb9ed62fd8f,10,3.068360793934503,0.06691723923590598,2.9297963307347805,0.958428359653077,1.0766486515973512,0.34506487948500353,7,gh,1,108ssdya|1j25lcg3|2dz5zxb2|icxcbb3j|sgu796fi|w7s9esrf,20260826,0.8
727aeab3-4e37-4074-aa8a-edb9ed62fd8f,11,6.5872019894586495,0.1738572286735077,7.455531010150419,0.8084755821515591,1.0573090909090908,0.28451100831424286,10,gh,1,108ssdya|1j25lcg3|2dz5zxb2|icxcbb3j|sgu796fi|w7s9esrf,20260826,0.861111111111111
727aeab3-4e37-4074-aa8a-edb9ed62fd8f,12,12.07514116359129,0.4448316751725693,9.544487932110137,0.9968704306530265,3.9612403100775206,0.7153392795965159,12,gh,1,108ssdya|1j25lcg3|2dz5zxb2|icxcbb3j|sgu796fi|w7s9esrf,20260826,0.8333333333333334
727aeab3-4e37-4074-aa8a-edb9ed62fd8f,13,10.137967488926769,0.4540932551797568,14.954627778921118,1.0,1.3746630727762805,0.793942163982989,7,gh,1,108ssdya|1j25lcg3|2dz5zxb2|icxcbb3j|sgu796fi|w7s9esrf,20260826,0.8333333333333334
727aeab3-4e37-4074-aa8a-edb9ed62fd8f,14,7.011885416028803,0.532896083623275,7.506945660358569,1.0,0.1661807580174927,0.7374556178136296,14,gh,1,108ssdya|1j25lcg3|2dz5zxb2|icxcbb3j|sgu796fi|w7s9esrf,20260826,1.0
727aeab3-4e37-4074-aa8a-edb9ed62fd8f,15,3.5027092253396517,0.29190835134443005,23.011861948765507,0.8753102444380331,0.21954545454545452,0.35197541956727596,44,gh,1,108ssdya|1j25lcg3|2dz5zxb2|icxcbb3j|sgu796fi|w7s9esrf,20260826,1.0
792b99cc-c375-4006-9b7f-6b7ceeb15ffe,1,21.557606283527086,0.25164723867157185,2.0728105289015724,0.960727148431737,0.1556318949867337,2.3839925721012283,6,ng,1,00g81xoq|01xk5dk9|3hlfki3e|a9rbe355|etak4i29|mrocn3qi,20260826,1.0
792b99cc-c375-4006-9b7f-6b7ceeb15ffe,2,26.252522558078653,0.8367460454006568,2.0,0.07703318823579047,0.5498632150559098,1.0965998420861824,12,ng,1,00g81xoq|01xk5dk9|3hlfki3e|a9rbe355|etak4i29|mrocn3qi,20260826,1.0
792b99cc-c375-4006-9b7f-6b7ceeb15ffe,3,20.966581364458786,0.24220335527327788,2.6760612120751763,0.9817058173864383,0.6203703703703703,1.5806539888434932,2,ng,1,00g81xoq|01xk5dk9|3hlfki3e|a9rbe355|etak4i29|mrocn3qi,20260826,1.0
792b99cc-c375-4006-9b7f-6b7ceeb15ffe,4,15.131182052770697,0.16027577488062686,3.09655155626106,1.0,0.34876234876234874,0.7288709305044326,3,ng,1,00g81xoq|01xk5dk9|3hlfki3e|a9rbe355|etak4i29|mrocn3qi,20260826,0.4444444444444444
792b99cc-c375-4006-9b7f-6b7ceeb15ffe,5,3.9902014832470374,0.03859256084615271,2.0,1.0,0.2148148148148148,0.2011901570666141,3,ng,1,00g81xoq|01xk5dk9|3hlfki3e|a9rbe355|etak4i29|mrocn3qi,20260826,1.0
792b99cc-c375-4006-9b7f-6b7ceeb15ffe,6,24.461712404487333,0.5016539397772413,3.1550259871715522,1.0,1.43687717553456,0.7454638545173778,5,ng,1,00g81xoq|01xk5dk9|3hlfki3e|a9rbe355|etak4i29|mrocn3qi,20260826,1.0
792b99cc-c375-4006-9b7f-6b7ceeb15ffe,7,25.488015116367436,0.59760016611551,2.533303592642856,1.0,2.0111111111111106,0.5873154712117037,6,ng,1,00g81xoq|01xk5dk9|3hlfki3e|a9rbe355|etak4i29|mrocn3qi,20260826,1.0
792b99cc-c375-4006-9b7f-6b7ceeb15ffe,8,23.746374174313065,0.5261959942350385,2.19472122574611,1.0,1.3947368421052633,1.1215231653130484,2,ng,1,00g81xoq|01xk5dk9|3hlfki3e|a9rbe355|etak4i29|mrocn3qi,20260826,1.0
792b99cc-c375-4006-9b7f-6b7ceeb15ffe,9,12.975934521162195,0.2918348157657141,2.203477689222885,1.0,4.571428571428571,1.0394351489668716,2,ng,1,00g81xoq|01xk5dk9|3hlfki3e|a9rbe355|etak4i29|mrocn3qi,20260826,1.0
792b99cc-c375-4006-9b7f-6b7ceeb15ffe,10,13.21892345666347,0.37370125558107925,2.0408574967738007,1.0,2.6971428571428575,1.203962578394023,5,ng,1,00g81xoq|01xk5dk9|3hlfki3e|a9rbe355|etak4i29|mrocn3qi,20260826,1.0
792b99cc-c375-4006-9b7f-6b7ceeb15ffe,11,17.185723138550713,0.5364854293467067,2.1454468721803925,0.9430492068670496,2.0761904761904764,1.092287818104784,3,ng,1,00g81xoq|01xk5dk9|3hlfki3e|a9rbe355|etak4i29|mrocn3qi,20260826,1.0
792b99cc-c375-4006-9b7f-6b7ceeb15ffe,12,18.306236264228207,0.6354263652528955,2.390010496959544,1.0,1.8285714285714287,1.1177100715842216,4,ng,1,00g81xoq|01xk5dk9|3hlfki3e|a9rbe355|etak4i29|mrocn3qi,20260826,1.0
792b99cc-c375-4006-9b7f-6b7ceeb15ffe,13,13.476696871117705,0.6608576622481556,2.0814675898666883,0.16024509671974027,4.871058925853446,0.9318015538705304,3,ng,1,00g81xoq|01xk5dk9|3hlfki3e|a9rbe355|etak4i29|mrocn3qi,20260826,0.8
792b99cc-c375-4006-9b7f-6b7ceeb15ffe,14,0.8409700208437608,0.06369476712258076,2.0,0.245976078951705,1.9138943248532285,0.7102384397445943,1,ng,1,00g81xoq|01xk5dk9|3hlfki3e|a9rbe355|etak4i29|mrocn3qi,20260826,1.0
792b99cc-c375-4006-9b7f-6b7ceeb15ffe,15,1.1830112802432782,0.14738381028899736,2.907760149790852,0.8770090451714353,0.161339421613394,0.13681275553152808,6,ng,1,00g81xoq|01xk5dk9|3hlfki3e|a9rbe355|etak4i29|mrocn3qi,20260826,1.0
80f251dc-c278-4363-81ce-f661c1e5cc3d,1,1.0905194192187042,0.009006451196422438,3.7615446028008153,0.2866980509035086,0.009106741237761756,0.009984456786570296,8,gh,2,108ssdya|1j25lcg3|2dz5zxb2|icxcbb3j|sgu796fi|w7s9esrf,20260826,1.0
80f251dc-c278-4363-81ce-f661c1e5cc3d,2,11.174488719916914,0.09865668166576427,3.005310389650693,0.880197211058609,0.06727622890682318,0.05937408132850784,8,gh,2,108ssdya|1j25lcg3|2dz5zxb2|icxcbb3j|sgu796fi|w7s9esrf,20260826,0.8888888888888888
80f251dc-c278-4363-81ce-f661c1e5cc3d,3,9.297600964453094,0.0836007814760556,3.5257491669444527,0.5822309213321372,0.10990870664073278,0.14888842628206286,9,gh,2,108ssdya|1j25lcg3|2dz5zxb2|icxcbb3j|sgu796fi|w7s9esrf,20260826,1.0
80f251dc-c278-4363-81ce-f661c1e5cc3d,4,10.26160674046631,0.09698589577200517,2.5897672589457863,0.7069508408533778,0.01731601731601732,0.07894859576888885,7,gh,2,108ssdya|1j25lcg3|2dz5zxb2|icxcbb3j|sgu796fi|w7s9esrf,20260826,0.7222222222222222
80f251dc-c278-4363-81ce-f661c1e5cc3d,5,5.9152729206555925,0.06120176566032245,17.513036450167622,0.5998158575768677,0.0400728597449909,0.16032737951943674,6,gh,2,108ssdya|1j25lcg3|2dz5zxb2|icxcbb3j|sgu796fi|w7s9esrf,20260826,1.0
80f251dc-c278-4363-81ce-f661c1e5cc3d,6,1.073443745098788,0.012939163514753894,16.327607542571506,0.5352774015792731,0.05600000000000001,0.11684142486995569,10,gh,2,108ssdya|1j25lcg3|2dz5zxb2|icxcbb3j|sgu796fi|w7s9esrf,20260826,0.7
80f251dc-c278-4363-81ce-f661c1e5cc3d,7,3.240896280536307,0.04256105488940597,4.229204534943437,0.4503133345615446,0.48763559477845203,0.18362684361470752,7,gh,2,108ssdya|1j25lcg3|2dz5zxb2|icxcbb3j|sgu796fi|w7s9esrf,20260826,0.9
80f251dc-c278-4363-81ce-f661c1e5cc3d,8,4.577676256605921,0.07019096080563521,2.6528721693442514,0.745777676728531,0.6074766355140186,0.16816404523710854,4,gh,2,108ssdya|1j25lcg3|2dz5zxb2|icxcbb3j|sgu796fi|w7s9esrf,20260826,0.6666666666666666
80f251dc-c278-4363-81ce-f661c1e5cc3d,9,3.4819605578724304,0.0646076035032786,3.326596707478245,0.8411491549491931,0.44820121636944665,0.21842431477551272,8,gh,2,108ssdya|1j25lcg3|2dz5zxb2|icxcbb3j|sgu796fi|w7s9esrf,20260826,0.7333333333333333
80f251dc-c278-4363-81ce-f661c1e5cc3d,10,2.602812180479958,0.051109396238518026,4.0593838038788554,0.21184873090777157,0.07705338809034898,0.09199651168417149,16,gh,2,108ssdya|1j25lcg3|2dz5zxb2|icxcbb3j|sgu796fi|w7s9esrf,20260826,0.8835978835978836
80f251dc-c278-4363-81ce-f661c1e5cc3d,11,4.6961044242363625,0.11952084812261389,2.231927839663543,0.9830890733019162,0.20869071286566307,0.14615692468465574,7,gh,2,108ssdya|1j25lcg3|2dz5zxb2|icxcbb3j|sgu796fi|w7s9esrf,20260826,0.8666666666666666
80f251dc-c278-4363-81ce-f661c1e5cc3d,12,5.470582463639855,0.1534898209874071,5.3148616540738,0.5358950183827123,1.2825806451612902,0.33410768149695336,6,gh,2,108ssdya|1j25lcg3|2dz5zxb2|icxcbb3j|sgu796fi|w7s9esrf,20260826,0.7333333333333333
80f251dc-c278-4363-81ce-f661c1e5cc3d,13,11.97448607286059,0.8046426779948964,4.382686702160198,0.9428745501199599,1.2055981339553479,0.6151811202710193,10,gh,2,108ssdya|1j25lcg3|2dz5zxb2|icxcbb3j|sgu796fi|w7s9esrf,20260826,0.6785714285714286
80f251dc-c278-4363-81ce-f661c1e5cc3d,14,8.845246515308494,0.6204028598040217,3.9716465572378343,1.0,1.04946850706013,1.0523118665715203,15,gh,2,108ssdya|1j25lcg3|2dz5zxb2|icxcbb3j|sgu796fi|w7s9esrf,20260826,0.8956228956228957
80f251dc-c278-4363-81ce-f661c1e5cc3d,15,6.009291832329214,0.6135137561877905,3.123387826000263,0.9793262933805785,0.419294990723562,0.6201148431825108,11,gh,2,108ssdya|1j25lcg3|2dz5zxb2|icxcbb3j|sgu796fi|w7s9esrf,20260826,0.6799999999999999
b0eca25a-c9c1-4b52-a273-a509e63a7229,1,6.118326478018531,0.057535528385799534,2.040702553375271,0.9998700740360958,0.07014139467670297,0.5303254461713052,4,ghp,1,3mu21szb|8m72ygxx|caoxz34q|e70ixf6a|rdnkoe93|yvu0j0px,20260826,0.8888888888888888
b0eca25a-c9c1-4b52-a273-a509e63a7229,2,4.5485101177404355,0.039892192582843794,2.3700732820654395,1.0,0.06875610287132025,0.065513673264802,10,ghp,1,3mu21szb|8m72ygxx|caoxz34q|e70ixf6a|rdnkoe93|yvu0j0px,20260826,1.0
b0eca25a-c9c1-4b52-a273-a509e63a7229,3,11.18705493126261,0.104626714256813,2.0,0.9763550248042377,0.31662524700866673,0.22003187393701165,9,ghp,1,3mu21szb|8m72ygxx|caoxz34q|e70ixf6a|rdnkoe93|yvu0j0px,20260826,0.6685714285714285
b0eca25a-c9c1-4b52-a273-a509e63a7229,4,15.583130250469445,0.15535856863155673,2.0,0.8930958514042643,0.14486486486486488,0.12601467479264428,5,ghp,1,3mu21szb|8m72ygxx|caoxz34q|e70ixf6a|rdnkoe93|yvu0j0px,20260826,0.5333333333333333
b0eca25a-c9c1-4b52-a273-a509e63a7229,5,12.142507805533878,0.16220986641999716,3.244163765813665,0.8268220481196991,0.11462520273605528,0.17390247943423218,4,ghp,1,3mu21szb|8m72ygxx|caoxz34q|e70ixf6a|rdnkoe93|yvu0j0px,20260826,1.0
b0eca25a-c9c1-4b52-a273-a509e63a7229,6,7.322818354704352,0.08832234008228636,2.0189952908771374,0.9726892803944454,0.07854984894259819,0.1264282545470195,6,ghp,1,3mu21szb|8m72ygxx|caoxz34q|e70ixf6a|rdnkoe93|yvu0j0px,20260826,1.0
b0eca25a-c9c1-4b52-a273-a509e63a7229,7,5.662414632702608,0.06928132349463537,2.0459100523681033,0.8747457930341742,0.35036496350364965,0.19049504216485785,9,ghp,1,3mu21szb|8m72ygxx|caoxz34q|e70ixf6a|rdnkoe93|yvu0j0px,20260826,0.9166666666666666
b0eca25a-c9c1-4b52-a273-a509e63a7229,8,12.941794207090384,0.1820258970058392,3.714816725203898,1.0,0.12666666666666668,0.17995827693442729,2,ghp,1,3mu21szb|8m72ygxx|caoxz34q|e70ixf6a|rdnkoe93|yvu0j0px,20260826,1.0
b0eca25a-c9c1-4b52-a273-a509e63a7229,9,3.9486806781095707,0.05427439789531471,3.007463101035214,1.0,0.023204045228723498,0.19081754791129743,9,ghp,1,3mu21szb|8m72ygxx|caoxz34q|e70ixf6a|rdnkoe93|yvu0j0px,20260826,0.7222222222222222
b0eca25a-c9c1-4b52-a273-a509e63a7229,10,1.8917690916924859,0.025136240707734295,2.050004494935641,1.0,0.31952017448200654,0.1374484302721941,7,ghp,1,3mu21szb|8m72ygxx|caoxz34q|e70ixf6a|rdnkoe93|yvu0j0px,20260826,0.8888888888888888
b0eca25a-c9c1-4b52-a273-a509e63a7229,11,1.6293301440782366,0.0219418511166927,2.006523010619416,1.0,0.27857506361323153,0.12375951838683787,6,ghp,1,3mu21szb|8m72ygxx|caoxz34q|e70ixf6a|rdnkoe93|yvu0j0px,20260826,0.5555555555555555
b0eca25a-c9c1-4b52-a273-a509e63a7229,12,0.9336449167840473,0.013108680441641924,2.518090837093171,1.0,0.22590909090909086,0.09585687466321949,2,ghp,1,3mu21szb|8m72ygxx|caoxz34q|e70ixf6a|rdnkoe93|yvu0j0px,20260826,1.0
b0eca25a-c9c1-4b52-a273-a509e63a7229,13,2.5031190923530993,0.03746859804089558,2.407200305862948,1.0,0.042865671641791045,0.07479436733023373,10,ghp,1,3mu21szb|8m72ygxx|caoxz34q|e70ixf6a|rdnkoe93|yvu0j0px,20260826,0.6666666666666666
b0eca25a-c9c1-4b52-a273-a509e63a7229,14,2.147795307026145,0.03267400871893241,2.0,0.2615078093876541,0.22356302521008403,0.08855101917526471,10,ghp,1,3mu21szb|8m72ygxx|caoxz34q|e70ixf6a|rdnkoe93|yvu0j0px,20260826,1.0
b0eca25a-c9c1-4b52-a273-a509e63a7229,15,2.38393546655866,0.04054581468287539,2.080414877232337,0.36721145633396696,0.06351694915254238,0.051295345099125776,16,ghp,1,3mu21szb|8m72ygxx|caoxz34q|e70ixf6a|rdnkoe93|yvu0j0px,20260826,0.8333333333333334
d21a648c-851e-4cfb-8dc1-9849fa4daf59,1,4.876517950211177,0.06350252078534593,2.033420967815627,0.3402307187749264,0.6287287132787981,1.492795188472227,4,ng,2,00g81xoq|01xk5dk9|3hlfki3e|a9rbe355|etak4i29|mrocn3qi,20260826,1.0
d21a648c-851e-4cfb-8dc1-9849fa4daf59,2,14.466966855645277,0.17815369453176713,2.0,0.9615692285990267,0.5645811923496442,1.0047889281614415,5,ng,2,00g81xoq|01xk5dk9|3hlfki3e|a9rbe355|etak4i29|mrocn3qi,20260826,1.0
d21a648c-851e-4cfb-8dc1-9849fa4daf59,3,5.826803053492212,0.0742528971418413,2.092196573897837,1.0,0.12421188151988925,0.8668873400842677,3,ng,2,00g81xoq|01xk5dk9|3hlfki3e|a9rbe355|etak4i29|mrocn3qi,20260826,1.0
d21a648c-851e-4cfb-8dc1-9849fa4daf59,4,7.15025252743048,0.08167647158233114,2.0,1.0,0.028776978417266185,0.07487000770111774,2,ng,2,00g81xoq|01xk5dk9|3hlfki3e|a9rbe355|etak4i29|mrocn3qi,20260826,1.0
d21a648c-851e-4cfb-8dc1-9849fa4daf59,5,2.5996818168261218,0.030218953854536768,2.022628040746065,0.9885663040397455,,0.04170017911742406,0,ng,2,00g81xoq|01xk5dk9|3hlfki3e|a9rbe355|etak4i29|mrocn3qi,20260826,
d21a648c-851e-4cfb-8dc1-9849fa4daf59,6,14.358501060372257,0.18173118868971408,2.760157291477051,0.7401549310801072,0.08928520877565457,0.05893764624189441,9,ng,2,00g81xoq|01xk5dk9|3hlfki3e|a9rbe355|etak4i29|mrocn3qi,20260826,0.8333333333333334
d21a648c-851e-4cfb-8dc1-9849fa4daf59,7,57.0817989646941,1.796322095273421,2.7811286328673064,0.5848491499822733,2.642857142857143,0.8660151040944419,2,ng,2,00g81xoq|01xk5dk9|3hlfki3e|a9rbe355|etak4i29|mrocn3qi,20260826,1.0
d21a648c-851e-4cfb-8dc1-9849fa4daf59,8,46.92347765450519,1.6414283095820978,2.937910287129291,1.0,1.84,4.102283336783346,2,ng,2,00g81xoq|01xk5dk9|3hlfki3e|a9rbe355|etak4i29|mrocn3qi,20260826,1.0
d21a648c-851e-4cfb-8dc1-9849fa4daf59,9,29.40810955774039,1.02189590535107,2.3035786228652597,0.9095634999057646,0.656,0.9370985790409215,5,ng,2,00g81xoq|01xk5dk9|3hlfki3e|a9rbe355|etak4i29|mrocn3qi,20260826,1.0
d21a648c-851e-4cfb-8dc1-9849fa4daf59,10,10.624208491332215,0.3761300265688006,2.4150513017823543,1.0,0.2978723404255319,0.3878512344687048,1,ng,2,00g81xoq|01xk5dk9|3hlfki3e|a9rbe355|etak4i29|mrocn3qi,20260826,1.0
d21a648c-851e-4cfb-8dc1-9849fa4daf59,11,5.926663502503753,0.22235393298933914,2.0229185711293227,1.0,0.24719101123595505,0.3819434716463973,4,ng,2,00g81xoq|01xk5dk9|3hlfki3e|a9rbe355|etak4i29|mrocn3qi,20260826,1.0
d21a648c-851e-4cfb-8dc1-9849fa4daf59,12,4.052134614468151,0.15674666291971934,2.0,1.0,1.7142857142857142,0.606561977576859,1,ng,2,00g81xoq|01xk5dk9|3hlfki3e|a9rbe355|etak4i29|mrocn3qi,20260826,1.0
d21a648c-851e-4cfb-8dc1-9849fa4daf59,13,3.036946025940734,0.12985513324233028,2.0,1.0,0.0802047781569967,0.179482579764567,1,ng,2,00g81xoq|01xk5dk9|3hlfki3e|a9rbe355|etak4i29|mrocn3qi,20260826,1.0
d21a648c-851e-4cfb-8dc1-9849fa4daf59,14,7.6707793197402205,0.3751969004168268,2.0,1.0,0.18093855829704886,0.49433082761244324,13,ng,2,00g81xoq|01xk5dk9|3hlfki3e|a9rbe355|etak4i29|mrocn3qi,20260826,1.0
d21a648c-851e-4cfb-8dc1-9849fa4daf59,15,6.4234707678594445,0.2984910732022744,2.0,1.0,0.14515873015873018,0.5378346768247001,12,ng,2,00g81xoq|01xk5dk9|3hlfki3e|a9rbe355|etak4i29|mrocn3qi,20260826,1.0
e2c2318e-0678-474d-bdf2-b31e6e134e04,1,1.9048355221225195,0.014895757005816105,2.0761690223233638,0.8726037074682175,0.009214896034747405,0.0182850968920897,5,ng,1,6swie1ys|9d6cveb5|dltkzvxc|dq2m7s6u|dw5igqpq|weju7mc9,20260826,1.0
e2c2318e-0678-474d-bdf2-b31e6e134e04,2,0.9942999669144741,0.00783783232112958,3.098101276941771,0.9760088474825007,0.01132413461990265,0.012772696245260971,8,ng,1,6swie1ys|9d6cveb5|dltkzvxc|dq2m7s6u|dw5igqpq|weju7mc9,20260826,1.0
e2c2318e-0678-474d-bdf2-b31e6e134e04,3,1.2870364696922267,0.010188325774021331,2.122080340517156,1.0,0.004005858369948103,0.35588055222343357,5,ng,1,6swie1ys|9d6cveb5|dltkzvxc|dq2m7s6u|dw5igqpq|weju7mc9,20260826,1.0
e2c2318e-0678-474d-bdf2-b31e6e134e04,4,11.482931416922474,0.10006891211804148,2.025134777432999,1.0,0.2542726679712981,0.16718896944973005,7,ng,1,6swie1ys|9d6cveb5|dltkzvxc|dq2m7s6u|dw5igqpq|weju7mc9,20260826,0.8333333333333334
e2c2318e-0678-474d-bdf2-b31e6e134e04,5,3.362781836248655,0.03153483713263823,2.317632127659714,1.0,0.563953488372093,0.18686960054380258,4,ng,1,6swie1ys|9d6cveb5|dltkzvxc|dq2m7s6u|dw5igqpq|weju7mc9,20260826,0.75
e2c2318e-0678-474d-bdf2-b31e6e134e04,6,12.024802802958625,0.13780052112449434,3.287338872498172,1.0,0.9725085910652922,0.21529401873853715,2,ng,1,6swie1ys|9d6cveb5|dltkzvxc|dq2m7s6u|dw5igqpq|weju7mc9,20260826,1.0
e2c2318e-0678-474d-bdf2-b31e6e134e04,7,23.487190435430165,0.27848907291667135,4.4285807268193516,0.9638391859517208,0.3642611683848797,0.18727677384931593,1,ng,1,6swie1ys|9d6cveb5|dltkzvxc|dq2m7s6u|dw5igqpq|weju7mc9,20260826,1.0
e2c2318e-0678-474d-bdf2-b31e6e134e04,8,5.043742520311305,0.07372712526476968,3.128674891026648,1.0,0.064030131826742,0.1017059553817453,3,ng,1,6swie1ys|9d6cveb5|dltkzvxc|dq2m7s6u|dw5igqpq|weju7mc9,20260826,1.0
e2c2318e-0678-474d-bdf2-b31e6e134e04,9,7.9208037058721885,0.11017998509160377,2.8241266447387696,1.0,0.618342010412495,0.26982657499432167,11,ng,1,6swie1ys|9d6cveb5|dltkzvxc|dq2m7s6u|dw5igqpq|weju7mc9,20260826,0.8888888888888888
e2c2318e-0678-474d-bdf2-b31e6e134e04,10,4.906377012716304,0.06685808110845531,2.8634315810594337,1.0,0.6696035242290749,0.25531610107849845,6,ng,1,6swie1ys|9d6cveb5|dltkzvxc|dq2m7s6u|dw5igqpq|weju7mc9,20260826,0.8333333333333334
e2c2318e-0678-474d-bdf2-b31e6e134e04,11,16.447983882455713,0.3215961447474205,2.0196091390279594,0.9127465486634943,1.2000000000000002,0.3676903966595583,2,ng,1,6swie1ys|9d6cveb5|dltkzvxc|dq2m7s6u|dw5igqpq|weju7mc9,20260826,1.0
e2c2318e-0678-474d-bdf2-b31e6e134e04,12,16.760051213060997,0.5516390637931543,2.9097671672231975,0.5159157699418839,1.7908496732026145,0.6597722000458917,3,ng,1,6swie1ys|9d6cveb5|dltkzvxc|dq2m7s6u|dw5igqpq|weju7mc9,20260826,1.0
e2c2318e-0678-474d-bdf2-b31e6e134e04,13,5.011771502756777,0.20846977401488995,2.421034571706994,0.1562576258630835,0.15555555555555556,0.16470958672143537,6,ng,1,6swie1ys|9d6cveb5|dltkzvxc|dq2m7s6u|dw5igqpq|weju7mc9,20260826,1.0
e2c2318e-0678-474d-bdf2-b31e6e134e04,14,,,,0.0,,,2,ng,1,6swie1ys|9d6cveb5|dltkzvxc|dq2m7s6u|dw5igqpq|weju7mc9,20260826,1.0
e2c2318e-0678-474d-bdf2-b31e6e134e04,15,,,,0.0,,,5,ng,1,6swie1ys|9d6cveb5|dltkzvxc|dq2m7s6u|dw5igqpq|weju7mc9,20260826,0.875
