trading_session_uuid,is_simulated,market_number,trading_day,event_seq,event_ts,source_mbo_event_seq,source_order_id,source_order_event_type,best_bid_px,best_bid_sz,best_bid_ct,best_ask_px,best_ask_sz,best_ask_ct,spread,midpoint,source_created_ts
418c69c6-ec34-43cb-8592-f2fd1b6fcf4f,0,1,1,1,2026-04-07T16:17:17.331178+00:00,1,808847a3-30c4-4bee-8f65-f7002d7e5a33,add,110.0,1.0,1,,,,,,1775578637.412245
418c69c6-ec34-43cb-8592-f2fd1b6fcf4f,0,1,1,2,2026-04-07T16:17:21.886750+00:00,2,ac4aff9d-0077-4852-bc31-1f28d333a6b4,add,110.0,1.0,1,130.0,1.0,1,20.0,120.0,1775578641.915291
418c69c6-ec34-43cb-8592-f2fd1b6fcf4f,0,1,1,3,2026-04-07T16:17:26.267139+00:00,3,,trade,110.0,1.0,1,,,,,,1775578646.344765
418c69c6-ec34-43cb-8592-f2fd1b6fcf4f,0,1,1,4,2026-04-07T16:17:32.131936+00:00,6,82245222-a802-4be4-a499-96f092b89603,add,110.0,1.0,1,,,,,,1775578652.162411
418c69c6-ec34-43cb-8592-f2fd1b6fcf4f,0,1,1,5,2026-04-07T16:17:36.532867+00:00,7,86415940-4186-4b2f-a344-b017514277dd,add,110.0,1.0,1,120.0,1.0,1,10.0,115.0,1775578656.56021
418c69c6-ec34-43cb-8592-f2fd1b6fcf4f,0,1,1,6,2026-04-07T16:17:39.568196+00:00,8,,trade,110.0,1.0,1,,,,,,1775578659.637007
418c69c6-ec34-43cb-8592-f2fd1b6fcf4f,0,1,1,7,2026-04-07T16:17:44.185717+00:00,11,,trade,90.0,1.0,1,,,,,,1775578664.256631
418c69c6-ec34-43cb-8592-f2fd1b6fcf4f,0,1,1,8,2026-04-07T16:17:48.379463+00:00,14,f414dd50-97b9-4646-9b6b-9b65cf5978b5,add,90.0,1.0,1,,,,,,1775578668.407091
418c69c6-ec34-43cb-8592-f2fd1b6fcf4f,0,1,1,9,2026-04-07T16:17:53.338305+00:00,15,0dfa3621-49af-4d13-8dd1-5f06ebbe63c8,add,150.0,1.0,1,,,,,,1775578673.373866
418c69c6-ec34-43cb-8592-f2fd1b6fcf4f,0,1,1,10,2026-04-07T16:17:57.929782+00:00,16,cd9c3fef-a9fb-4eab-8656-a360d152420e,add,150.0,1.0,1,170.0,1.0,1,20.0,160.0,1775578677.957101
418c69c6-ec34-43cb-8592-f2fd1b6fcf4f,0,1,1,11,2026-04-07T16:18:01.227522+00:00,17,,trade,90.0,1.0,1,170.0,1.0,1,80.0,130.0,1775578681.388645
418c69c6-ec34-43cb-8592-f2fd1b6fcf4f,0,1,2,12,2026-04-07T16:18:53.954922+00:00,20,,trade,80.0,1.0,1,170.0,1.0,1,90.0,125.0,1775578734.03137
418c69c6-ec34-43cb-8592-f2fd1b6fcf4f,0,1,2,13,2026-04-07T16:19:05.802883+00:00,23,990d8d75-3b37-4137-be90-63e790cdef30,add,108.0,1.0,1,170.0,1.0,1,62.0,139.0,1775578745.833517
418c69c6-ec34-43cb-8592-f2fd1b6fcf4f,0,1,2,14,2026-04-07T16:19:11.115353+00:00,24,78b1ec01-bd8d-4a85-8c3b-6d9703bad1aa,add,108.0,1.0,1,112.0,1.0,1,4.0,110.0,1775578751.145259
418c69c6-ec34-43cb-8592-f2fd1b6fcf4f,0,1,2,15,2026-04-07T16:19:14.686442+00:00,25,,trade,108.0,1.0,1,170.0,1.0,1,62.0,139.0,1775578754.76682
418c69c6-ec34-43cb-8592-f2fd1b6fcf4f,0,1,2,16,2026-04-07T16:19:18.350891+00:00,28,,trade,80.0,1.0,1,170.0,1.0,1,90.0,125.0,1775578758.454021
418c69c6-ec34-43cb-8592-f2fd1b6fcf4f,0,1,2,17,2026-04-07T16:19:22.875323+00:00,31,,trade,80.0,1.0,1,,,,,,1775578762.946873
418c69c6-ec34-43cb-8592-f2fd1b6fcf4f,0,1,1,18,2026-04-07T16:20:24.772367+00:00,34,f414dd50-97b9-4646-9b6b-9b65cf5978b5,cancel,,,,,,,,,1775578824.778957
418c69c6-ec34-43cb-8592-f2fd1b6fcf4f,0,1,3,19,2026-04-07T16:20:28.506722+00:00,35,857305a3-ada1-4389-9bc1-4874d175bdb3,add,,,,100.0,1.0,1,,,1775578828.538943
418c69c6-ec34-43cb-8592-f2fd1b6fcf4f,0,1,3,20,2026-04-07T16:20:32.613021+00:00,36,fb83d4f6-e688-4d44-a306-0e9570bc72a0,add,90.0,1.0,1,100.0,1.0,1,10.0,95.0,1775578832.641584
418c69c6-ec34-43cb-8592-f2fd1b6fcf4f,0,1,3,21,2026-04-07T16:20:36.430065+00:00,37,,trade,90.0,1.0,1,,,,,,1775578836.502409
418c69c6-ec34-43cb-8592-f2fd1b6fcf4f,0,1,3,22,2026-04-07T16:20:46.438384+00:00,40,f5f3ec90-ef28-4124-8835-6eb6aff552a5,add,95.0,1.0,1,,,,,,1775578846.466998
418c69c6-ec34-43cb-8592-f2fd1b6fcf4f,0,1,3,23,2026-04-07T16:20:49.700495+00:00,41,,trade,90.0,1.0,1,,,,,,1775578849.772061
418c69c6-ec34-43cb-8592-f2fd1b6fcf4f,0,1,3,24,2026-04-07T16:20:53.863477+00:00,44,,trade,,,,,,,,,1775578853.93464
418c69c6-ec34-43cb-8592-f2fd1b6fcf4f,0,1,3,25,2026-04-07T16:21:01.047603+00:00,47,1b5df599-1095-4277-b32f-54f27d1d7a49,add,90.0,1.0,1,,,,,,1775578861.086772
418c69c6-ec34-43cb-8592-f2fd1b6fcf4f,0,1,3,26,2026-04-07T16:21:04.767699+00:00,48,8d7c24b0-b464-40c6-9cb2-d6e162e962ab,add,90.0,1.0,1,100.0,1.0,1,10.0,95.0,1775578864.796315
418c69c6-ec34-43cb-8592-f2fd1b6fcf4f,0,1,3,27,2026-04-07T16:21:14.219008+00:00,49,,trade,90.0,1.0,1,,,,,,1775578874.289086
418c69c6-ec34-43cb-8592-f2fd1b6fcf4f,0,1,4,28,2026-04-07T16:22:02.137090+00:00,52,3b8b220f-e7ce-4e61-9a2b-daefc5ec9fc0,add,120.0,1.0,1,,,,,,1775578922.182071
418c69c6-ec34-43cb-8592-f2fd1b6fcf4f,0,1,4,29,2026-04-07T16:22:06.629139+00:00,53,5e6107eb-dbc0-494e-9c43-8b6693479f45,add,120.0,1.0,1,130.0,1.0,1,10.0,125.0,1775578926.659212
418c69c6-ec34-43cb-8592-f2fd1b6fcf4f,0,1,4,30,2026-04-07T16:22:12.240234+00:00,54,,trade,120.0,1.0,1,,,,,,1775578932.320826
418c69c6-ec34-43cb-8592-f2fd1b6fcf4f,0,1,4,31,2026-04-07T16:22:17.003549+00:00,57,,trade,90.0,1.0,1,,,,,,1775578937.072699
418c69c6-ec34-43cb-8592-f2fd1b6fcf4f,0,1,5,32,2026-04-07T16:23:36.108402+00:00,60,e8d7f006-df7a-44dd-9d98-0ab74ba1f200,add,90.0,1.0,1,120.0,1.0,1,30.0,105.0,1775579016.136073
418c69c6-ec34-43cb-8592-f2fd1b6fcf4f,0,1,5,33,2026-04-07T16:23:38.655108+00:00,61,,trade,90.0,1.0,1,,,,,,1775579018.723635
418c69c6-ec34-43cb-8592-f2fd1b6fcf4f,0,1,5,34,2026-04-07T16:23:42.856491+00:00,64,,trade,,,,,,,,,1775579022.927401
418c69c6-ec34-43cb-8592-f2fd1b6fcf4f,0,1,5,35,2026-04-07T16:23:46.554311+00:00,67,f6aac513-ab6e-4f5c-95b3-2b74571481e6,add,90.0,1.0,1,,,,,,1775579026.582337
418c69c6-ec34-43cb-8592-f2fd1b6fcf4f,0,1,5,36,2026-04-07T16:23:49.622293+00:00,68,4efa1384-63ba-4858-9fa0-4afff635bf4f,add,90.0,1.0,1,130.0,1.0,1,40.0,110.0,1775579029.65003
418c69c6-ec34-43cb-8592-f2fd1b6fcf4f,0,1,5,37,2026-04-07T16:23:52.767904+00:00,69,55b33d63-32b3-4340-be78-4b8480765d7b,add,90.0,2.0,2,130.0,1.0,1,40.0,110.0,1775579032.798588
418c69c6-ec34-43cb-8592-f2fd1b6fcf4f,0,1,5,38,2026-04-07T16:23:55.709843+00:00,70,,trade,90.0,2.0,2,,,,,,1775579035.77766
418c69c6-ec34-43cb-8592-f2fd1b6fcf4f,0,1,5,39,2026-04-07T16:24:02.428473+00:00,73,,trade,90.0,1.0,1,,,,,,1775579042.49885
418c69c6-ec34-43cb-8592-f2fd1b6fcf4f,0,1,5,40,2026-04-07T16:24:08.088550+00:00,76,,trade,,,,,,,,,1775579048.159172
418c69c6-ec34-43cb-8592-f2fd1b6fcf4f,0,1,6,41,2026-04-07T16:25:07.741684+00:00,79,b1c24389-1316-4e59-a239-ca5e31771d89,add,80.0,1.0,1,,,,,,1775579107.769068
418c69c6-ec34-43cb-8592-f2fd1b6fcf4f,0,1,6,42,2026-04-07T16:25:13.509724+00:00,80,f052b650-6c15-4552-a9dd-969486b8747b,add,80.0,1.0,1,82.0,1.0,1,2.0,81.0,1775579113.544052
418c69c6-ec34-43cb-8592-f2fd1b6fcf4f,0,1,6,43,2026-04-07T16:25:16.669829+00:00,81,,trade,80.0,1.0,1,,,,,,1775579116.745356
418c69c6-ec34-43cb-8592-f2fd1b6fcf4f,0,1,6,44,2026-04-07T16:25:21.166949+00:00,84,,trade,,,,,,,,,1775579121.267675
418c69c6-ec34-43cb-8592-f2fd1b6fcf4f,0,1,6,45,2026-04-07T16:25:24.087846+00:00,87,485ad70d-9dbe-4ab2-a54e-2fd2ea87427d,add,80.0,1.0,1,,,,,,1775579124.122637
418c69c6-ec34-43cb-8592-f2fd1b6fcf4f,0,1,6,46,2026-04-07T16:25:31.098092+00:00,88,a96fe10c-dd77-4ff8-ba0f-6efc5f4c7deb,add,80.0,1.0,1,82.0,1.0,1,2.0,81.0,1775579131.126843
418c69c6-ec34-43cb-8592-f2fd1b6fcf4f,0,1,6,47,2026-04-07T16:25:33.710596+00:00,89,,trade,80.0,1.0,1,,,,,,1775579133.778271
418c69c6-ec34-43cb-8592-f2fd1b6fcf4f,0,1,6,48,2026-04-07T16:25:39.995006+00:00,92,,trade,,,,,,,,,1775579140.069942
418c69c6-ec34-43cb-8592-f2fd1b6fcf4f,0,1,6,49,2026-04-07T16:25:42.743570+00:00,95,2a91ef0d-3915-42af-8b65-6bef8e9752f6,add,,,,80.0,1.0,1,,,1775579142.771688
418c69c6-ec34-43cb-8592-f2fd1b6fcf4f,0,1,7,50,2026-04-07T16:26:14.344427+00:00,96,,trade,,,,,,,,,1775579174.414393
418c69c6-ec34-43cb-8592-f2fd1b6fcf4f,0,1,7,51,2026-04-07T16:26:27.562629+00:00,99,ddf751a7-c71f-4c15-a0e0-b8d6712998c0,add,80.0,1.0,1,,,,,,1775579187.591115
418c69c6-ec34-43cb-8592-f2fd1b6fcf4f,0,1,7,52,2026-04-07T16:26:32.153722+00:00,100,d534eca5-ab8c-4e84-8d66-580c96f11bfd,add,80.0,1.0,1,84.0,1.0,1,4.0,82.0,1775579192.211133
418c69c6-ec34-43cb-8592-f2fd1b6fcf4f,0,1,7,53,2026-04-07T16:26:35.032551+00:00,101,,trade,80.0,1.0,1,,,,,,1775579195.106117
418c69c6-ec34-43cb-8592-f2fd1b6fcf4f,0,1,7,54,2026-04-07T16:26:37.935442+00:00,104,,trade,,,,,,,,,1775579198.007581
418c69c6-ec34-43cb-8592-f2fd1b6fcf4f,0,1,7,55,2026-04-07T16:26:42.639052+00:00,107,53a41f04-6c59-4931-b88b-1df3315e6c62,add,77.0,1.0,1,,,,,,1775579202.668425
418c69c6-ec34-43cb-8592-f2fd1b6fcf4f,0,1,7,56,2026-04-07T16:26:45.586772+00:00,108,562975bc-d7ca-4504-ba8f-332fd9c320e1,add,77.0,1.0,1,79.0,1.0,1,2.0,78.0,1775579205.616161
418c69c6-ec34-43cb-8592-f2fd1b6fcf4f,0,1,7,57,2026-04-07T16:26:48.573214+00:00,109,,trade,77.0,1.0,1,,,,,,1775579208.646289
418c69c6-ec34-43cb-8592-f2fd1b6fcf4f,0,1,7,58,2026-04-07T16:26:52.185762+00:00,112,,trade,,,,,,,,,1775579212.269202
418c69c6-ec34-43cb-8592-f2fd1b6fcf4f,0,1,7,59,2026-04-07T16:27:02.295392+00:00,115,307fcb9b-530b-43cd-aef5-6856b9c0ba12,add,66.0,1.0,1,,,,,,1775579222.328403
418c69c6-ec34-43cb-8592-f2fd1b6fcf4f,0,1,7,60,2026-04-07T16:27:05.710489+00:00,116,a5d43fb1-a96f-41e9-9710-02c755f101a0,add,66.0,1.0,1,75.0,1.0,1,9.0,70.5,1775579225.739815
418c69c6-ec34-43cb-8592-f2fd1b6fcf4f,0,1,8,61,2026-04-07T16:28:27.289076+00:00,117,,trade,66.0,1.0,1,,,,,,1775579307.379715
418c69c6-ec34-43cb-8592-f2fd1b6fcf4f,0,1,8,62,2026-04-07T16:28:31.165717+00:00,120,,trade,,,,,,,,,1775579311.237234
418c69c6-ec34-43cb-8592-f2fd1b6fcf4f,0,1,8,63,2026-04-07T16:28:35.523676+00:00,123,28c2b07a-1dcf-4f0d-89ef-079817e5d8d4,add,,,,66.0,1.0,1,,,1775579315.553066
418c69c6-ec34-43cb-8592-f2fd1b6fcf4f,0,1,9,64,2026-04-07T16:29:54.723351+00:00,124,,trade,,,,,,,,,1775579394.799615
418c69c6-ec34-43cb-8592-f2fd1b6fcf4f,0,1,9,65,2026-04-07T16:29:58.577289+00:00,127,8bf91358-4c20-4730-83d8-8ed0330031cc,add,55.0,1.0,1,,,,,,1775579398.606268
418c69c6-ec34-43cb-8592-f2fd1b6fcf4f,0,1,9,66,2026-04-07T16:30:01.345413+00:00,128,32ab906a-8905-42bc-9698-3c59ae9c595b,add,55.0,1.0,1,75.0,1.0,1,20.0,65.0,1775579401.406065
418c69c6-ec34-43cb-8592-f2fd1b6fcf4f,0,1,9,67,2026-04-07T16:30:04.508664+00:00,129,,trade,55.0,1.0,1,,,,,,1775579404.578313
418c69c6-ec34-43cb-8592-f2fd1b6fcf4f,0,1,9,68,2026-04-07T16:30:07.400208+00:00,132,,trade,,,,,,,,,1775579407.475423
418c69c6-ec34-43cb-8592-f2fd1b6fcf4f,0,1,9,69,2026-04-07T16:30:10.370587+00:00,135,c379dd0a-f97e-4641-b948-b0d979cf42b1,add,66.0,1.0,1,,,,,,1775579410.510888
418c69c6-ec34-43cb-8592-f2fd1b6fcf4f,0,1,10,70,2026-04-07T16:30:57.288576+00:00,136,,trade,,,,,,,,,1775579457.361088
418c69c6-ec34-43cb-8592-f2fd1b6fcf4f,0,1,10,71,2026-04-07T16:31:03.023126+00:00,139,e234d293-b318-454e-bee0-83e3408c14ae,add,48.0,1.0,1,,,,,,1775579463.053306
418c69c6-ec34-43cb-8592-f2fd1b6fcf4f,0,1,10,72,2026-04-07T16:31:06.736769+00:00,140,31fa579d-761e-4faf-8822-ffb33e85c838,add,48.0,1.0,1,50.0,1.0,1,2.0,49.0,1775579466.764395
418c69c6-ec34-43cb-8592-f2fd1b6fcf4f,0,1,10,73,2026-04-07T16:31:14.116903+00:00,141,,trade,48.0,1.0,1,,,,,,1775579474.201778
418c69c6-ec34-43cb-8592-f2fd1b6fcf4f,0,1,10,74,2026-04-07T16:31:19.236490+00:00,144,,trade,,,,,,,,,1775579479.329942
418c69c6-ec34-43cb-8592-f2fd1b6fcf4f,0,1,10,75,2026-04-07T16:31:30.887258+00:00,147,9a18a0f8-8403-4007-a0fb-d420c3014e6c,add,66.0,1.0,1,,,,,,1775579490.917288
418c69c6-ec34-43cb-8592-f2fd1b6fcf4f,0,1,10,76,2026-04-07T16:31:33.738727+00:00,148,,trade,,,,,,,,,1775579493.810189
418c69c6-ec34-43cb-8592-f2fd1b6fcf4f,0,1,12,77,2026-04-07T16:34:09.365481+00:00,151,f9345765-63cb-4975-bbee-ef4a4702279f,add,32.0,1.0,1,,,,,,1775579649.394058
418c69c6-ec34-43cb-8592-f2fd1b6fcf4f,0,1,12,78,2026-04-07T16:34:14.583331+00:00,152,d6047d3a-9506-494a-a530-71c5b350bd8d,add,32.0,1.0,1,38.0,1.0,1,6.0,35.0,1775579654.614015
418c69c6-ec34-43cb-8592-f2fd1b6fcf4f,0,1,12,79,2026-04-07T16:34:17.302829+00:00,153,,trade,32.0,1.0,1,,,,,,1775579657.419325
418c69c6-ec34-43cb-8592-f2fd1b6fcf4f,0,1,12,80,2026-04-07T16:34:24.566756+00:00,156,f9345765-63cb-4975-bbee-ef4a4702279f,cancel,,,,,,,,,1775579664.573379
418c69c6-ec34-43cb-8592-f2fd1b6fcf4f,0,1,12,81,2026-04-07T16:34:30.357347+00:00,157,df8f9168-a316-43e7-a87c-ff96af046c06,add,33.0,1.0,1,,,,,,1775579670.385231
418c69c6-ec34-43cb-8592-f2fd1b6fcf4f,0,1,12,82,2026-04-07T16:34:32.824677+00:00,158,01e6adce-52e5-40fc-a69f-811d3bfbbc49,add,33.0,1.0,1,35.0,1.0,1,2.0,34.0,1775579672.85347
418c69c6-ec34-43cb-8592-f2fd1b6fcf4f,0,1,12,83,2026-04-07T16:34:35.251920+00:00,159,,trade,33.0,1.0,1,,,,,,1775579675.334367
418c69c6-ec34-43cb-8592-f2fd1b6fcf4f,0,1,12,84,2026-04-07T16:34:39.451003+00:00,162,,trade,,,,,,,,,1775579679.519707
418c69c6-ec34-43cb-8592-f2fd1b6fcf4f,0,1,13,85,2026-04-07T16:35:54.062137+00:00,165,2437e255-f557-40fe-ab5c-26e09fb4ae36,add,80.0,1.0,1,,,,,,1775579754.090261
418c69c6-ec34-43cb-8592-f2fd1b6fcf4f,0,1,13,86,2026-04-07T16:35:58.446174+00:00,166,4607a8d1-4c07-4e26-b9a7-9895bd20233c,add,80.0,1.0,1,90.05,1.0,1,10.049999999999997,85.025,1775579758.479276
418c69c6-ec34-43cb-8592-f2fd1b6fcf4f,0,1,13,87,2026-04-07T16:36:01.014791+00:00,167,,trade,80.0,1.0,1,,,,,,1775579761.08838
418c69c6-ec34-43cb-8592-f2fd1b6fcf4f,0,1,13,88,2026-04-07T16:36:05.101542+00:00,170,,trade,,,,,,,,,1775579765.173332
418c69c6-ec34-43cb-8592-f2fd1b6fcf4f,0,1,13,89,2026-04-07T16:36:07.622505+00:00,173,72871d44-9e78-4ae1-9769-8c8ede77d092,add,,,,80.0,1.0,1,,,1775579767.651233
418c69c6-ec34-43cb-8592-f2fd1b6fcf4f,0,1,13,90,2026-04-07T16:36:11.085302+00:00,174,481a04b8-d425-435f-94bb-d3388fb41a2c,add,70.0,1.0,1,80.0,1.0,1,10.0,75.0,1775579771.231746
418c69c6-ec34-43cb-8592-f2fd1b6fcf4f,0,1,14,91,2026-04-07T16:37:26.301089+00:00,175,,trade,70.0,1.0,1,,,,,,1775579846.381785
418c69c6-ec34-43cb-8592-f2fd1b6fcf4f,0,1,14,92,2026-04-07T16:37:29.943986+00:00,178,,trade,,,,,,,,,1775579850.02551
418c69c6-ec34-43cb-8592-f2fd1b6fcf4f,0,1,14,93,2026-04-07T16:37:32.461191+00:00,181,66357428-210b-4091-9214-27eba56f0c8b,add,,,,13.0,1.0,1,,,1775579852.493123
418c69c6-ec34-43cb-8592-f2fd1b6fcf4f,0,1,14,94,2026-04-07T16:37:35.382163+00:00,182,b7cba2a2-ec62-4258-be26-0c5e7412e21d,add,11.0,1.0,1,13.0,1.0,1,2.0,12.0,1775579855.414161
418c69c6-ec34-43cb-8592-f2fd1b6fcf4f,0,1,14,95,2026-04-07T16:37:38.179047+00:00,183,,trade,11.0,1.0,1,,,,,,1775579858.265753
418c69c6-ec34-43cb-8592-f2fd1b6fcf4f,0,1,14,96,2026-04-07T16:37:41.687233+00:00,186,,trade,,,,,,,,,1775579861.767585
418c69c6-ec34-43cb-8592-f2fd1b6fcf4f,0,1,15,97,2026-04-07T16:38:38.567668+00:00,189,81d8d04d-1b2d-496c-870e-8171ef61a416,add,19.0,1.0,1,,,,,,1775579918.599157
418c69c6-ec34-43cb-8592-f2fd1b6fcf4f,0,1,15,98,2026-04-07T16:38:41.604470+00:00,190,ca4cc83e-71b6-4890-8db7-4370d0e81a1c,add,19.0,1.0,1,22.0,1.0,1,3.0,20.5,1775579921.637023
418c69c6-ec34-43cb-8592-f2fd1b6fcf4f,0,1,15,99,2026-04-07T16:38:44.456972+00:00,191,,trade,19.0,1.0,1,,,,,,1775579924.531488
418c69c6-ec34-43cb-8592-f2fd1b6fcf4f,0,1,15,100,2026-04-07T16:38:51.307203+00:00,194,,trade,,,,,,,,,1775579931.385834
03af9f8b-508e-452c-9c35-0eeba0e3b3cc,0,2,1,1,2026-04-07T16:40:29.460573+00:00,1,e16e3b72-627c-4cb8-8374-dc92d5decb05,add,110.0,1.0,1,,,,,,1775580029.490815
03af9f8b-508e-452c-9c35-0eeba0e3b3cc,0,2,1,2,2026-04-07T16:40:32.496510+00:00,2,67b81295-a735-446a-b9e5-7d07139dea9e,add,110.0,1.0,1,130.0,1.0,1,20.0,120.0,1775580032.527922
03af9f8b-508e-452c-9c35-0eeba0e3b3cc,0,2,1,3,2026-04-07T16:40:35.860345+00:00,3,,trade,110.0,1.0,1,,,,,,1775580035.93669
03af9f8b-508e-452c-9c35-0eeba0e3b3cc,0,2,1,4,2026-04-07T16:40:40.836879+00:00,6,42f5a037-39e2-4b23-b1d4-fad1b13f8abe,add,120.0,1.0,1,,,,,,1775580040.868926
03af9f8b-508e-452c-9c35-0eeba0e3b3cc,0,2,1,5,2026-04-07T16:40:44.795249+00:00,7,7a77f047-e3f0-4964-8aa5-1e22ab3806ba,add,120.0,1.0,1,125.0,1.0,1,5.0,122.5,1775580044.825011
03af9f8b-508e-452c-9c35-0eeba0e3b3cc,0,2,1,6,2026-04-07T16:40:47.424641+00:00,8,,trade,120.0,1.0,1,,,,,,1775580047.506667
03af9f8b-508e-452c-9c35-0eeba0e3b3cc,0,2,1,7,2026-04-07T16:40:51.526417+00:00,11,,trade,110.0,1.0,1,,,,,,1775580051.601594
03af9f8b-508e-452c-9c35-0eeba0e3b3cc,0,2,1,8,2026-04-07T16:40:59.904103+00:00,14,93c390ea-7c5a-46fb-9f3f-06b4238ff050,add,110.0,1.0,1,122.0,1.0,1,12.0,116.0,1775580059.936338
03af9f8b-508e-452c-9c35-0eeba0e3b3cc,0,2,1,9,2026-04-07T16:41:02.554613+00:00,15,,trade,110.0,1.0,1,,,,,,1775580062.631982
03af9f8b-508e-452c-9c35-0eeba0e3b3cc,0,2,2,10,2026-04-07T16:42:18.718750+00:00,18,,trade,,,,,,,,,1775580138.813688
03af9f8b-508e-452c-9c35-0eeba0e3b3cc,0,2,2,11,2026-04-07T16:42:21.745703+00:00,21,b06d318b-39cf-4a62-a60e-22f844203161,add,110.0,1.0,1,,,,,,1775580141.785966
03af9f8b-508e-452c-9c35-0eeba0e3b3cc,0,2,2,12,2026-04-07T16:42:24.935537+00:00,22,8147b648-d740-4732-a018-9db6488bb564,add,110.0,1.0,1,115.0,1.0,1,5.0,112.5,1775580144.977189
03af9f8b-508e-452c-9c35-0eeba0e3b3cc,0,2,2,13,2026-04-07T16:42:27.668402+00:00,23,,trade,110.0,1.0,1,,,,,,1775580147.749239
03af9f8b-508e-452c-9c35-0eeba0e3b3cc,0,2,2,14,2026-04-07T16:42:31.511268+00:00,26,b06d318b-39cf-4a62-a60e-22f844203161,cancel,,,,,,,,,1775580151.518426
03af9f8b-508e-452c-9c35-0eeba0e3b3cc,0,2,2,15,2026-04-07T16:42:35.807089+00:00,27,96446b13-46d1-4922-8012-74553ffd41a6,add,,,,108.0,1.0,1,,,1775580155.837334
03af9f8b-508e-452c-9c35-0eeba0e3b3cc,0,2,2,16,2026-04-07T16:42:39.355711+00:00,28,96446b13-46d1-4922-8012-74553ffd41a6,cancel,,,,,,,,,1775580159.363985
03af9f8b-508e-452c-9c35-0eeba0e3b3cc,0,2,2,17,2026-04-07T16:42:41.285014+00:00,29,b10f6bc9-550a-46bd-9491-1ba868fcc163,add,108.0,1.0,1,,,,,,1775580161.317922
03af9f8b-508e-452c-9c35-0eeba0e3b3cc,0,2,2,18,2026-04-07T16:42:44.196223+00:00,30,133d5601-a774-4254-9457-f3254367a526,add,108.0,1.0,1,122.0,1.0,1,14.0,115.0,1775580164.230369
03af9f8b-508e-452c-9c35-0eeba0e3b3cc,0,2,2,19,2026-04-07T16:42:47.881336+00:00,31,,trade,108.0,1.0,1,,,,,,1775580167.956692
03af9f8b-508e-452c-9c35-0eeba0e3b3cc,0,2,2,20,2026-04-07T16:42:51.829453+00:00,34,827f486e-b518-410e-b9d9-009342023e88,add,108.0,1.0,1,123.0,1.0,1,15.0,115.5,1775580171.859138
03af9f8b-508e-452c-9c35-0eeba0e3b3cc,0,2,2,21,2026-04-07T16:42:55.409383+00:00,35,,trade,108.0,1.0,1,,,,,,1775580175.493968
03af9f8b-508e-452c-9c35-0eeba0e3b3cc,0,2,3,22,2026-04-07T16:44:01.831751+00:00,38,27c32c11-2927-42c4-b07e-49cad49358c9,add,108.0,2.0,2,,,,,,1775580241.863515
03af9f8b-508e-452c-9c35-0eeba0e3b3cc,0,2,3,23,2026-04-07T16:44:06.349416+00:00,39,,trade,108.0,1.0,1,,,,,,1775580246.428868
03af9f8b-508e-452c-9c35-0eeba0e3b3cc,0,2,3,24,2026-04-07T16:44:14.960393+00:00,42,1f76a387-c300-4832-8811-563e67145a11,add,108.0,1.0,1,122.0,1.0,1,14.0,115.0,1775580255.008492
03af9f8b-508e-452c-9c35-0eeba0e3b3cc,0,2,3,25,2026-04-07T16:44:18.046993+00:00,43,,trade,108.0,1.0,1,,,,,,1775580258.136407
03af9f8b-508e-452c-9c35-0eeba0e3b3cc,0,2,4,26,2026-04-07T16:45:16.684334+00:00,46,f9031817-d035-4db9-b2d1-2e32630d21df,add,108.0,1.0,1,123.0,1.0,1,15.0,115.5,1775580316.715703
03af9f8b-508e-452c-9c35-0eeba0e3b3cc,0,2,4,27,2026-04-07T16:45:24.858996+00:00,47,,trade,108.0,1.0,1,,,,,,1775580324.941868
03af9f8b-508e-452c-9c35-0eeba0e3b3cc,0,2,4,28,2026-04-07T16:45:28.413493+00:00,50,,trade,,,,,,,,,1775580328.488877
03af9f8b-508e-452c-9c35-0eeba0e3b3cc,0,2,4,29,2026-04-07T16:45:30.751566+00:00,53,a8a3996f-55b2-4dca-95ae-08a2e729a725,add,,,,115.0,1.0,1,,,1775580330.782041
03af9f8b-508e-452c-9c35-0eeba0e3b3cc,0,2,4,30,2026-04-07T16:45:34.367288+00:00,54,af1988b8-8b25-4b41-b34d-6321b101f912,add,106.0,1.0,1,115.0,1.0,1,9.0,110.5,1775580334.398959
03af9f8b-508e-452c-9c35-0eeba0e3b3cc,0,2,4,31,2026-04-07T16:45:36.756816+00:00,55,,trade,106.0,1.0,1,,,,,,1775580336.832074
03af9f8b-508e-452c-9c35-0eeba0e3b3cc,0,2,4,32,2026-04-07T16:45:40.712676+00:00,58,,trade,,,,,,,,,1775580340.78657
03af9f8b-508e-452c-9c35-0eeba0e3b3cc,0,2,4,33,2026-04-07T16:45:49.930074+00:00,61,70a2c092-c42a-4734-81cf-2cd65e2fb3ae,add,107.0,1.0,1,,,,,,1775580349.961551
03af9f8b-508e-452c-9c35-0eeba0e3b3cc,0,2,4,34,2026-04-07T16:45:52.669004+00:00,62,04e333f8-3d83-4e05-a466-5dd168c67076,add,107.0,1.0,1,110.0,1.0,1,3.0,108.5,1775580352.703507
03af9f8b-508e-452c-9c35-0eeba0e3b3cc,0,2,4,35,2026-04-07T16:45:55.085948+00:00,63,,trade,107.0,1.0,1,,,,,,1775580355.19746
03af9f8b-508e-452c-9c35-0eeba0e3b3cc,0,2,5,36,2026-04-07T16:47:09.661613+00:00,66,,trade,,,,,,,,,1775580429.737129
03af9f8b-508e-452c-9c35-0eeba0e3b3cc,0,2,5,37,2026-04-07T16:47:11.132047+00:00,69,cb0aa844-0fb3-4969-8536-b14c56ad67cb,add,107.0,1.0,1,,,,,,1775580431.162951
03af9f8b-508e-452c-9c35-0eeba0e3b3cc,0,2,5,38,2026-04-07T16:47:17.072032+00:00,70,24b633a2-32c5-4f41-bbda-4986aac2a362,add,107.0,1.0,1,110.0,1.0,1,3.0,108.5,1775580437.106215
03af9f8b-508e-452c-9c35-0eeba0e3b3cc,0,2,5,39,2026-04-07T16:47:20.075936+00:00,71,442ba193-7532-4076-bda5-c2d3a06bb19f,add,107.0,2.0,2,110.0,1.0,1,3.0,108.5,1775580440.106653
03af9f8b-508e-452c-9c35-0eeba0e3b3cc,0,2,5,40,2026-04-07T16:47:23.121996+00:00,72,,trade,107.0,2.0,2,,,,,,1775580443.225559
03af9f8b-508e-452c-9c35-0eeba0e3b3cc,0,2,5,41,2026-04-07T16:47:26.068545+00:00,75,cb0aa844-0fb3-4969-8536-b14c56ad67cb,cancel,107.0,1.0,1,,,,,,1775580446.075752
03af9f8b-508e-452c-9c35-0eeba0e3b3cc,0,2,5,42,2026-04-07T16:47:29.415823+00:00,76,f5ce8a18-0f6b-4768-b905-fe0fcdaaaf4d,add,107.0,1.0,1,111.0,1.0,1,4.0,109.0,1775580449.445921
03af9f8b-508e-452c-9c35-0eeba0e3b3cc,0,2,5,43,2026-04-07T16:47:32.559708+00:00,77,,trade,107.0,1.0,1,,,,,,1775580452.640618
03af9f8b-508e-452c-9c35-0eeba0e3b3cc,0,2,6,44,2026-04-07T16:48:16.598321+00:00,80,,trade,,,,,,,,,1775580496.699799
03af9f8b-508e-452c-9c35-0eeba0e3b3cc,0,2,6,45,2026-04-07T16:48:24.332923+00:00,83,5f8ca136-5e46-469e-8d6c-6ea1a49d0ed1,add,80.0,1.0,1,,,,,,1775580504.364445
03af9f8b-508e-452c-9c35-0eeba0e3b3cc,0,2,6,46,2026-04-07T16:48:27.084731+00:00,84,1f2b0cf8-6039-46db-a3d6-c987c3dee51b,add,80.0,1.0,1,88.0,1.0,1,8.0,84.0,1775580507.117276
03af9f8b-508e-452c-9c35-0eeba0e3b3cc,0,2,6,47,2026-04-07T16:48:30.289553+00:00,85,,trade,80.0,1.0,1,,,,,,1775580510.365535
03af9f8b-508e-452c-9c35-0eeba0e3b3cc,0,2,6,48,2026-04-07T16:48:37.446863+00:00,88,0f1f23f0-60fc-495b-88e0-d6d5bbd94cc8,add,80.0,1.0,1,84.0,1.0,1,4.0,82.0,1775580517.477225
03af9f8b-508e-452c-9c35-0eeba0e3b3cc,0,2,6,49,2026-04-07T16:48:40.987380+00:00,89,,trade,80.0,1.0,1,,,,,,1775580521.068231
03af9f8b-508e-452c-9c35-0eeba0e3b3cc,0,2,7,50,2026-04-07T16:50:26.900903+00:00,92,ccbed949-e222-4508-9e9a-9b4ad6aac141,add,80.0,2.0,2,,,,,,1775580626.931444
03af9f8b-508e-452c-9c35-0eeba0e3b3cc,0,2,7,51,2026-04-07T16:50:34.624365+00:00,93,,trade,80.0,1.0,1,,,,,,1775580634.723328
03af9f8b-508e-452c-9c35-0eeba0e3b3cc,0,2,7,52,2026-04-07T16:50:38.632190+00:00,96,ccbed949-e222-4508-9e9a-9b4ad6aac141,cancel,,,,,,,,,1775580638.639256
03af9f8b-508e-452c-9c35-0eeba0e3b3cc,0,2,7,53,2026-04-07T16:50:42.010965+00:00,97,2acb48a9-5ee9-4556-9c4a-cbd0ae24893b,add,,,,80.0,1.0,1,,,1775580642.048141
03af9f8b-508e-452c-9c35-0eeba0e3b3cc,0,2,7,54,2026-04-07T16:50:45.111165+00:00,98,6970b314-3035-4cca-b330-279bd80d9cb3,add,77.0,1.0,1,80.0,1.0,1,3.0,78.5,1775580645.142692
03af9f8b-508e-452c-9c35-0eeba0e3b3cc,0,2,7,55,2026-04-07T16:50:49.008504+00:00,99,,trade,,,,80.0,1.0,1,,,1775580649.107648
03af9f8b-508e-452c-9c35-0eeba0e3b3cc,0,2,7,56,2026-04-07T16:50:52.220526+00:00,102,,trade,,,,,,,,,1775580652.312198
03af9f8b-508e-452c-9c35-0eeba0e3b3cc,0,2,8,57,2026-04-07T16:51:53.656827+00:00,105,101fb03b-0830-4ef2-a171-a5318d09bcfc,add,62.0,1.0,1,,,,,,1775580713.687837
03af9f8b-508e-452c-9c35-0eeba0e3b3cc,0,2,8,58,2026-04-07T16:51:56.802184+00:00,106,53387215-2b65-4744-a225-9eda0598cc13,add,62.0,1.0,1,66.0,1.0,1,4.0,64.0,1775580716.832807
03af9f8b-508e-452c-9c35-0eeba0e3b3cc,0,2,8,59,2026-04-07T16:51:59.823408+00:00,107,,trade,62.0,1.0,1,,,,,,1775580719.89962
03af9f8b-508e-452c-9c35-0eeba0e3b3cc,0,2,8,60,2026-04-07T16:52:04.711890+00:00,110,,trade,,,,,,,,,1775580724.788102
03af9f8b-508e-452c-9c35-0eeba0e3b3cc,0,2,8,61,2026-04-07T16:52:07.289010+00:00,113,d63fc809-16a6-4ea2-8ab0-5d7a1d2c6e42,add,62.0,1.0,1,,,,,,1775580727.326816
03af9f8b-508e-452c-9c35-0eeba0e3b3cc,0,2,8,62,2026-04-07T16:52:10.732261+00:00,114,5fd26173-de30-4e8d-861d-91ff64403e66,add,62.0,1.0,1,65.0,1.0,1,3.0,63.5,1775580730.905392
03af9f8b-508e-452c-9c35-0eeba0e3b3cc,0,2,8,63,2026-04-07T16:52:18.635538+00:00,115,,trade,62.0,1.0,1,,,,,,1775580738.715714
03af9f8b-508e-452c-9c35-0eeba0e3b3cc,0,2,8,64,2026-04-07T16:52:23.225582+00:00,118,,trade,,,,,,,,,1775580743.324378
03af9f8b-508e-452c-9c35-0eeba0e3b3cc,0,2,8,65,2026-04-07T16:52:30.667995+00:00,121,7b5a1545-e37a-4c18-96e5-60bdd522af37,add,,,,62.0,1.0,1,,,1775580750.698355
03af9f8b-508e-452c-9c35-0eeba0e3b3cc,0,2,8,66,2026-04-07T16:52:33.875430+00:00,122,11ad5cf7-09f2-40d7-a99b-3c83e7600efb,add,58.0,1.0,1,62.0,1.0,1,4.0,60.0,1775580753.905062
03af9f8b-508e-452c-9c35-0eeba0e3b3cc,0,2,8,67,2026-04-07T16:52:37.263660+00:00,123,,trade,58.0,1.0,1,,,,,,1775580757.345499
03af9f8b-508e-452c-9c35-0eeba0e3b3cc,0,2,9,68,2026-04-07T16:53:13.349083+00:00,126,,trade,,,,,,,,,1775580793.427778
03af9f8b-508e-452c-9c35-0eeba0e3b3cc,0,2,9,69,2026-04-07T16:53:19.639697+00:00,129,abe68e70-1872-4b9d-9755-2ce2c57a669e,add,,,,55.0,1.0,1,,,1775580799.671694
03af9f8b-508e-452c-9c35-0eeba0e3b3cc,0,2,9,70,2026-04-07T16:53:22.288454+00:00,130,5bc49d32-2a7e-4bbd-ba89-c5f06c4cc6f1,add,54.0,1.0,1,55.0,1.0,1,1.0,54.5,1775580802.339165
03af9f8b-508e-452c-9c35-0eeba0e3b3cc,0,2,9,71,2026-04-07T16:53:25.640749+00:00,131,,trade,54.0,1.0,1,,,,,,1775580805.716472
03af9f8b-508e-452c-9c35-0eeba0e3b3cc,0,2,9,72,2026-04-07T16:53:30.234702+00:00,134,,trade,,,,,,,,,1775580810.311681
03af9f8b-508e-452c-9c35-0eeba0e3b3cc,0,2,9,73,2026-04-07T16:53:32.569733+00:00,137,e69d8c8b-3452-426e-a617-8b7298c38772,add,,,,54.0,1.0,1,,,1775580812.599709
03af9f8b-508e-452c-9c35-0eeba0e3b3cc,0,2,9,74,2026-04-07T16:53:35.474301+00:00,138,e69d8c8b-3452-426e-a617-8b7298c38772,cancel,,,,,,,,,1775580815.481465
03af9f8b-508e-452c-9c35-0eeba0e3b3cc,0,2,9,75,2026-04-07T16:53:36.685278+00:00,139,574162b9-c868-4b81-99c0-ec97280fe5b6,add,54.0,1.0,1,,,,,,1775580816.716171
03af9f8b-508e-452c-9c35-0eeba0e3b3cc,0,2,9,76,2026-04-07T16:53:39.764222+00:00,140,b7c014fd-f845-44ff-b6c5-464814216d1f,add,54.0,1.0,1,58.0,1.0,1,4.0,56.0,1775580819.794446
03af9f8b-508e-452c-9c35-0eeba0e3b3cc,0,2,9,77,2026-04-07T16:53:43.235953+00:00,141,,trade,54.0,1.0,1,,,,,,1775580823.332033
03af9f8b-508e-452c-9c35-0eeba0e3b3cc,0,2,10,78,2026-04-07T16:54:48.948900+00:00,144,,trade,,,,,,,,,1775580889.039223
03af9f8b-508e-452c-9c35-0eeba0e3b3cc,0,2,10,79,2026-04-07T16:54:56.114531+00:00,147,67385f94-32da-464b-a6b0-997d4c55599f,add,48.0,1.0,1,,,,,,1775580896.145965
03af9f8b-508e-452c-9c35-0eeba0e3b3cc,0,2,10,80,2026-04-07T16:54:59.782524+00:00,148,db147cc4-4222-4af8-a05b-2f5437cf4d7d,add,48.0,1.0,1,50.0,1.0,1,2.0,49.0,1775580899.813196
03af9f8b-508e-452c-9c35-0eeba0e3b3cc,0,2,10,81,2026-04-07T16:55:02.794778+00:00,149,,trade,48.0,1.0,1,,,,,,1775580902.875099
03af9f8b-508e-452c-9c35-0eeba0e3b3cc,0,2,10,82,2026-04-07T16:55:06.598684+00:00,152,,trade,,,,,,,,,1775580906.679836
03af9f8b-508e-452c-9c35-0eeba0e3b3cc,0,2,10,83,2026-04-07T16:55:11.838343+00:00,155,47a1156c-a853-4f9b-906b-f505e2589ec0,add,44.0,1.0,1,,,,,,1775580911.872715
03af9f8b-508e-452c-9c35-0eeba0e3b3cc,0,2,10,84,2026-04-07T16:55:16.032353+00:00,156,51606ff6-387f-4a63-9011-27624df0eb28,add,44.0,1.0,1,55.0,1.0,1,11.0,49.5,1775580916.062898
03af9f8b-508e-452c-9c35-0eeba0e3b3cc,0,2,10,85,2026-04-07T16:55:19.072948+00:00,157,,trade,44.0,1.0,1,,,,,,1775580919.173271
03af9f8b-508e-452c-9c35-0eeba0e3b3cc,0,2,10,86,2026-04-07T16:55:26.334884+00:00,160,,trade,,,,,,,,,1775580926.427441
03af9f8b-508e-452c-9c35-0eeba0e3b3cc,0,2,10,87,2026-04-07T16:55:27.934289+00:00,163,7caf4e41-1d88-4928-a30b-b697dab7e84e,add,,,,44.0,1.0,1,,,1775580927.965138
03af9f8b-508e-452c-9c35-0eeba0e3b3cc,0,2,10,88,2026-04-07T16:55:31.935013+00:00,164,2de78bc4-0695-49e4-8cf8-ec6cd349cc66,add,38.0,1.0,1,44.0,1.0,1,6.0,41.0,1775580931.966309
03af9f8b-508e-452c-9c35-0eeba0e3b3cc,0,2,11,89,2026-04-07T16:56:18.291491+00:00,165,,trade,38.0,1.0,1,,,,,,1775580978.384453
03af9f8b-508e-452c-9c35-0eeba0e3b3cc,0,2,11,90,2026-04-07T16:56:32.240909+00:00,168,6615e4ad-73a6-4864-a487-490a8808a28b,add,38.0,1.0,1,44.0,1.0,1,6.0,41.0,1775580992.289746
03af9f8b-508e-452c-9c35-0eeba0e3b3cc,0,2,11,91,2026-04-07T16:56:36.024312+00:00,169,,trade,38.0,1.0,1,,,,,,1775580996.101471
03af9f8b-508e-452c-9c35-0eeba0e3b3cc,0,2,11,92,2026-04-07T16:56:46.028414+00:00,172,,trade,,,,,,,,,1775581006.108306
03af9f8b-508e-452c-9c35-0eeba0e3b3cc,0,2,11,93,2026-04-07T16:56:49.467901+00:00,175,0521aab4-3646-4866-bf72-9e9f3bc90b8c,add,,,,50.0,1.0,1,,,1775581009.498022
03af9f8b-508e-452c-9c35-0eeba0e3b3cc,0,2,11,94,2026-04-07T16:56:55.355747+00:00,176,9f4a6fab-70ef-416d-888c-f48d1e0f26db,add,45.0,1.0,1,50.0,1.0,1,5.0,47.5,1775581015.386554
03af9f8b-508e-452c-9c35-0eeba0e3b3cc,0,2,11,95,2026-04-07T16:56:58.839858+00:00,177,,trade,45.0,1.0,1,,,,,,1775581018.913232
03af9f8b-508e-452c-9c35-0eeba0e3b3cc,0,2,12,96,2026-04-07T16:57:51.351413+00:00,180,5c11be09-b0fe-4498-a9d6-e489d4c3e3a6,add,45.0,2.0,2,,,,,,1775581071.384602
03af9f8b-508e-452c-9c35-0eeba0e3b3cc,0,2,12,97,2026-04-07T16:57:54.958966+00:00,181,b465e1ca-8da0-4d37-a414-a8a685dcb21d,add,45.0,2.0,2,55.0,1.0,1,10.0,50.0,1775581074.992279
03af9f8b-508e-452c-9c35-0eeba0e3b3cc,0,2,12,98,2026-04-07T16:57:58.922966+00:00,182,,trade,45.0,2.0,2,,,,,,1775581078.997301
03af9f8b-508e-452c-9c35-0eeba0e3b3cc,0,2,12,99,2026-04-07T16:58:03.116206+00:00,185,,trade,45.0,1.0,1,,,,,,1775581083.204044
03af9f8b-508e-452c-9c35-0eeba0e3b3cc,0,2,12,100,2026-04-07T16:58:04.972376+00:00,188,,trade,,,,,,,,,1775581085.069978
03af9f8b-508e-452c-9c35-0eeba0e3b3cc,0,2,12,101,2026-04-07T16:58:09.125360+00:00,191,f57c9f5c-21fe-4830-9637-fce3799988bf,add,45.0,1.0,1,,,,,,1775581089.159452
03af9f8b-508e-452c-9c35-0eeba0e3b3cc,0,2,12,102,2026-04-07T16:58:13.487907+00:00,192,1aa2086b-b298-483c-becb-42f77395b1e1,add,45.0,1.0,1,49.0,1.0,1,4.0,47.0,1775581093.520172
03af9f8b-508e-452c-9c35-0eeba0e3b3cc,0,2,12,103,2026-04-07T16:58:16.147962+00:00,193,,trade,45.0,1.0,1,,,,,,1775581096.284403
03af9f8b-508e-452c-9c35-0eeba0e3b3cc,0,2,12,104,2026-04-07T16:58:25.987332+00:00,196,,trade,,,,,,,,,1775581106.066125
03af9f8b-508e-452c-9c35-0eeba0e3b3cc,0,2,12,105,2026-04-07T16:58:32.862946+00:00,199,34eb1252-9c59-470e-abe8-1829fb2a2ddd,add,,,,25.0,1.0,1,,,1775581112.892973
03af9f8b-508e-452c-9c35-0eeba0e3b3cc,0,2,13,106,2026-04-07T16:59:33.629984+00:00,200,,trade,,,,,,,,,1775581173.710931
03af9f8b-508e-452c-9c35-0eeba0e3b3cc,0,2,13,107,2026-04-07T16:59:37.225648+00:00,203,03e79ebf-53f7-432d-bf6f-6ee5c5c6eab1,add,22.0,1.0,1,,,,,,1775581177.25796
03af9f8b-508e-452c-9c35-0eeba0e3b3cc,0,2,13,108,2026-04-07T16:59:42.453227+00:00,204,357213ae-70cc-4256-a480-c792003d203d,add,22.0,1.0,1,24.0,1.0,1,2.0,23.0,1775581182.484003
03af9f8b-508e-452c-9c35-0eeba0e3b3cc,0,2,13,109,2026-04-07T16:59:46.313256+00:00,205,,trade,22.0,1.0,1,,,,,,1775581186.389783
03af9f8b-508e-452c-9c35-0eeba0e3b3cc,0,2,13,110,2026-04-07T16:59:51.430005+00:00,208,03e79ebf-53f7-432d-bf6f-6ee5c5c6eab1,cancel,,,,,,,,,1775581191.437058
03af9f8b-508e-452c-9c35-0eeba0e3b3cc,0,2,13,111,2026-04-07T16:59:52.990665+00:00,209,aaa106a7-61fd-4749-a06d-544b6873ec3b,add,,,,22.0,1.0,1,,,1775581193.02081
03af9f8b-508e-452c-9c35-0eeba0e3b3cc,0,2,13,112,2026-04-07T16:59:54.001003+00:00,210,fd6080f7-80d2-454b-9e40-4e90bb9a524a,add,,,,22.0,2.0,2,,,1775581194.031671
03af9f8b-508e-452c-9c35-0eeba0e3b3cc,0,2,13,113,2026-04-07T16:59:56.820660+00:00,211,,trade,,,,22.0,1.0,1,,,1775581196.900392
03af9f8b-508e-452c-9c35-0eeba0e3b3cc,0,2,13,114,2026-04-07T17:00:00.778299+00:00,214,,trade,,,,,,,,,1775581200.932981
03af9f8b-508e-452c-9c35-0eeba0e3b3cc,0,2,13,115,2026-04-07T17:00:10.059431+00:00,217,920bfa31-3e7f-476a-b6eb-d79377f78bf0,add,22.0,1.0,1,,,,,,1775581210.094812
03af9f8b-508e-452c-9c35-0eeba0e3b3cc,0,2,14,116,2026-04-07T17:01:11.856562+00:00,218,f2a0ce87-2755-4857-b174-c2bbe2db2db9,add,22.0,1.0,1,27.0,1.0,1,5.0,24.5,1775581271.886805
03af9f8b-508e-452c-9c35-0eeba0e3b3cc,0,2,14,117,2026-04-07T17:01:15.389082+00:00,219,,trade,22.0,1.0,1,,,,,,1775581275.464647
03af9f8b-508e-452c-9c35-0eeba0e3b3cc,0,2,14,118,2026-04-07T17:01:22.013863+00:00,222,f34df990-9f64-44d8-81cc-cfb641db4516,add,22.0,1.0,1,29.0,1.0,1,7.0,25.5,1775581282.044348
03af9f8b-508e-452c-9c35-0eeba0e3b3cc,0,2,14,119,2026-04-07T17:01:25.346012+00:00,223,,trade,22.0,1.0,1,,,,,,1775581285.422637
03af9f8b-508e-452c-9c35-0eeba0e3b3cc,0,2,14,120,2026-04-07T17:01:30.159719+00:00,226,,trade,,,,,,,,,1775581290.241641
03af9f8b-508e-452c-9c35-0eeba0e3b3cc,0,2,14,121,2026-04-07T17:01:33.923449+00:00,229,bfd287e4-f5e7-46ce-8022-37fdaccc20d7,add,,,,234.0,1.0,1,,,1775581293.95829
03af9f8b-508e-452c-9c35-0eeba0e3b3cc,0,2,14,122,2026-04-07T17:01:36.248244+00:00,230,bfd287e4-f5e7-46ce-8022-37fdaccc20d7,cancel,,,,,,,,,1775581296.284027
03af9f8b-508e-452c-9c35-0eeba0e3b3cc,0,2,14,123,2026-04-07T17:01:38.331707+00:00,231,73f79d8a-1751-4246-b706-3204ceca56c9,add,,,,23.0,1.0,1,,,1775581298.362315
03af9f8b-508e-452c-9c35-0eeba0e3b3cc,0,2,14,124,2026-04-07T17:01:43.311511+00:00,232,8e308756-3d63-42c9-8f95-54d85a5c2f20,add,21.0,1.0,1,23.0,1.0,1,2.0,22.0,1775581303.342698
03af9f8b-508e-452c-9c35-0eeba0e3b3cc,0,2,15,125,2026-04-07T17:02:20.918602+00:00,233,,trade,21.0,1.0,1,,,,,,1775581341.000041
03af9f8b-508e-452c-9c35-0eeba0e3b3cc,0,2,15,126,2026-04-07T17:02:29.100509+00:00,236,,trade,,,,,,,,,1775581349.183613
03af9f8b-508e-452c-9c35-0eeba0e3b3cc,0,2,15,127,2026-04-07T17:02:33.295440+00:00,239,ce0106a8-98e4-49e7-a24f-a91279f62462,add,,,,8.0,1.0,1,,,1775581353.365781
03af9f8b-508e-452c-9c35-0eeba0e3b3cc,0,2,15,128,2026-04-07T17:02:35.949621+00:00,240,5ed9aa12-7b80-486d-8bbc-fa047756a92d,add,6.0,1.0,1,8.0,1.0,1,2.0,7.0,1775581355.981085
03af9f8b-508e-452c-9c35-0eeba0e3b3cc,0,2,15,129,2026-04-07T17:02:39.057236+00:00,241,,trade,6.0,1.0,1,,,,,,1775581359.138978
5c7e4638-30e0-4888-990f-24f3d564c836,0,1,1,1,2026-04-08T17:59:13.888205+00:00,1,7f73c54c-1030-49de-9999-643cd8d80f15,add,110.0,1.0,1,,,,,,1775671153.926676
5c7e4638-30e0-4888-990f-24f3d564c836,0,1,1,2,2026-04-08T17:59:16.986538+00:00,2,db591595-6ec2-4607-8574-c238c8f0ffce,add,110.0,1.0,1,130.0,1.0,1,20.0,120.0,1775671157.022281
5c7e4638-30e0-4888-990f-24f3d564c836,0,1,1,3,2026-04-08T17:59:20.169649+00:00,3,c161b7d0-deb1-4437-a235-0e4b1fae993f,add,115.0,1.0,1,130.0,1.0,1,15.0,122.5,1775671160.206596
5c7e4638-30e0-4888-990f-24f3d564c836,0,1,1,4,2026-04-08T17:59:23.638669+00:00,4,03974142-0d69-4cfd-804c-1d5b9731893a,add,115.0,1.0,1,125.0,1.0,1,10.0,120.0,1775671163.675436
5c7e4638-30e0-4888-990f-24f3d564c836,0,1,1,5,2026-04-08T17:59:26.587930+00:00,5,74f6b22c-115c-4422-8057-0ca596742993,add,120.0,1.0,1,125.0,1.0,1,5.0,122.5,1775671166.622721
5c7e4638-30e0-4888-990f-24f3d564c836,0,1,1,6,2026-04-08T17:59:32.319919+00:00,6,,trade,120.0,1.0,1,130.0,1.0,1,10.0,125.0,1775671172.470327
5c7e4638-30e0-4888-990f-24f3d564c836,0,1,1,7,2026-04-08T17:59:35.767492+00:00,9,,trade,120.0,1.0,1,,,,,,1775671175.859107
5c7e4638-30e0-4888-990f-24f3d564c836,0,1,1,8,2026-04-08T17:59:39.045543+00:00,12,,trade,115.0,1.0,1,,,,,,1775671179.134302
5c7e4638-30e0-4888-990f-24f3d564c836,0,1,1,9,2026-04-08T17:59:42.847314+00:00,15,,trade,110.0,1.0,1,,,,,,1775671182.944597
5c7e4638-30e0-4888-990f-24f3d564c836,0,1,1,10,2026-04-08T17:59:46.231228+00:00,18,afb026b9-5384-4456-b1ab-0fb03c569e54,add,110.0,1.0,1,125.0,1.0,1,15.0,117.5,1775671186.272018
5c7e4638-30e0-4888-990f-24f3d564c836,0,1,2,11,2026-04-08T18:01:10.284116+00:00,19,,trade,,,,125.0,1.0,1,,,1775671270.458988
5c7e4638-30e0-4888-990f-24f3d564c836,0,1,2,12,2026-04-08T18:01:16.947699+00:00,22,fcb288fd-6d7d-4aed-9b08-afb7170aaac9,add,118.0,1.0,1,125.0,1.0,1,7.0,121.5,1775671276.982605
5c7e4638-30e0-4888-990f-24f3d564c836,0,1,2,13,2026-04-08T18:01:19.720248+00:00,23,,trade,,,,125.0,1.0,1,,,1775671279.854663
5c7e4638-30e0-4888-990f-24f3d564c836,0,1,2,14,2026-04-08T18:01:29.078787+00:00,26,e20cdc6f-f0a4-4f43-b71b-731a635ede9f,add,100.0,1.0,1,125.0,1.0,1,25.0,112.5,1775671289.113985
5c7e4638-30e0-4888-990f-24f3d564c836,0,1,2,15,2026-04-08T18:01:34.572606+00:00,27,c7194ed2-c0a8-490c-8218-368b88538b4d,add,117.5,1.0,1,125.0,1.0,1,7.5,121.25,1775671294.608796
5c7e4638-30e0-4888-990f-24f3d564c836,0,1,2,16,2026-04-08T18:01:37.725236+00:00,28,,trade,100.0,1.0,1,125.0,1.0,1,25.0,112.5,1775671297.81354
5c7e4638-30e0-4888-990f-24f3d564c836,0,1,1,17,2026-04-08T18:02:14.917018+00:00,31,afb026b9-5384-4456-b1ab-0fb03c569e54,cancel,100.0,1.0,1,,,,,,1775671334.925367
5c7e4638-30e0-4888-990f-24f3d564c836,0,1,3,18,2026-04-08T18:02:20.044354+00:00,32,1986fec3-0c10-401a-aa89-6012dd3f26c1,add,100.0,1.0,1,111.0,1.0,1,11.0,105.5,1775671340.092781
5c7e4638-30e0-4888-990f-24f3d564c836,0,1,3,19,2026-04-08T18:02:23.379166+00:00,33,,trade,100.0,1.0,1,,,,,,1775671343.480157
5c7e4638-30e0-4888-990f-24f3d564c836,0,1,3,20,2026-04-08T18:02:37.043840+00:00,36,45ff57aa-b7f4-4f0a-8396-7d574e898a58,add,100.0,1.0,1,111.0,1.0,1,11.0,105.5,1775671357.080477
5c7e4638-30e0-4888-990f-24f3d564c836,0,1,3,21,2026-04-08T18:02:40.479262+00:00,37,,trade,100.0,1.0,1,,,,,,1775671360.574649
5c7e4638-30e0-4888-990f-24f3d564c836,0,1,3,22,2026-04-08T18:02:43.911430+00:00,40,,trade,,,,,,,,,1775671364.001098
5c7e4638-30e0-4888-990f-24f3d564c836,0,1,3,23,2026-04-08T18:02:47.063452+00:00,43,586d5f3a-dbbc-47f8-81c7-121ca5aa302a,add,,,,90.0,1.0,1,,,1775671367.102739
5c7e4638-30e0-4888-990f-24f3d564c836,0,1,3,24,2026-04-08T18:02:51.188315+00:00,44,2e6afa5f-5250-41a4-a3b4-96039c81e361,add,82.0,1.0,1,90.0,1.0,1,8.0,86.0,1775671371.236121
5c7e4638-30e0-4888-990f-24f3d564c836,0,1,3,25,2026-04-08T18:02:53.909993+00:00,45,,trade,82.0,1.0,1,,,,,,1775671373.998184
5c7e4638-30e0-4888-990f-24f3d564c836,0,1,4,26,2026-04-08T18:03:46.768945+00:00,48,c9bb00f7-c5f4-4867-9038-db73e18e48c5,add,82.0,1.0,1,85.0,1.0,1,3.0,83.5,1775671426.811995
5c7e4638-30e0-4888-990f-24f3d564c836,0,1,4,27,2026-04-08T18:03:49.373503+00:00,49,,trade,82.0,1.0,1,,,,,,1775671429.496372
5c7e4638-30e0-4888-990f-24f3d564c836,0,1,4,28,2026-04-08T18:03:52.163770+00:00,52,c42a1266-8470-4bf4-8344-64c162995e55,add,83.5,1.0,1,,,,,,1775671432.212853
5c7e4638-30e0-4888-990f-24f3d564c836,0,1,4,29,2026-04-08T18:03:56.817533+00:00,53,21db0fc9-c52c-4722-a16a-383d9c5ae40f,add,83.5,1.0,1,89.0,1.0,1,5.5,86.25,1775671436.854459
5c7e4638-30e0-4888-990f-24f3d564c836,0,1,4,30,2026-04-08T18:04:01.718657+00:00,54,,trade,83.5,1.0,1,,,,,,1775671441.805733
5c7e4638-30e0-4888-990f-24f3d564c836,0,1,4,31,2026-04-08T18:04:09.419374+00:00,57,,trade,82.0,1.0,1,,,,,,1775671449.513393
5c7e4638-30e0-4888-990f-24f3d564c836,0,1,4,32,2026-04-08T18:04:11.950570+00:00,60,,trade,,,,,,,,,1775671452.05252
5c7e4638-30e0-4888-990f-24f3d564c836,0,1,4,33,2026-04-08T18:04:17.199916+00:00,63,dd6fd331-08f9-4348-bab0-eac748845aa6,add,,,,78.0,1.0,1,,,1775671457.27907
5c7e4638-30e0-4888-990f-24f3d564c836,0,1,4,34,2026-04-08T18:04:20.469484+00:00,64,6ec904ad-2ec4-40ec-8b22-a246dc2fd677,add,75.0,1.0,1,78.0,1.0,1,3.0,76.5,1775671460.505448
5c7e4638-30e0-4888-990f-24f3d564c836,0,1,4,35,2026-04-08T18:04:22.928123+00:00,65,,trade,75.0,1.0,1,,,,,,1775671463.016193
5c7e4638-30e0-4888-990f-24f3d564c836,0,1,5,36,2026-04-08T18:05:16.153489+00:00,68,8f4ee2b6-64e8-469a-ba85-8621c701a713,add,75.0,2.0,2,,,,,,1775671516.273304
5c7e4638-30e0-4888-990f-24f3d564c836,0,1,5,37,2026-04-08T18:05:25.343981+00:00,69,79ca9edd-9a3f-4bf2-9484-0e2ce3397155,add,75.0,2.0,2,80.0,1.0,1,5.0,77.5,1775671525.379473
5c7e4638-30e0-4888-990f-24f3d564c836,0,1,5,38,2026-04-08T18:05:28.532083+00:00,70,,trade,75.0,2.0,2,,,,,,1775671528.62119
5c7e4638-30e0-4888-990f-24f3d564c836,0,1,5,39,2026-04-08T18:05:32.379968+00:00,73,,trade,75.0,1.0,1,,,,,,1775671532.475236
5c7e4638-30e0-4888-990f-24f3d564c836,0,1,5,40,2026-04-08T18:05:40.619807+00:00,76,39896669-9fa4-4bcd-a38a-81f041a79951,add,75.0,1.0,1,,,,,,1775671540.656503
5c7e4638-30e0-4888-990f-24f3d564c836,0,1,5,41,2026-04-08T18:05:44.276124+00:00,77,,trade,65.0,1.0,1,,,,,,1775671544.418795
5c7e4638-30e0-4888-990f-24f3d564c836,0,1,5,42,2026-04-08T18:05:49.559194+00:00,80,155278bf-45ca-4b21-b133-8088814bc755,add,65.0,1.0,1,69.0,1.0,1,4.0,67.0,1775671549.600139
5c7e4638-30e0-4888-990f-24f3d564c836,0,1,5,43,2026-04-08T18:05:53.803758+00:00,81,,trade,65.0,1.0,1,,,,,,1775671553.891718
5c7e4638-30e0-4888-990f-24f3d564c836,0,1,6,44,2026-04-08T18:06:47.113776+00:00,84,,trade,,,,,,,,,1775671607.224803
5c7e4638-30e0-4888-990f-24f3d564c836,0,1,6,45,2026-04-08T18:06:55.482889+00:00,87,d434ca0e-7dfd-4c36-9a0c-c188faedaf82,add,,,,80.0,1.0,1,,,1775671615.518255
5c7e4638-30e0-4888-990f-24f3d564c836,0,1,6,46,2026-04-08T18:07:00.649161+00:00,88,8e987aff-ca66-4483-a41f-7ac6f53082ae,add,78.0,1.0,1,80.0,1.0,1,2.0,79.0,1775671620.684355
5c7e4638-30e0-4888-990f-24f3d564c836,0,1,6,47,2026-04-08T18:07:03.668711+00:00,89,,trade,78.0,1.0,1,,,,,,1775671623.758236
5c7e4638-30e0-4888-990f-24f3d564c836,0,1,6,48,2026-04-08T18:07:09.824427+00:00,92,,trade,,,,,,,,,1775671629.920905
5c7e4638-30e0-4888-990f-24f3d564c836,0,1,6,49,2026-04-08T18:07:14.686454+00:00,95,b8c16b8f-34e1-455a-b477-ad655141edd0,add,82.0,1.0,1,,,,,,1775671634.726032
5c7e4638-30e0-4888-990f-24f3d564c836,0,1,6,50,2026-04-08T18:07:20.534648+00:00,96,65cd4bcd-7647-424f-9f09-85717dbf1322,add,82.0,1.0,1,88.0,1.0,1,6.0,85.0,1775671640.575954
5c7e4638-30e0-4888-990f-24f3d564c836,0,1,6,51,2026-04-08T18:07:23.533813+00:00,97,,trade,,,,88.0,1.0,1,,,1775671643.627397
5c7e4638-30e0-4888-990f-24f3d564c836,0,1,6,52,2026-04-08T18:07:28.040616+00:00,100,,trade,,,,,,,,,1775671648.128537
5c7e4638-30e0-4888-990f-24f3d564c836,0,1,6,53,2026-04-08T18:07:32.994563+00:00,103,c5445e54-c454-4103-8e2f-b3837bb1e3a8,add,86.0,1.0,1,,,,,,1775671653.030237
5c7e4638-30e0-4888-990f-24f3d564c836,0,1,7,54,2026-04-08T18:08:08.138766+00:00,104,,trade,,,,,,,,,1775671688.23722
5c7e4638-30e0-4888-990f-24f3d564c836,0,1,7,55,2026-04-08T18:08:12.236222+00:00,107,225e3f82-6203-4b01-bd3b-55002a723ba2,add,,,,72.0,1.0,1,,,1775671692.273039
5c7e4638-30e0-4888-990f-24f3d564c836,0,1,7,56,2026-04-08T18:08:17.398991+00:00,108,f50ed95f-ce00-4a3b-957d-f230054fe339,add,70.0,1.0,1,72.0,1.0,1,2.0,71.0,1775671697.45137
5c7e4638-30e0-4888-990f-24f3d564c836,0,1,7,57,2026-04-08T18:08:21.196057+00:00,109,,trade,,,,72.0,1.0,1,,,1775671701.286313
5c7e4638-30e0-4888-990f-24f3d564c836,0,1,7,58,2026-04-08T18:08:23.876571+00:00,112,,trade,,,,,,,,,1775671703.969838
5c7e4638-30e0-4888-990f-24f3d564c836,0,1,8,59,2026-04-08T18:09:47.129855+00:00,115,96c1c237-d59e-47bc-a67d-77dc61ea7aab,add,62.0,1.0,1,,,,,,1775671787.169395
5c7e4638-30e0-4888-990f-24f3d564c836,0,1,8,60,2026-04-08T18:09:51.155921+00:00,116,9702cea1-59ed-4e8b-bcf5-a9568d18c75d,add,64.0,1.0,1,,,,,,1775671791.205845
5c7e4638-30e0-4888-990f-24f3d564c836,0,1,8,61,2026-04-08T18:09:55.796273+00:00,117,b5c4231f-8e21-41c3-9439-c8c4bbb3c209,add,64.0,1.0,1,65.0,1.0,1,1.0,64.5,1775671795.832758
5c7e4638-30e0-4888-990f-24f3d564c836,0,1,8,62,2026-04-08T18:09:59.118761+00:00,118,,trade,62.0,1.0,1,65.0,1.0,1,3.0,63.5,1775671799.213549
5c7e4638-30e0-4888-990f-24f3d564c836,0,1,8,63,2026-04-08T18:10:02.459938+00:00,121,,trade,,,,65.0,1.0,1,,,1775671802.573231
5c7e4638-30e0-4888-990f-24f3d564c836,0,1,8,64,2026-04-08T18:10:04.755170+00:00,124,,trade,,,,,,,,,1775671804.868996
5c7e4638-30e0-4888-990f-24f3d564c836,0,1,8,65,2026-04-08T18:10:06.613740+00:00,127,cb99f23d-e93a-4a90-9b5b-24660670e0a8,add,65.0,1.0,1,,,,,,1775671806.650456
5c7e4638-30e0-4888-990f-24f3d564c836,0,1,8,66,2026-04-08T18:10:11.899091+00:00,128,ee2dd99a-c989-498d-b4a6-4174e2415c9d,add,65.0,1.0,1,66.0,1.0,1,1.0,65.5,1775671811.934717
5c7e4638-30e0-4888-990f-24f3d564c836,0,1,8,67,2026-04-08T18:10:15.085514+00:00,129,c49437f7-0a1f-4ad2-a42b-e2d778db0ec1,add,65.0,1.0,1,66.0,1.0,1,1.0,65.5,1775671815.121336
5c7e4638-30e0-4888-990f-24f3d564c836,0,1,8,68,2026-04-08T18:10:18.496918+00:00,130,,trade,65.0,1.0,1,68.0,1.0,1,3.0,66.5,1775671818.598661
5c7e4638-30e0-4888-990f-24f3d564c836,0,1,8,69,2026-04-08T18:10:21.662086+00:00,133,,trade,,,,68.0,1.0,1,,,1775671821.75912
5c7e4638-30e0-4888-990f-24f3d564c836,0,1,8,70,2026-04-08T18:10:25.013792+00:00,136,,trade,,,,,,,,,1775671825.168182
5c7e4638-30e0-4888-990f-24f3d564c836,0,1,8,71,2026-04-08T18:10:29.545967+00:00,139,2bfde67a-b52b-4c94-8952-0ab3869041c3,add,62.0,1.0,1,,,,,,1775671829.581442
5c7e4638-30e0-4888-990f-24f3d564c836,0,1,8,72,2026-04-08T18:10:33.704280+00:00,140,a36feb43-ba1d-4a9e-a9d2-297bace7a5ed,add,62.0,1.0,1,64.0,1.0,1,2.0,63.0,1775671833.740644
5c7e4638-30e0-4888-990f-24f3d564c836,0,1,9,73,2026-04-08T18:11:30.254273+00:00,141,2a5d68b8-edbf-475c-955b-f970710b4f23,add,63.0,1.0,1,64.0,1.0,1,1.0,63.5,1775671890.290632
5c7e4638-30e0-4888-990f-24f3d564c836,0,1,9,74,2026-04-08T18:11:34.694521+00:00,142,,trade,62.0,1.0,1,64.0,1.0,1,2.0,63.0,1775671894.785938
5c7e4638-30e0-4888-990f-24f3d564c836,0,1,9,75,2026-04-08T18:11:37.738517+00:00,145,,trade,62.0,1.0,1,,,,,,1775671897.837474
5c7e4638-30e0-4888-990f-24f3d564c836,0,1,9,76,2026-04-08T18:11:41.312898+00:00,148,,trade,,,,,,,,,1775671901.439601
5c7e4638-30e0-4888-990f-24f3d564c836,0,1,9,77,2026-04-08T18:11:46.533435+00:00,151,a7b1049a-b0e5-47b2-ba86-8279aa97ea02,add,60.0,1.0,1,,,,,,1775671906.574376
5c7e4638-30e0-4888-990f-24f3d564c836,0,1,9,78,2026-04-08T18:11:50.217170+00:00,152,7bb4c789-3d63-459f-b72d-856b6f9759a3,add,60.0,1.0,1,62.0,1.0,1,2.0,61.0,1775671910.255624
5c7e4638-30e0-4888-990f-24f3d564c836,0,1,9,79,2026-04-08T18:11:53.506022+00:00,153,,trade,60.0,1.0,1,,,,,,1775671913.594566
5c7e4638-30e0-4888-990f-24f3d564c836,0,1,9,80,2026-04-08T18:11:55.922804+00:00,156,,trade,,,,,,,,,1775671916.015569
5c7e4638-30e0-4888-990f-24f3d564c836,0,1,10,81,2026-04-08T18:12:30.722719+00:00,159,de5ac727-74ec-4b3f-a66d-904b45374dc1,add,60.0,1.0,1,,,,,,1775671950.758256
5c7e4638-30e0-4888-990f-24f3d564c836,0,1,10,82,2026-04-08T18:12:34.664017+00:00,160,b76dcbe9-49ed-4218-a841-0d2875f84f71,add,62.0,1.0,1,,,,,,1775671954.699266
5c7e4638-30e0-4888-990f-24f3d564c836,0,1,10,83,2026-04-08T18:12:39.256232+00:00,161,93fdf2fc-f012-497c-843c-cdb7e97509e5,add,62.0,1.0,1,65.0,1.0,1,3.0,63.5,1775671959.292064
5c7e4638-30e0-4888-990f-24f3d564c836,0,1,10,84,2026-04-08T18:12:42.799620+00:00,162,,trade,60.0,1.0,1,65.0,1.0,1,5.0,62.5,1775671962.891966
5c7e4638-30e0-4888-990f-24f3d564c836,0,1,10,85,2026-04-08T18:12:46.402844+00:00,165,,trade,,,,65.0,1.0,1,,,1775671966.491347
5c7e4638-30e0-4888-990f-24f3d564c836,0,1,10,86,2026-04-08T18:12:49.510014+00:00,168,93fdf2fc-f012-497c-843c-cdb7e97509e5,cancel,,,,,,,,,1775671969.521811
5c7e4638-30e0-4888-990f-24f3d564c836,0,1,10,87,2026-04-08T18:12:52.259551+00:00,169,eb0b1777-d821-4b8a-8c85-768b92047fde,add,65.0,1.0,1,,,,,,1775671972.299941
5c7e4638-30e0-4888-990f-24f3d564c836,0,1,10,88,2026-04-08T18:12:54.954582+00:00,170,,trade,,,,,,,,,1775671975.069481
5c7e4638-30e0-4888-990f-24f3d564c836,0,1,11,89,2026-04-08T18:14:14.460166+00:00,173,096cb107-96a5-493b-8a28-aacae4d0a6b2,add,42.0,1.0,1,,,,,,1775672054.495817
5c7e4638-30e0-4888-990f-24f3d564c836,0,1,11,90,2026-04-08T18:14:18.268533+00:00,174,20615dcf-35ef-41ea-9242-e006ded32502,add,42.0,1.0,1,45.0,1.0,1,3.0,43.5,1775672058.356504
5c7e4638-30e0-4888-990f-24f3d564c836,0,1,11,91,2026-04-08T18:14:21.839125+00:00,175,,trade,,,,45.0,1.0,1,,,1775672061.92959
5c7e4638-30e0-4888-990f-24f3d564c836,0,1,11,92,2026-04-08T18:14:25.064903+00:00,178,,trade,,,,,,,,,1775672065.161466
5c7e4638-30e0-4888-990f-24f3d564c836,0,1,11,93,2026-04-08T18:14:27.896810+00:00,181,d3af61c9-b990-4b4b-a968-af95a1e1877a,add,43.0,1.0,1,,,,,,1775672067.932008
5c7e4638-30e0-4888-990f-24f3d564c836,0,1,11,94,2026-04-08T18:14:34.280399+00:00,182,3e328fe2-a795-4677-8dd3-16966d4026d0,add,43.0,1.0,1,45.0,1.0,1,2.0,44.0,1775672074.319391
5c7e4638-30e0-4888-990f-24f3d564c836,0,1,11,95,2026-04-08T18:14:38.068931+00:00,183,,trade,43.0,1.0,1,,,,,,1775672078.159783
5c7e4638-30e0-4888-990f-24f3d564c836,0,1,11,96,2026-04-08T18:14:41.279261+00:00,186,,trade,,,,,,,,,1775672081.422268
5c7e4638-30e0-4888-990f-24f3d564c836,0,1,11,97,2026-04-08T18:14:44.610141+00:00,189,d2902967-f05b-4827-b8d6-5f36c97311a7,add,,,,43.0,1.0,1,,,1775672084.644589
5c7e4638-30e0-4888-990f-24f3d564c836,0,1,11,98,2026-04-08T18:14:47.570950+00:00,190,,trade,,,,,,,,,1775672087.65879
5c7e4638-30e0-4888-990f-24f3d564c836,0,1,11,99,2026-04-08T18:14:50.450977+00:00,193,b08fc369-4bd1-4d3e-aa07-987730320be3,add,40.0,1.0,1,,,,,,1775672090.485998
5c7e4638-30e0-4888-990f-24f3d564c836,0,1,12,100,2026-04-08T18:15:53.233965+00:00,194,11226b34-46e3-4bab-a79f-c4862b90e4e9,add,40.0,1.0,1,44.0,1.0,1,4.0,42.0,1775672153.280832
5c7e4638-30e0-4888-990f-24f3d564c836,0,1,12,101,2026-04-08T18:15:55.795638+00:00,195,95cf7851-679f-435a-ad46-5721b7d55e3d,add,40.0,2.0,2,44.0,1.0,1,4.0,42.0,1775672155.832606
5c7e4638-30e0-4888-990f-24f3d564c836,0,1,12,102,2026-04-08T18:15:59.507831+00:00,196,,trade,40.0,1.0,1,44.0,1.0,1,4.0,42.0,1775672159.595191
5c7e4638-30e0-4888-990f-24f3d564c836,0,1,12,103,2026-04-08T18:16:03.224226+00:00,199,,trade,,,,44.0,1.0,1,,,1775672163.326422
5c7e4638-30e0-4888-990f-24f3d564c836,0,1,12,104,2026-04-08T18:16:06.004485+00:00,202,,trade,,,,,,,,,1775672166.098304
5c7e4638-30e0-4888-990f-24f3d564c836,0,1,12,105,2026-04-08T18:16:09.269430+00:00,205,2662a2c8-e1eb-46af-b8d3-3d4c268facbe,add,32.0,1.0,1,,,,,,1775672169.30619
5c7e4638-30e0-4888-990f-24f3d564c836,0,1,12,106,2026-04-08T18:16:11.867415+00:00,206,4544903e-09df-44ca-8850-84790e3ef09c,add,32.0,1.0,1,35.0,1.0,1,3.0,33.5,1775672171.903464
5c7e4638-30e0-4888-990f-24f3d564c836,0,1,12,107,2026-04-08T18:16:14.819152+00:00,207,,trade,32.0,1.0,1,,,,,,1775672174.911216
5c7e4638-30e0-4888-990f-24f3d564c836,0,1,12,108,2026-04-08T18:16:17.780022+00:00,210,,trade,,,,,,,,,1775672177.892757
5c7e4638-30e0-4888-990f-24f3d564c836,0,1,12,109,2026-04-08T18:16:20.567458+00:00,213,886d178d-c42e-4c98-b52f-3d3280718d6d,add,,,,40.0,1.0,1,,,1775672180.60615
5c7e4638-30e0-4888-990f-24f3d564c836,0,1,12,110,2026-04-08T18:16:23.145884+00:00,214,,trade,,,,,,,,,1775672183.274244
5c7e4638-30e0-4888-990f-24f3d564c836,0,1,13,111,2026-04-08T18:17:19.919016+00:00,217,1a9e930b-567c-455e-ac67-42078b38de68,add,22.0,1.0,1,,,,,,1775672239.954553
5c7e4638-30e0-4888-990f-24f3d564c836,0,1,13,112,2026-04-08T18:17:23.607987+00:00,218,b7dbef2d-2d4e-4d7c-b60d-689d9fa2d496,add,22.0,1.0,1,,,,,,1775672243.65385
5c7e4638-30e0-4888-990f-24f3d564c836,0,1,13,113,2026-04-08T18:17:25.875470+00:00,219,0745c56d-5135-477c-b850-141ef8008c88,add,22.0,1.0,1,,,,,,1775672245.917136
5c7e4638-30e0-4888-990f-24f3d564c836,0,1,13,114,2026-04-08T18:17:29.162931+00:00,220,b28dc616-5493-4c53-a6d1-1bd6c7d0966a,add,23.0,1.0,1,,,,,,1775672249.243552
5c7e4638-30e0-4888-990f-24f3d564c836,0,1,13,115,2026-04-08T18:17:34.128242+00:00,221,0e49f18f-61f6-4977-994e-e6c2901b0708,add,23.0,1.0,1,24.0,1.0,1,1.0,23.5,1775672254.166319
5c7e4638-30e0-4888-990f-24f3d564c836,0,1,13,116,2026-04-08T18:17:36.899075+00:00,222,2af9dd76-b251-457d-9c2e-e7d499f158df,add,23.0,1.0,1,24.0,2.0,2,1.0,23.5,1775672256.940236
5c7e4638-30e0-4888-990f-24f3d564c836,0,1,13,117,2026-04-08T18:17:42.328850+00:00,223,76df3daa-a9c4-4c09-a9a9-cc25a99effb7,add,23.0,1.0,1,24.0,3.0,3,1.0,23.5,1775672262.367172
5c7e4638-30e0-4888-990f-24f3d564c836,0,1,13,118,2026-04-08T18:17:45.416359+00:00,224,1d08d964-add4-47b2-9283-0548bee0cec2,add,23.0,1.0,1,24.0,3.0,3,1.0,23.5,1775672265.452543
5c7e4638-30e0-4888-990f-24f3d564c836,0,1,13,119,2026-04-08T18:17:50.129528+00:00,225,,trade,22.0,2.0,2,24.0,3.0,3,2.0,23.0,1775672270.233839
5c7e4638-30e0-4888-990f-24f3d564c836,0,1,13,120,2026-04-08T18:17:53.129163+00:00,228,,trade,22.0,1.0,1,24.0,3.0,3,2.0,23.0,1775672273.226353
5c7e4638-30e0-4888-990f-24f3d564c836,0,1,13,121,2026-04-08T18:17:55.664902+00:00,231,,trade,21.95,1.0,1,24.0,3.0,3,2.0500000000000007,22.975,1775672275.751323
5c7e4638-30e0-4888-990f-24f3d564c836,0,1,13,122,2026-04-08T18:17:59.061193+00:00,234,,trade,21.95,1.0,1,24.0,2.0,2,2.0500000000000007,22.975,1775672279.148616
5c7e4638-30e0-4888-990f-24f3d564c836,0,1,13,123,2026-04-08T18:18:01.144903+00:00,237,,trade,21.95,1.0,1,24.0,1.0,1,2.0500000000000007,22.975,1775672281.276862
5c7e4638-30e0-4888-990f-24f3d564c836,0,1,14,124,2026-04-08T18:18:45.789629+00:00,240,,trade,21.95,1.0,1,,,,,,1775672325.880391
5c7e4638-30e0-4888-990f-24f3d564c836,0,1,14,125,2026-04-08T18:18:48.435180+00:00,243,,trade,21.0,1.0,1,,,,,,1775672328.524293
5c7e4638-30e0-4888-990f-24f3d564c836,0,1,14,126,2026-04-08T18:18:50.639963+00:00,246,,trade,,,,,,,,,1775672330.740835
5c7e4638-30e0-4888-990f-24f3d564c836,0,1,14,127,2026-04-08T18:18:53.842805+00:00,249,3442c615-4659-4119-86c1-3ade6bb7adfb,add,,,,15.0,1.0,1,,,1775672333.881265
5c7e4638-30e0-4888-990f-24f3d564c836,0,1,14,128,2026-04-08T18:18:56.122518+00:00,250,9ad02101-6950-4c56-b167-8a8e09835050,add,13.0,1.0,1,15.0,1.0,1,2.0,14.0,1775672336.216743
5c7e4638-30e0-4888-990f-24f3d564c836,0,1,14,129,2026-04-08T18:18:59.280180+00:00,251,,trade,13.0,1.0,1,,,,,,1775672339.384167
5c7e4638-30e0-4888-990f-24f3d564c836,0,1,14,130,2026-04-08T18:19:02.099108+00:00,254,,trade,,,,,,,,,1775672342.220693
5c7e4638-30e0-4888-990f-24f3d564c836,0,1,14,131,2026-04-08T18:19:06.884133+00:00,257,2aa83762-4f7e-4358-a5f2-098364eb4887,add,,,,16.0,1.0,1,,,1775672346.92937
5c7e4638-30e0-4888-990f-24f3d564c836,0,1,14,132,2026-04-08T18:19:09.238744+00:00,258,8226d538-d5d4-4488-800a-1cae97fceb9f,add,4.0,1.0,1,16.0,1.0,1,12.0,10.0,1775672349.277495
5c7e4638-30e0-4888-990f-24f3d564c836,0,1,14,133,2026-04-08T18:19:11.036672+00:00,259,8226d538-d5d4-4488-800a-1cae97fceb9f,cancel,,,,16.0,1.0,1,,,1775672351.071883
5c7e4638-30e0-4888-990f-24f3d564c836,0,1,14,134,2026-04-08T18:19:13.082298+00:00,260,9b509dc7-9271-4093-ad8e-3c13f81afa30,add,14.0,1.0,1,16.0,1.0,1,2.0,15.0,1775672353.117418
5c7e4638-30e0-4888-990f-24f3d564c836,0,1,14,135,2026-04-08T18:19:19.151441+00:00,261,,trade,14.0,1.0,1,,,,,,1775672359.260848
5c7e4638-30e0-4888-990f-24f3d564c836,0,1,14,136,2026-04-08T18:19:21.374590+00:00,264,,trade,,,,,,,,,1775672361.486708
5c7e4638-30e0-4888-990f-24f3d564c836,0,1,15,137,2026-04-08T18:20:12.945873+00:00,267,fb009f2e-a1df-414c-8625-a4b660a6cd51,add,8.0,1.0,1,,,,,,1775672412.983392
5c7e4638-30e0-4888-990f-24f3d564c836,0,1,15,138,2026-04-08T18:20:15.541250+00:00,268,d182cb47-5b6b-4cd9-b8f1-088522db69ee,add,8.0,1.0,1,11.0,1.0,1,3.0,9.5,1775672415.57656
5c7e4638-30e0-4888-990f-24f3d564c836,0,1,15,139,2026-04-08T18:20:18.749942+00:00,269,,trade,8.0,1.0,1,,,,,,1775672418.853374
5c7e4638-30e0-4888-990f-24f3d564c836,0,1,15,140,2026-04-08T18:20:22.185926+00:00,272,,trade,,,,,,,,,1775672422.282039
5c7e4638-30e0-4888-990f-24f3d564c836,0,1,15,141,2026-04-08T18:20:24.496036+00:00,275,bb8ab4fa-1ca7-44a2-83f5-e7b5e0536bed,add,,,,10.0,1.0,1,,,1775672424.544854
5c7e4638-30e0-4888-990f-24f3d564c836,0,1,15,142,2026-04-08T18:20:27.499522+00:00,276,04852d03-d926-4525-94e1-85f68977229c,add,9.0,1.0,1,10.0,1.0,1,1.0,9.5,1775672427.558106
5c7e4638-30e0-4888-990f-24f3d564c836,0,1,15,143,2026-04-08T18:20:30.450732+00:00,277,,trade,,,,10.0,1.0,1,,,1775672430.537963
5c7e4638-30e0-4888-990f-24f3d564c836,0,1,15,144,2026-04-08T18:20:33.104929+00:00,280,,trade,,,,,,,,,1775672433.210369
5c7e4638-30e0-4888-990f-24f3d564c836,0,1,15,145,2026-04-08T18:20:37.070338+00:00,283,7c79b45c-518a-4fd1-a9aa-f8017f2b6d30,add,10.0,1.0,1,,,,,,1775672437.109513
5c7e4638-30e0-4888-990f-24f3d564c836,0,1,15,146,2026-04-08T18:20:41.169399+00:00,284,,trade,,,,,,,,,1775672441.329604
025fce5c-ab70-4acb-9fe2-39de4e4b9b23,0,2,1,1,2026-04-08T18:21:43.905867+00:00,1,8472cc6a-bc0a-481d-b03e-0b9cefc2a092,add,120.0,1.0,1,,,,,,1775672503.942329
025fce5c-ab70-4acb-9fe2-39de4e4b9b23,0,2,1,2,2026-04-08T18:21:50.220577+00:00,2,27bc3ee5-bf56-4e5e-969a-8cee1820265a,add,120.0,1.0,1,130.0,1.0,1,10.0,125.0,1775672510.257665
025fce5c-ab70-4acb-9fe2-39de4e4b9b23,0,2,1,3,2026-04-08T18:21:52.742450+00:00,3,,trade,120.0,1.0,1,,,,,,1775672512.8718
025fce5c-ab70-4acb-9fe2-39de4e4b9b23,0,2,1,4,2026-04-08T18:21:55.503148+00:00,6,,trade,,,,,,,,,1775672515.592446
025fce5c-ab70-4acb-9fe2-39de4e4b9b23,0,2,1,5,2026-04-08T18:21:57.754510+00:00,9,9c9884d6-4e1c-423e-9e08-0d66286df0c8,add,,,,111.0,1.0,1,,,1775672517.802003
025fce5c-ab70-4acb-9fe2-39de4e4b9b23,0,2,1,6,2026-04-08T18:22:00.930759+00:00,10,ba07406e-8ac7-4893-9888-cd97fc74e315,add,110.0,1.0,1,111.0,1.0,1,1.0,110.5,1775672520.965257
025fce5c-ab70-4acb-9fe2-39de4e4b9b23,0,2,1,7,2026-04-08T18:22:04.096936+00:00,11,,trade,110.0,1.0,1,,,,,,1775672524.20546
025fce5c-ab70-4acb-9fe2-39de4e4b9b23,0,2,1,8,2026-04-08T18:22:09.051880+00:00,14,,trade,,,,,,,,,1775672529.139404
025fce5c-ab70-4acb-9fe2-39de4e4b9b23,0,2,1,9,2026-04-08T18:22:11.589741+00:00,17,714ef7ef-aecb-492d-9b5e-5447e8481d78,add,120.0,1.0,1,,,,,,1775672531.625771
025fce5c-ab70-4acb-9fe2-39de4e4b9b23,0,2,1,10,2026-04-08T18:22:12.870255+00:00,18,fe0065aa-47f1-4954-8eca-43718ed17d19,add,120.0,2.0,2,,,,,,1775672532.905189
025fce5c-ab70-4acb-9fe2-39de4e4b9b23,0,2,1,11,2026-04-08T18:22:13.079381+00:00,19,70e00ccb-fcbf-4d27-9be2-2519a3d0f785,add,120.0,3.0,3,,,,,,1775672533.114533
025fce5c-ab70-4acb-9fe2-39de4e4b9b23,0,2,1,12,2026-04-08T18:22:13.244908+00:00,20,758d6d2e-45ae-4ef0-b73c-ad1cb2617b6b,add,120.0,4.0,4,,,,,,1775672533.294511
025fce5c-ab70-4acb-9fe2-39de4e4b9b23,0,2,1,13,2026-04-08T18:22:13.441077+00:00,21,54e727b4-4d92-4437-9c0b-8d791b8ac983,add,120.0,5.0,5,,,,,,1775672533.476259
025fce5c-ab70-4acb-9fe2-39de4e4b9b23,0,2,1,14,2026-04-08T18:22:16.246238+00:00,22,,trade,120.0,4.0,4,,,,,,1775672536.478012
025fce5c-ab70-4acb-9fe2-39de4e4b9b23,0,2,1,15,2026-04-08T18:22:16.530717+00:00,25,,trade,120.0,3.0,3,,,,,,1775672536.67585
025fce5c-ab70-4acb-9fe2-39de4e4b9b23,0,2,1,16,2026-04-08T18:22:16.739642+00:00,28,,trade,120.0,2.0,2,,,,,,1775672536.829601
025fce5c-ab70-4acb-9fe2-39de4e4b9b23,0,2,1,17,2026-04-08T18:22:21.051455+00:00,31,3ec26947-5201-4a4d-bde0-514edb8cac01,add,122.0,1.0,1,,,,,,1775672541.087816
025fce5c-ab70-4acb-9fe2-39de4e4b9b23,0,2,1,18,2026-04-08T18:22:23.789565+00:00,32,,trade,120.0,2.0,2,,,,,,1775672543.885223
025fce5c-ab70-4acb-9fe2-39de4e4b9b23,0,2,1,19,2026-04-08T18:22:28.410880+00:00,35,,trade,120.0,1.0,1,,,,,,1775672548.499373
025fce5c-ab70-4acb-9fe2-39de4e4b9b23,0,2,2,20,2026-04-08T18:23:17.391417+00:00,38,,trade,,,,,,,,,1775672597.556546
025fce5c-ab70-4acb-9fe2-39de4e4b9b23,0,2,2,21,2026-04-08T18:23:24.905449+00:00,41,6a6dbc76-a932-4460-8b82-92345fae43fd,add,112.0,1.0,1,,,,,,1775672604.948133
025fce5c-ab70-4acb-9fe2-39de4e4b9b23,0,2,2,22,2026-04-08T18:23:28.001784+00:00,42,6a59fa17-5edc-4b85-ae0d-59d0a1633ef7,add,112.0,1.0,1,114.0,1.0,1,2.0,113.0,1775672608.037212
025fce5c-ab70-4acb-9fe2-39de4e4b9b23,0,2,2,23,2026-04-08T18:23:31.689303+00:00,43,,trade,112.0,1.0,1,,,,,,1775672611.806241
025fce5c-ab70-4acb-9fe2-39de4e4b9b23,0,2,2,24,2026-04-08T18:23:34.826721+00:00,46,,trade,,,,,,,,,1775672614.938413
025fce5c-ab70-4acb-9fe2-39de4e4b9b23,0,2,2,25,2026-04-08T18:23:38.851334+00:00,49,0e356124-a56c-495f-bd01-9aae52bf4ad2,add,111.0,1.0,1,,,,,,1775672618.887819
025fce5c-ab70-4acb-9fe2-39de4e4b9b23,0,2,2,26,2026-04-08T18:23:42.185435+00:00,50,d7840415-7388-4a82-9037-7ca048c93e00,add,111.0,1.0,1,115.0,1.0,1,4.0,113.0,1775672622.221969
025fce5c-ab70-4acb-9fe2-39de4e4b9b23,0,2,2,27,2026-04-08T18:23:45.455177+00:00,51,,trade,,,,115.0,1.0,1,,,1775672625.546596
025fce5c-ab70-4acb-9fe2-39de4e4b9b23,0,2,2,28,2026-04-08T18:23:48.811557+00:00,54,,trade,,,,,,,,,1775672628.909905
025fce5c-ab70-4acb-9fe2-39de4e4b9b23,0,2,3,29,2026-04-08T18:24:34.006856+00:00,57,ce54d488-6904-471c-8dfa-841309932c22,add,104.0,1.0,1,,,,,,1775672674.044902
025fce5c-ab70-4acb-9fe2-39de4e4b9b23,0,2,3,30,2026-04-08T18:24:39.616945+00:00,58,e855dde8-f636-4101-960c-f4aad1b8fee9,add,104.0,1.0,1,106.0,1.0,1,2.0,105.0,1775672679.653036
025fce5c-ab70-4acb-9fe2-39de4e4b9b23,0,2,3,31,2026-04-08T18:24:39.876085+00:00,59,,trade,,,,106.0,1.0,1,,,1775672679.977238
025fce5c-ab70-4acb-9fe2-39de4e4b9b23,0,2,3,32,2026-04-08T18:24:40.068534+00:00,62,5f93c8b1-7dd9-4907-a6c1-18dee78a7b7d,add,,,,105.0,1.0,1,,,1775672680.111816
025fce5c-ab70-4acb-9fe2-39de4e4b9b23,0,2,3,33,2026-04-08T18:24:43.306958+00:00,63,,trade,,,,106.0,1.0,1,,,1775672683.402109
025fce5c-ab70-4acb-9fe2-39de4e4b9b23,0,2,3,34,2026-04-08T18:24:47.966490+00:00,66,,trade,,,,,,,,,1775672688.053205
025fce5c-ab70-4acb-9fe2-39de4e4b9b23,0,2,3,35,2026-04-08T18:24:49.966741+00:00,69,4594f05a-6de4-4a06-a6ed-67e9715182a5,add,106.0,1.0,1,,,,,,1775672690.002655
025fce5c-ab70-4acb-9fe2-39de4e4b9b23,0,2,3,36,2026-04-08T18:24:52.905109+00:00,70,7bc88699-4913-48a6-a6b2-ed43142ebeda,add,106.0,1.0,1,108.0,1.0,1,2.0,107.0,1775672692.940263
025fce5c-ab70-4acb-9fe2-39de4e4b9b23,0,2,3,37,2026-04-08T18:24:56.034609+00:00,71,,trade,106.0,1.0,1,,,,,,1775672696.125509
025fce5c-ab70-4acb-9fe2-39de4e4b9b23,0,2,3,38,2026-04-08T18:24:59.795403+00:00,74,,trade,,,,,,,,,1775672699.881367
025fce5c-ab70-4acb-9fe2-39de4e4b9b23,0,2,4,39,2026-04-08T18:26:12.246638+00:00,77,47676997-ef48-4ab3-8344-d404f7300c50,add,97.0,1.0,1,,,,,,1775672772.284112
025fce5c-ab70-4acb-9fe2-39de4e4b9b23,0,2,4,40,2026-04-08T18:26:14.917500+00:00,78,ed703226-0962-4e7f-a84b-6942ac95bd3e,add,97.0,1.0,1,,,,,,1775672774.952734
025fce5c-ab70-4acb-9fe2-39de4e4b9b23,0,2,4,41,2026-04-08T18:26:19.772306+00:00,79,6843985e-8c2e-41e2-ab78-fb565322bcab,add,97.0,1.0,1,,,,,,1775672779.817456
025fce5c-ab70-4acb-9fe2-39de4e4b9b23,0,2,4,42,2026-04-08T18:26:26.089021+00:00,80,ed0b5802-e9f5-4e98-92a2-d10eeff84232,add,97.0,1.0,1,100.0,1.0,1,3.0,98.5,1775672786.128135
025fce5c-ab70-4acb-9fe2-39de4e4b9b23,0,2,4,43,2026-04-08T18:26:26.989530+00:00,81,,trade,96.0,1.0,1,100.0,1.0,1,4.0,98.0,1775672787.107799
025fce5c-ab70-4acb-9fe2-39de4e4b9b23,0,2,4,44,2026-04-08T18:26:27.187522+00:00,84,3094774c-02bf-4c02-9199-ac71e7a54a1b,add,96.0,1.0,1,98.5,1.0,1,2.5,97.25,1775672787.231675
025fce5c-ab70-4acb-9fe2-39de4e4b9b23,0,2,4,45,2026-04-08T18:26:28.221543+00:00,85,199007d0-6cb1-4751-8946-80872817e0ab,add,96.0,1.0,1,98.5,2.0,2,2.5,97.25,1775672788.257962
025fce5c-ab70-4acb-9fe2-39de4e4b9b23,0,2,4,46,2026-04-08T18:26:31.613843+00:00,86,,trade,96.0,1.0,1,98.5,1.0,1,2.5,97.25,1775672791.705027
025fce5c-ab70-4acb-9fe2-39de4e4b9b23,0,2,4,47,2026-04-08T18:26:34.643708+00:00,89,,trade,96.0,1.0,1,100.0,1.0,1,4.0,98.0,1775672794.736718
025fce5c-ab70-4acb-9fe2-39de4e4b9b23,0,2,4,48,2026-04-08T18:26:38.028742+00:00,92,,trade,95.0,1.0,1,100.0,1.0,1,5.0,97.5,1775672798.121693
025fce5c-ab70-4acb-9fe2-39de4e4b9b23,0,2,4,49,2026-04-08T18:26:40.758557+00:00,95,,trade,,,,100.0,1.0,1,,,1775672800.849358
025fce5c-ab70-4acb-9fe2-39de4e4b9b23,0,2,4,50,2026-04-08T18:26:43.413902+00:00,98,,trade,,,,,,,,,1775672803.501835
025fce5c-ab70-4acb-9fe2-39de4e4b9b23,0,2,5,51,2026-04-08T18:27:58.027238+00:00,101,0905e117-3e56-4277-8fd1-f41d86bd3f68,add,80.0,1.0,1,,,,,,1775672878.062012
025fce5c-ab70-4acb-9fe2-39de4e4b9b23,0,2,5,52,2026-04-08T18:28:00.833587+00:00,102,e467ce6c-e8a7-4c3b-9382-c94b9bbbb8ff,add,80.0,1.0,1,90.0,1.0,1,10.0,85.0,1775672880.869741
025fce5c-ab70-4acb-9fe2-39de4e4b9b23,0,2,5,53,2026-04-08T18:28:03.611344+00:00,103,,trade,80.0,1.0,1,,,,,,1775672883.699205
025fce5c-ab70-4acb-9fe2-39de4e4b9b23,0,2,5,54,2026-04-08T18:28:06.459427+00:00,106,,trade,,,,,,,,,1775672886.568828
025fce5c-ab70-4acb-9fe2-39de4e4b9b23,0,2,5,55,2026-04-08T18:28:10.782067+00:00,109,89fe7f36-6f30-46d0-bd0d-ee62a3ff9167,add,80.0,1.0,1,,,,,,1775672890.843697
025fce5c-ab70-4acb-9fe2-39de4e4b9b23,0,2,5,56,2026-04-08T18:28:15.318808+00:00,110,6fa798c2-5be0-477a-848c-9d8014605c35,add,80.0,1.0,1,85.0,1.0,1,5.0,82.5,1775672895.356866
025fce5c-ab70-4acb-9fe2-39de4e4b9b23,0,2,5,57,2026-04-08T18:28:17.952945+00:00,111,,trade,80.0,1.0,1,,,,,,1775672898.056747
025fce5c-ab70-4acb-9fe2-39de4e4b9b23,0,2,5,58,2026-04-08T18:28:21.007455+00:00,114,,trade,,,,,,,,,1775672901.102302
025fce5c-ab70-4acb-9fe2-39de4e4b9b23,0,2,6,59,2026-04-08T18:29:39.891311+00:00,117,6776f3ee-569e-4e9d-b7eb-c9263d9ec6a7,add,,,,67.0,1.0,1,,,1775672979.928106
025fce5c-ab70-4acb-9fe2-39de4e4b9b23,0,2,6,60,2026-04-08T18:29:42.848735+00:00,118,be5aa577-8c45-4250-b9f2-10e1744c2bdd,add,56.0,1.0,1,67.0,1.0,1,11.0,61.5,1775672982.884167
025fce5c-ab70-4acb-9fe2-39de4e4b9b23,0,2,6,61,2026-04-08T18:29:46.134615+00:00,119,,trade,56.0,1.0,1,,,,,,1775672986.25544
025fce5c-ab70-4acb-9fe2-39de4e4b9b23,0,2,6,62,2026-04-08T18:29:49.248832+00:00,122,,trade,,,,,,,,,1775672989.368969
025fce5c-ab70-4acb-9fe2-39de4e4b9b23,0,2,6,63,2026-04-08T18:29:52.955703+00:00,125,2e8f48e7-42de-42f4-ae5c-403737a8e74b,add,67.0,1.0,1,,,,,,1775672992.991553
025fce5c-ab70-4acb-9fe2-39de4e4b9b23,0,2,6,64,2026-04-08T18:29:56.318814+00:00,126,,trade,,,,,,,,,1775672996.415943
025fce5c-ab70-4acb-9fe2-39de4e4b9b23,0,2,6,65,2026-04-08T18:30:00.101456+00:00,129,aaa36916-640c-49bf-94dc-8f9af3fd7ed4,add,65.0,1.0,1,,,,,,1775673000.266369
025fce5c-ab70-4acb-9fe2-39de4e4b9b23,0,2,6,66,2026-04-08T18:30:03.290326+00:00,130,bb35fd2c-7eb9-4bc0-95cb-ee6a1fc39a49,add,65.0,1.0,1,69.0,1.0,1,4.0,67.0,1775673003.351137
025fce5c-ab70-4acb-9fe2-39de4e4b9b23,0,2,6,67,2026-04-08T18:30:05.960832+00:00,131,,trade,65.0,1.0,1,,,,,,1775673006.057936
025fce5c-ab70-4acb-9fe2-39de4e4b9b23,0,2,6,68,2026-04-08T18:30:10.496305+00:00,134,,trade,,,,,,,,,1775673010.744705
025fce5c-ab70-4acb-9fe2-39de4e4b9b23,0,2,7,69,2026-04-08T18:31:17.840711+00:00,137,966f122c-06ff-42a4-b3ee-fda91cd02af7,add,65.0,1.0,1,,,,,,1775673077.968905
025fce5c-ab70-4acb-9fe2-39de4e4b9b23,0,2,7,70,2026-04-08T18:31:21.294813+00:00,138,2a59bd0e-8f73-4e2b-9b06-c11c6bb2eaf4,add,65.0,1.0,1,69.0,1.0,1,4.0,67.0,1775673081.332451
025fce5c-ab70-4acb-9fe2-39de4e4b9b23,0,2,7,71,2026-04-08T18:31:25.597209+00:00,139,,trade,65.0,1.0,1,,,,,,1775673085.688596
025fce5c-ab70-4acb-9fe2-39de4e4b9b23,0,2,7,72,2026-04-08T18:31:29.991249+00:00,142,,trade,,,,,,,,,1775673090.090227
025fce5c-ab70-4acb-9fe2-39de4e4b9b23,0,2,7,73,2026-04-08T18:31:33.382369+00:00,145,5e1ad839-affb-4cc5-ba1a-3ddf3864b546,add,,,,56.0,1.0,1,,,1775673093.422751
025fce5c-ab70-4acb-9fe2-39de4e4b9b23,0,2,7,74,2026-04-08T18:31:36.458569+00:00,146,,trade,,,,,,,,,1775673096.550124
025fce5c-ab70-4acb-9fe2-39de4e4b9b23,0,2,7,75,2026-04-08T18:31:43.403998+00:00,149,06e54095-f4bb-4d73-a662-8ce8997f4d82,add,48.0,1.0,1,,,,,,1775673103.442216
025fce5c-ab70-4acb-9fe2-39de4e4b9b23,0,2,7,76,2026-04-08T18:31:47.356105+00:00,150,00876078-eaa3-4f05-853b-dbda109fa130,add,48.0,1.0,1,50.0,1.0,1,2.0,49.0,1775673107.396669
025fce5c-ab70-4acb-9fe2-39de4e4b9b23,0,2,7,77,2026-04-08T18:31:50.034872+00:00,151,,trade,48.0,1.0,1,,,,,,1775673110.142749
025fce5c-ab70-4acb-9fe2-39de4e4b9b23,0,2,8,78,2026-04-08T18:32:40.499894+00:00,154,,trade,,,,,,,,,1775673160.598139
025fce5c-ab70-4acb-9fe2-39de4e4b9b23,0,2,8,79,2026-04-08T18:32:42.363993+00:00,157,91ea8e41-2d60-43fa-9fec-d0f7cb376289,add,48.0,1.0,1,,,,,,1775673162.403571
025fce5c-ab70-4acb-9fe2-39de4e4b9b23,0,2,8,80,2026-04-08T18:32:47.725638+00:00,158,,trade,,,,,,,,,1775673167.828306
025fce5c-ab70-4acb-9fe2-39de4e4b9b23,0,2,8,81,2026-04-08T18:32:51.801981+00:00,161,4618f679-4961-4604-8a03-27b563096a5e,add,,,,60.0,1.0,1,,,1775673171.847382
025fce5c-ab70-4acb-9fe2-39de4e4b9b23,0,2,8,82,2026-04-08T18:32:55.218143+00:00,162,,trade,,,,,,,,,1775673175.328076
025fce5c-ab70-4acb-9fe2-39de4e4b9b23,0,2,8,83,2026-04-08T18:33:01.880549+00:00,165,9cdd2e64-c7df-4e78-ab26-f551fbfdd66a,add,64.0,1.0,1,,,,,,1775673181.918695
025fce5c-ab70-4acb-9fe2-39de4e4b9b23,0,2,8,84,2026-04-08T18:33:05.483413+00:00,166,aa8cdcaa-66a5-42f8-a7f5-29f9bbd986e5,add,64.0,1.0,1,65.0,1.0,1,1.0,64.5,1775673185.520333
025fce5c-ab70-4acb-9fe2-39de4e4b9b23,0,2,8,85,2026-04-08T18:33:07.636709+00:00,167,,trade,64.0,1.0,1,,,,,,1775673187.72863
025fce5c-ab70-4acb-9fe2-39de4e4b9b23,0,2,8,86,2026-04-08T18:33:11.882786+00:00,170,9cdd2e64-c7df-4e78-ab26-f551fbfdd66a,cancel,,,,,,,,,1775673191.891269
025fce5c-ab70-4acb-9fe2-39de4e4b9b23,0,2,8,87,2026-04-08T18:33:14.266791+00:00,171,6ebf5d24-eb08-412d-a6bc-58b2fe7e346a,add,,,,64.0,1.0,1,,,1775673194.304421
025fce5c-ab70-4acb-9fe2-39de4e4b9b23,0,2,8,88,2026-04-08T18:33:17.034111+00:00,172,,trade,,,,,,,,,1775673197.122689
025fce5c-ab70-4acb-9fe2-39de4e4b9b23,0,2,9,89,2026-04-08T18:34:55.002410+00:00,175,0f9bb040-46cc-4051-ade7-599e732ab904,add,50.0,1.0,1,,,,,,1775673295.058384
025fce5c-ab70-4acb-9fe2-39de4e4b9b23,0,2,9,90,2026-04-08T18:34:57.943505+00:00,176,,trade,,,,,,,,,1775673298.032835
025fce5c-ab70-4acb-9fe2-39de4e4b9b23,0,2,9,91,2026-04-08T18:35:02.354838+00:00,179,384e507f-8e94-411c-af1e-cf015aa1a139,add,44.0,1.0,1,,,,,,1775673302.393204
025fce5c-ab70-4acb-9fe2-39de4e4b9b23,0,2,9,92,2026-04-08T18:35:04.886385+00:00,180,,trade,,,,,,,,,1775673305.083837
025fce5c-ab70-4acb-9fe2-39de4e4b9b23,0,2,10,93,2026-04-08T18:36:07.910855+00:00,183,4e045593-b56e-44c3-972b-571d011b6599,add,,,,44.0,1.0,1,,,1775673367.970797
025fce5c-ab70-4acb-9fe2-39de4e4b9b23,0,2,10,94,2026-04-08T18:36:14.099828+00:00,184,e06265f9-77bd-4c9f-9eac-1339b4fef897,add,32.0,1.0,1,44.0,1.0,1,12.0,38.0,1775673374.136744
025fce5c-ab70-4acb-9fe2-39de4e4b9b23,0,2,10,95,2026-04-08T18:36:17.467750+00:00,185,,trade,32.0,1.0,1,,,,,,1775673377.599963
025fce5c-ab70-4acb-9fe2-39de4e4b9b23,0,2,10,96,2026-04-08T18:36:21.479356+00:00,188,,trade,,,,,,,,,1775673381.569788
025fce5c-ab70-4acb-9fe2-39de4e4b9b23,0,2,10,97,2026-04-08T18:36:35.269102+00:00,191,e1680d02-f507-41bd-a95d-0894101c2f5c,add,44.0,1.0,1,,,,,,1775673395.393101
025fce5c-ab70-4acb-9fe2-39de4e4b9b23,0,2,10,98,2026-04-08T18:36:36.924567+00:00,192,e1680d02-f507-41bd-a95d-0894101c2f5c,cancel,,,,,,,,,1775673396.933097
025fce5c-ab70-4acb-9fe2-39de4e4b9b23,0,2,10,99,2026-04-08T18:36:39.619835+00:00,193,1db1e4a0-9e71-42bb-a76e-523c6f6ef3f1,add,44.0,1.0,1,,,,,,1775673399.655569
025fce5c-ab70-4acb-9fe2-39de4e4b9b23,0,2,10,100,2026-04-08T18:36:42.262511+00:00,194,,trade,,,,,,,,,1775673402.37044
025fce5c-ab70-4acb-9fe2-39de4e4b9b23,0,2,10,101,2026-04-08T18:36:47.647382+00:00,197,41fe34b5-d418-440a-bd9c-fc1acf4f4c3f,add,,,,43.0,1.0,1,,,1775673407.685438
025fce5c-ab70-4acb-9fe2-39de4e4b9b23,0,2,10,102,2026-04-08T18:36:51.702856+00:00,198,9a74153f-50f7-4163-b086-9ff5e3fb2e1b,add,36.0,1.0,1,43.0,1.0,1,7.0,39.5,1775673411.738684
025fce5c-ab70-4acb-9fe2-39de4e4b9b23,0,2,10,103,2026-04-08T18:36:54.995154+00:00,199,,trade,36.0,1.0,1,,,,,,1775673415.132829
025fce5c-ab70-4acb-9fe2-39de4e4b9b23,0,2,10,104,2026-04-08T18:37:00.257749+00:00,202,9a74153f-50f7-4163-b086-9ff5e3fb2e1b,cancel,,,,,,,,,1775673420.266385
025fce5c-ab70-4acb-9fe2-39de4e4b9b23,0,2,11,105,2026-04-08T18:37:44.693132+00:00,203,a5a38972-6741-42c6-9a6a-426b905b74d5,add,,,,55.0,1.0,1,,,1775673464.729184
025fce5c-ab70-4acb-9fe2-39de4e4b9b23,0,2,11,106,2026-04-08T18:37:47.375976+00:00,204,bdb45e7d-2225-40a0-9719-e1039669d6ab,add,42.0,1.0,1,55.0,1.0,1,13.0,48.5,1775673467.426891
025fce5c-ab70-4acb-9fe2-39de4e4b9b23,0,2,11,107,2026-04-08T18:37:50.099544+00:00,205,,trade,42.0,1.0,1,,,,,,1775673470.194151
025fce5c-ab70-4acb-9fe2-39de4e4b9b23,0,2,11,108,2026-04-08T18:37:52.935277+00:00,208,,trade,,,,,,,,,1775673473.026706
025fce5c-ab70-4acb-9fe2-39de4e4b9b23,0,2,11,109,2026-04-08T18:37:55.341686+00:00,211,bb4bb225-a3d1-4400-9aee-2f6dea1b2850,add,55.0,1.0,1,,,,,,1775673475.389305
025fce5c-ab70-4acb-9fe2-39de4e4b9b23,0,2,11,110,2026-04-08T18:37:58.514602+00:00,212,,trade,,,,,,,,,1775673478.614009
025fce5c-ab70-4acb-9fe2-39de4e4b9b23,0,2,11,111,2026-04-08T18:38:05.143812+00:00,215,e7b51e3a-ca8c-4fb5-b441-4f6b27b3d37b,add,,,,40.0,1.0,1,,,1775673485.191112
025fce5c-ab70-4acb-9fe2-39de4e4b9b23,0,2,11,112,2026-04-08T18:38:08.319109+00:00,216,,trade,,,,,,,,,1775673488.416221
025fce5c-ab70-4acb-9fe2-39de4e4b9b23,0,2,12,113,2026-04-08T18:39:37.611936+00:00,219,21742958-f844-4ede-bc55-b9be4ff2d801,add,32.0,1.0,1,,,,,,1775673577.649128
025fce5c-ab70-4acb-9fe2-39de4e4b9b23,0,2,12,114,2026-04-08T18:39:46.754456+00:00,220,fd71f8e0-1ecd-40f9-bc8f-671035605180,add,32.0,1.0,1,34.0,1.0,1,2.0,33.0,1775673586.796791
025fce5c-ab70-4acb-9fe2-39de4e4b9b23,0,2,12,115,2026-04-08T18:39:49.734950+00:00,221,,trade,32.0,1.0,1,,,,,,1775673589.825613
025fce5c-ab70-4acb-9fe2-39de4e4b9b23,0,2,12,116,2026-04-08T18:39:53.842204+00:00,224,,trade,,,,,,,,,1775673593.934111
025fce5c-ab70-4acb-9fe2-39de4e4b9b23,0,2,13,117,2026-04-08T18:41:16.737162+00:00,227,b63db7b9-392b-478f-a86e-749c9001be69,add,22.0,1.0,1,,,,,,1775673676.797967
025fce5c-ab70-4acb-9fe2-39de4e4b9b23,0,2,13,118,2026-04-08T18:41:18.433575+00:00,228,9f237045-5f53-42dd-8e72-e07545d7432c,add,23.0,1.0,1,,,,,,1775673678.524951
025fce5c-ab70-4acb-9fe2-39de4e4b9b23,0,2,13,119,2026-04-08T18:41:22.748205+00:00,229,1471659b-7a9c-4cb4-b37c-14740f557eae,add,23.0,1.0,1,24.02,1.0,1,1.0199999999999996,23.509999999999998,1775673682.784684
025fce5c-ab70-4acb-9fe2-39de4e4b9b23,0,2,13,120,2026-04-08T18:41:25.884225+00:00,230,78d35e30-159e-48ed-bcf2-4c03d5452a43,add,23.0,1.0,1,24.02,1.0,1,1.0199999999999996,23.509999999999998,1775673685.920035
025fce5c-ab70-4acb-9fe2-39de4e4b9b23,0,2,13,121,2026-04-08T18:41:30.643778+00:00,231,,trade,22.0,1.0,1,24.02,1.0,1,2.0199999999999996,23.009999999999998,1775673690.73361
025fce5c-ab70-4acb-9fe2-39de4e4b9b23,0,2,13,122,2026-04-08T18:41:33.156556+00:00,234,,trade,,,,24.02,1.0,1,,,1775673693.26853
025fce5c-ab70-4acb-9fe2-39de4e4b9b23,0,2,13,123,2026-04-08T18:41:36.910024+00:00,237,,trade,,,,24.03,1.0,1,,,1775673697.005032
025fce5c-ab70-4acb-9fe2-39de4e4b9b23,0,2,13,124,2026-04-08T18:41:40.681057+00:00,240,78d35e30-159e-48ed-bcf2-4c03d5452a43,cancel,,,,,,,,,1775673700.699109
025fce5c-ab70-4acb-9fe2-39de4e4b9b23,0,2,13,125,2026-04-08T18:41:42.626714+00:00,241,6c3bcecb-a32f-4b5c-85f5-ad8687382af3,add,24.03,1.0,1,,,,,,1775673702.666578
025fce5c-ab70-4acb-9fe2-39de4e4b9b23,0,2,13,126,2026-04-08T18:41:46.312586+00:00,242,,trade,,,,,,,,,1775673706.404133
025fce5c-ab70-4acb-9fe2-39de4e4b9b23,0,2,14,127,2026-04-08T18:42:57.623784+00:00,245,da896b83-719d-4d29-b2d0-a9f178991f30,add,16.0,1.0,1,,,,,,1775673777.660539
025fce5c-ab70-4acb-9fe2-39de4e4b9b23,0,2,14,128,2026-04-08T18:43:00.668755+00:00,246,,trade,,,,,,,,,1775673780.770686
025fce5c-ab70-4acb-9fe2-39de4e4b9b23,0,2,14,129,2026-04-08T18:43:04.461992+00:00,249,5ab31fff-1a5a-4074-bc2d-f86cdcf6de1f,add,,,,15.0,1.0,1,,,1775673784.497809
025fce5c-ab70-4acb-9fe2-39de4e4b9b23,0,2,14,130,2026-04-08T18:43:08.236789+00:00,250,,trade,,,,,,,,,1775673788.357658
025fce5c-ab70-4acb-9fe2-39de4e4b9b23,0,2,14,131,2026-04-08T18:43:08.392767+00:00,253,45bcb851-e5e0-402d-9ca4-35d0c1003e04,add,15.0,1.0,1,,,,,,1775673788.427505
025fce5c-ab70-4acb-9fe2-39de4e4b9b23,0,2,14,132,2026-04-08T18:43:10.843220+00:00,254,f2406335-30cb-48c8-aac5-39db94331240,add,22.0,1.0,1,,,,,,1775673791.001965
025fce5c-ab70-4acb-9fe2-39de4e4b9b23,0,2,14,133,2026-04-08T18:43:13.375740+00:00,255,,trade,15.0,1.0,1,,,,,,1775673793.465027
025fce5c-ab70-4acb-9fe2-39de4e4b9b23,0,2,14,134,2026-04-08T18:43:16.335135+00:00,258,,trade,,,,,,,,,1775673796.447596
025fce5c-ab70-4acb-9fe2-39de4e4b9b23,0,2,14,135,2026-04-08T18:43:19.071849+00:00,261,615a4a28-0398-4746-abe7-50e3a4d0394d,add,,,,15.0,1.0,1,,,1775673799.110793
025fce5c-ab70-4acb-9fe2-39de4e4b9b23,0,2,14,136,2026-04-08T18:43:21.459069+00:00,262,,trade,,,,,,,,,1775673801.548188
025fce5c-ab70-4acb-9fe2-39de4e4b9b23,0,2,15,137,2026-04-08T18:44:44.353118+00:00,265,cb8c9a6a-d53a-411e-b0bf-f75f26270d8f,add,12.0,1.0,1,,,,,,1775673884.388103
025fce5c-ab70-4acb-9fe2-39de4e4b9b23,0,2,15,138,2026-04-08T18:44:53.283098+00:00,266,075e59ba-cfa1-4c50-8f63-1019090172d5,add,12.0,1.0,1,15.0,1.0,1,3.0,13.5,1775673893.32239
025fce5c-ab70-4acb-9fe2-39de4e4b9b23,0,2,15,139,2026-04-08T18:44:56.451882+00:00,267,,trade,12.0,1.0,1,,,,,,1775673896.539249
025fce5c-ab70-4acb-9fe2-39de4e4b9b23,0,2,15,140,2026-04-08T18:44:59.079932+00:00,270,cb8c9a6a-d53a-411e-b0bf-f75f26270d8f,cancel,,,,,,,,,1775673899.089037
025fce5c-ab70-4acb-9fe2-39de4e4b9b23,0,2,15,141,2026-04-08T18:45:00.682359+00:00,271,ba0c6159-07cc-4c0b-93e5-d0a921e194f3,add,12.0,1.0,1,,,,,,1775673900.721009
025fce5c-ab70-4acb-9fe2-39de4e4b9b23,0,2,15,142,2026-04-08T18:45:04.017415+00:00,272,,trade,,,,,,,,,1775673904.109674
025fce5c-ab70-4acb-9fe2-39de4e4b9b23,0,2,15,143,2026-04-08T18:45:08.245518+00:00,275,0f579bd8-8a2d-43e1-9e2e-0c722fd0f744,add,,,,7.0,1.0,1,,,1775673908.309079
025fce5c-ab70-4acb-9fe2-39de4e4b9b23,0,2,15,144,2026-04-08T18:45:11.512997+00:00,276,,trade,,,,,,,,,1775673911.603336
