market_uuid,trading_day,n_traders,avg_age,share_female,share_finance_course,share_trading_experience,share_high_education,avg_fin_quiz,sd_fin_quiz,avg_self_assessment,avg_overconfidence,sd_overconfidence,avg_cq_attempts,avg_wealth,sd_wealth,gini,avg_forecast,sd_forecast,share_feedback,share_speculator,share_fundamental,share_other,repetition,treatment,gamified,hedonic,price_notifications,n_trades_market,avg_trade_price,avg_mispricing,avg_abs_mispricing,closing_price,opening_price,max_price,min_price,fundamental_value,price_L1,price_L2,price_next,return,abs_mispricing_ratio,surge,crash,normalized_mispricing,bubble_period,bubble_start,cum_surge,cum_crash,cum_bubble_period
98308155-5ef4-4781-92b2-15de5ba68a70,1,6,23.333333333333332,0.5,0.5,0.8333333333333334,0.8333333333333334,0.7222222222222222,0.11385500851066217,6.166666666666667,-0.10555555555555557,0.25984325759680305,4.166666666666667,5100.0,96.68298712803606,0.009411764705882352,,,0.0,0.5,0.5,0.0,1,gp,0,0,1,6.0,64.66666666666667,-55.333333333333336,55.333333333333336,80.0,100.0,100.0,30.0,120,,,70.0,,0.46111111111111114,0,0,-0.4611111111111111,0,0,0,0,0
a05edde7-d925-45e5-bd12-37b4af942736,1,6,21.5,0.16666666666666666,0.5,0.6666666666666666,0.6666666666666666,0.7777777777777778,0.2721655269759087,5.5,-0.22777777777777777,0.29845280041251765,2.1666666666666665,5000.0,50.99019513592791,0.0047777777777777775,,,0.0,0.08333333333333333,0.5833333333333334,0.3333333333333333,1,gh,0,1,0,6.0,118.33333333333333,-1.6666666666666667,15.0,150.0,110.0,150.0,80.0,120,,,100.0,,0.125,0,0,-0.013888888888888928,0,0,0,0,0
98308155-5ef4-4781-92b2-15de5ba68a70,2,6,23.333333333333332,0.5,0.5,0.8333333333333334,0.8333333333333334,0.7222222222222222,0.11385500851066217,6.166666666666667,-0.10555555555555557,0.25984325759680305,4.166666666666667,5156.0,116.80444666193124,0.010456857167485557,,,0.0,0.5,0.5,0.0,1,gp,0,0,1,8.0,76.07875,-35.92125,35.92125,70.0,80.0,95.0,50.0,112,80.0,,85.0,-0.125,0.3207254464285714,0,0,-0.3207254464285714,0,0,0,0,0
a05edde7-d925-45e5-bd12-37b4af942736,2,6,21.5,0.16666666666666666,0.5,0.6666666666666666,0.6666666666666666,0.7777777777777778,0.2721655269759087,5.5,-0.22777777777777777,0.29845280041251765,2.1666666666666665,5037.333333333333,147.38747119978225,0.012661019940003529,,,0.0,0.08333333333333333,0.5833333333333334,0.3333333333333333,1,gh,0,1,0,6.0,116.5,4.5,9.166666666666666,100.0,110.0,130.0,100.0,112,150.0,,130.0,-0.33333333333333337,0.0818452380952381,0,0,0.04017857142857143,0,0,0,0,0
98308155-5ef4-4781-92b2-15de5ba68a70,3,6,23.333333333333332,0.5,0.5,0.8333333333333334,0.8333333333333334,0.7222222222222222,0.11385500851066217,6.166666666666667,-0.10555555555555557,0.25984325759680305,4.166666666666667,5069.333333333333,266.31071782161996,0.023374320533052776,40.0,46.66369038128039,0.0,0.5,0.5,0.0,1,gp,0,0,1,10.0,68.2,-35.8,35.8,85.0,70.0,87.0,50.0,104,70.0,80.0,88.0,0.2142857142857142,0.34423076923076923,0,0,-0.34423076923076923,0,0,0,0,0
a05edde7-d925-45e5-bd12-37b4af942736,3,6,21.5,0.16666666666666666,0.5,0.6666666666666666,0.6666666666666666,0.7777777777777778,0.2721655269759087,5.5,-0.22777777777777777,0.29845280041251765,2.1666666666666665,5020.0,152.30495724039977,0.01435369632580788,0.0,53.07227776030219,0.0,0.08333333333333333,0.5833333333333334,0.3333333333333333,1,gh,0,1,0,7.0,125.28571428571429,21.285714285714285,21.285714285714285,130.0,135.0,140.0,110.0,104,100.0,150.0,110.0,0.30000000000000004,0.20467032967032966,0,0,0.20467032967032972,0,0,0,0,0
98308155-5ef4-4781-92b2-15de5ba68a70,4,6,23.333333333333332,0.5,0.5,0.8333333333333334,0.8333333333333334,0.7222222222222222,0.11385500851066217,6.166666666666667,-0.10555555555555557,0.25984325759680305,4.166666666666667,5223.333333333333,344.6669606252775,0.025040310572218692,,,0.0,0.5,0.5,0.0,1,gp,0,0,1,22.0,68.45227272727273,-27.547727272727272,27.547727272727272,88.0,78.13,88.0,20.0,96,85.0,70.0,50.0,0.03529411764705892,0.2869554924242424,0,0,-0.2869554924242424,0,0,0,0,0
a05edde7-d925-45e5-bd12-37b4af942736,4,6,21.5,0.16666666666666666,0.5,0.6666666666666666,0.6666666666666666,0.7777777777777778,0.2721655269759087,5.5,-0.22777777777777777,0.29845280041251765,2.1666666666666665,5234.0,227.9255909282677,0.020703307434297116,,,0.0,0.08333333333333333,0.5833333333333334,0.3333333333333333,1,gh,0,1,0,9.0,130.36111111111111,34.361111111111114,34.361111111111114,110.0,140.0,145.0,110.0,96,130.0,100.0,115.0,-0.15384615384615385,0.35792824074074076,0,0,0.35792824074074076,0,0,0,0,0
98308155-5ef4-4781-92b2-15de5ba68a70,5,6,23.333333333333332,0.5,0.5,0.8333333333333334,0.8333333333333334,0.7222222222222222,0.11385500851066217,6.166666666666667,-0.10555555555555557,0.25984325759680305,4.166666666666667,5508.0,594.0266272483074,0.042322783022674046,,,0.0,0.5,0.5,0.0,1,gp,0,0,1,14.0,62.96714285714285,-25.032857142857143,25.747142857142855,50.0,46.88,90.0,34.0,88,88.0,85.0,78.0,-0.43181818181818177,0.2925811688311688,0,0,-0.2844642857142858,0,0,0,0,0
a05edde7-d925-45e5-bd12-37b4af942736,5,6,21.5,0.16666666666666666,0.5,0.6666666666666666,0.6666666666666666,0.7777777777777778,0.2721655269759087,5.5,-0.22777777777777777,0.29845280041251765,2.1666666666666665,5390.666666666667,297.30752877562094,0.028217495259295903,,,0.0,0.08333333333333333,0.5833333333333334,0.3333333333333333,1,gh,0,1,0,7.0,124.32142857142857,36.32142857142857,36.32142857142857,115.0,125.0,135.25,105.0,88,110.0,130.0,110.0,0.045454545454545414,0.4127435064935065,0,0,0.4127435064935065,0,0,0,0,0
98308155-5ef4-4781-92b2-15de5ba68a70,6,6,23.333333333333332,0.5,0.5,0.8333333333333334,0.8333333333333334,0.7222222222222222,0.11385500851066217,6.166666666666667,-0.10555555555555557,0.25984325759680305,4.166666666666667,5416.0,580.8900566200113,0.043221216970293734,75.0,1532.6439573495209,0.0,0.5,0.5,0.0,1,gp,0,0,1,10.0,69.75,-10.25,10.25,78.0,65.0,78.0,50.0,80,50.0,88.0,10.0,0.56,0.128125,0,0,-0.128125,0,0,0,0,0
a05edde7-d925-45e5-bd12-37b4af942736,6,6,21.5,0.16666666666666666,0.5,0.6666666666666666,0.6666666666666666,0.7777777777777778,0.2721655269759087,5.5,-0.22777777777777777,0.29845280041251765,2.1666666666666665,5356.666666666667,354.9320592263633,0.03275254096660444,124.0,1555.1707837619208,0.0,0.08333333333333333,0.5833333333333334,0.3333333333333333,1,gh,0,1,0,7.0,124.71428571428571,44.714285714285715,44.714285714285715,110.0,135.0,138.0,110.0,80,115.0,110.0,130.0,-0.04347826086956519,0.5589285714285714,0,0,0.5589285714285713,0,0,0,0,0
98308155-5ef4-4781-92b2-15de5ba68a70,7,6,23.333333333333332,0.5,0.5,0.8333333333333334,0.8333333333333334,0.7222222222222222,0.11385500851066217,6.166666666666667,-0.10555555555555557,0.25984325759680305,4.166666666666667,5584.0,730.8155388878915,0.05361220550780003,,,0.0,0.5,0.5,0.0,1,gp,0,0,1,19.0,63.35526315789474,-8.644736842105264,12.276315789473685,10.0,68.0,79.0,10.0,72,78.0,50.0,60.5,-0.8717948717948718,0.1705043859649123,0,0,-0.12006578947368417,0,0,0,0,0
a05edde7-d925-45e5-bd12-37b4af942736,7,6,21.5,0.16666666666666666,0.5,0.6666666666666666,0.6666666666666666,0.7777777777777778,0.2721655269759087,5.5,-0.22777777777777777,0.29845280041251765,2.1666666666666665,5518.666666666667,413.2679114892259,0.036457074977852943,,,0.0,0.08333333333333333,0.5833333333333334,0.3333333333333333,1,gh,0,1,0,6.0,124.66666666666667,52.666666666666664,52.666666666666664,130.0,125.0,130.0,115.0,72,110.0,115.0,125.0,0.18181818181818188,0.7314814814814814,0,0,0.7314814814814815,0,0,0,0,0
98308155-5ef4-4781-92b2-15de5ba68a70,8,6,23.333333333333332,0.5,0.5,0.8333333333333334,0.8333333333333334,0.7222222222222222,0.11385500851066217,6.166666666666667,-0.10555555555555557,0.25984325759680305,4.166666666666667,5585.333333333333,660.702534085247,0.04703757857881753,,,0.0,0.5,0.5,0.0,1,gp,0,0,1,14.0,58.785714285714285,-5.214285714285714,5.785714285714286,60.5,44.0,68.0,44.0,64,10.0,78.0,49.0,5.05,0.09040178571428571,1,0,-0.0814732142857143,0,0,1,0,0
a05edde7-d925-45e5-bd12-37b4af942736,8,6,21.5,0.16666666666666666,0.5,0.6666666666666666,0.6666666666666666,0.7777777777777778,0.2721655269759087,5.5,-0.22777777777777777,0.29845280041251765,2.1666666666666665,5468.666666666667,429.59395557510663,0.037669145434597096,,,0.0,0.08333333333333333,0.5833333333333334,0.3333333333333333,1,gh,0,1,0,6.0,123.5,59.5,59.5,125.0,132.0,132.0,115.0,64,130.0,110.0,123.0,-0.038461538461538436,0.9296875,0,0,0.9296875,0,0,0,0,0
98308155-5ef4-4781-92b2-15de5ba68a70,9,6,23.333333333333332,0.5,0.5,0.8333333333333334,0.8333333333333334,0.7222222222222222,0.11385500851066217,6.166666666666667,-0.10555555555555557,0.25984325759680305,4.166666666666667,5748.0,772.2274229784896,0.052018286553777125,45.0,11.69045194450012,0.0,0.5,0.5,0.0,1,gp,0,0,1,23.0,55.52739130434783,-0.4726086956521738,7.0056521739130435,49.0,62.0,65.0,35.0,56,60.5,10.0,55.88,-0.1900826446280992,0.12510093167701863,0,0,-0.008439440993788747,0,0,1,0,0
a05edde7-d925-45e5-bd12-37b4af942736,9,6,21.5,0.16666666666666666,0.5,0.6666666666666666,0.6666666666666666,0.7777777777777778,0.2721655269759087,5.5,-0.22777777777777777,0.29845280041251765,2.1666666666666665,5662.0,556.088032599156,0.04984006436673339,105.0,1511.5849187745512,0.0,0.08333333333333333,0.5833333333333334,0.3333333333333333,1,gh,0,1,0,9.0,121.11111111111111,65.11111111111111,65.11111111111111,123.0,120.0,125.0,112.0,56,125.0,130.0,120.0,-0.016000000000000014,1.1626984126984128,0,0,1.1626984126984128,0,0,0,0,0
98308155-5ef4-4781-92b2-15de5ba68a70,10,6,23.333333333333332,0.5,0.5,0.8333333333333334,0.8333333333333334,0.7222222222222222,0.11385500851066217,6.166666666666667,-0.10555555555555557,0.25984325759680305,4.166666666666667,5604.0,762.0697078876707,0.05434203743357919,,,0.0,0.5,0.5,0.0,1,gp,0,0,1,14.0,55.92928571428571,7.929285714285714,7.929285714285714,55.88,50.0,60.0,50.0,48,49.0,60.5,43.25,0.14040816326530625,0.16519345238095237,0,0,0.16519345238095232,0,0,1,0,0
a05edde7-d925-45e5-bd12-37b4af942736,10,6,21.5,0.16666666666666666,0.5,0.6666666666666666,0.6666666666666666,0.7777777777777778,0.2721655269759087,5.5,-0.22777777777777777,0.29845280041251765,2.1666666666666665,5538.0,616.9112577996935,0.05699008868022953,,,0.0,0.08333333333333333,0.5833333333333334,0.3333333333333333,1,gh,0,1,0,9.0,116.66666666666667,68.66666666666667,68.66666666666667,120.0,110.0,129.0,110.0,48,123.0,125.0,120.0,-0.024390243902439046,1.4305555555555556,0,0,1.4305555555555556,0,0,0,0,0
98308155-5ef4-4781-92b2-15de5ba68a70,11,6,23.333333333333332,0.5,0.5,0.8333333333333334,0.8333333333333334,0.7222222222222222,0.11385500851066217,6.166666666666667,-0.10555555555555557,0.25984325759680305,4.166666666666667,5624.0,783.4409254564124,0.05750454401770191,,,0.0,0.5,0.5,0.0,1,gp,0,0,1,10.0,48.3,8.3,8.7,43.25,40.0,58.0,38.0,40,55.88,49.0,35.13,-0.22602004294917688,0.21749999999999997,0,0,0.20749999999999993,0,0,1,0,0
a05edde7-d925-45e5-bd12-37b4af942736,11,6,21.5,0.16666666666666666,0.5,0.6666666666666666,0.6666666666666666,0.7777777777777778,0.2721655269759087,5.5,-0.22777777777777777,0.29845280041251765,2.1666666666666665,5538.0,655.7167833752618,0.06121343445287107,,,0.0,0.08333333333333333,0.5833333333333334,0.3333333333333333,1,gh,0,1,0,7.0,114.71428571428571,74.71428571428571,74.71428571428571,120.0,123.0,123.0,105.0,40,120.0,123.0,120.0,0.0,1.8678571428571427,0,0,1.8678571428571427,0,0,0,0,0
98308155-5ef4-4781-92b2-15de5ba68a70,12,6,23.333333333333332,0.5,0.5,0.8333333333333334,0.8333333333333334,0.7222222222222222,0.11385500851066217,6.166666666666667,-0.10555555555555557,0.25984325759680305,4.166666666666667,5624.0,795.5083247081703,0.05835299114904378,33.0,7.13909424693824,0.0,0.5,0.5,0.0,1,gp,0,0,1,9.0,39.208888888888886,7.208888888888889,7.208888888888889,35.13,41.0,45.0,35.0,32,43.25,55.88,36.5,-0.1877456647398843,0.22527777777777777,0,0,0.2252777777777777,0,0,1,0,0
a05edde7-d925-45e5-bd12-37b4af942736,12,6,21.5,0.16666666666666666,0.5,0.6666666666666666,0.6666666666666666,0.7777777777777778,0.2721655269759087,5.5,-0.22777777777777777,0.29845280041251765,2.1666666666666665,5522.0,814.5647303928645,0.07624049257515393,114.0,1585.2315603721747,0.0,0.08333333333333333,0.5833333333333334,0.3333333333333333,1,gh,0,1,0,10.0,114.7,82.7,82.7,120.0,118.0,120.0,108.0,32,120.0,120.0,102.0,0.0,2.584375,0,0,2.584375,0,0,0,0,0
98308155-5ef4-4781-92b2-15de5ba68a70,13,6,23.333333333333332,0.5,0.5,0.8333333333333334,0.8333333333333334,0.7222222222222222,0.11385500851066217,6.166666666666667,-0.10555555555555557,0.25984325759680305,4.166666666666667,5596.0,816.1455339582518,0.05876538797553806,,,0.0,0.5,0.5,0.0,1,gp,0,0,1,21.0,30.520952380952384,6.520952380952381,7.520952380952381,36.5,33.5,36.5,15.0,24,35.13,43.25,29.0,0.038998007401081614,0.31337301587301586,0,0,0.27170634920634934,0,0,1,0,0
a05edde7-d925-45e5-bd12-37b4af942736,13,6,21.5,0.16666666666666666,0.5,0.6666666666666666,0.6666666666666666,0.7777777777777778,0.2721655269759087,5.5,-0.22777777777777777,0.29845280041251765,2.1666666666666665,5538.0,918.1687753349054,0.08480799325869748,,,0.0,0.08333333333333333,0.5833333333333334,0.3333333333333333,1,gh,0,1,0,6.0,107.33333333333333,83.33333333333333,83.33333333333333,102.0,110.0,110.0,102.0,24,120.0,120.0,86.95,-0.15000000000000002,3.472222222222222,0,0,3.472222222222222,0,0,0,0,0
98308155-5ef4-4781-92b2-15de5ba68a70,14,6,23.333333333333332,0.5,0.5,0.8333333333333334,0.8333333333333334,0.7222222222222222,0.11385500851066217,6.166666666666667,-0.10555555555555557,0.25984325759680305,4.166666666666667,5617.333333333333,826.4856518456121,0.06069962022311891,,,0.0,0.5,0.5,0.0,1,gp,0,0,1,14.0,27.992142857142856,11.992142857142856,12.135,29.0,29.0,30.44,15.0,16,36.5,35.13,21.25,-0.20547945205479456,0.7584375,0,0,0.7495089285714285,0,0,1,0,0
a05edde7-d925-45e5-bd12-37b4af942736,14,6,21.5,0.16666666666666666,0.5,0.6666666666666666,0.6666666666666666,0.7777777777777778,0.2721655269759087,5.5,-0.22777777777777777,0.29845280041251765,2.1666666666666665,5532.666666666667,983.4243792314013,0.09054253524521026,,,0.0,0.08333333333333333,0.5833333333333334,0.3333333333333333,1,gh,0,1,0,7.0,97.59285714285714,81.59285714285714,81.59285714285714,86.95,105.5,105.5,86.95,16,102.0,120.0,18.5,-0.14754901960784306,5.099553571428571,0,0,5.099553571428571,1,1,0,0,1
98308155-5ef4-4781-92b2-15de5ba68a70,15,6,23.333333333333332,0.5,0.5,0.8333333333333334,0.8333333333333334,0.7222222222222222,0.11385500851066217,6.166666666666667,-0.10555555555555557,0.25984325759680305,4.166666666666667,5610.666666666667,942.2507298520208,0.06679103295310516,,,0.0,0.5,0.5,0.0,1,gp,0,0,1,15.0,27.044,19.044,19.044,21.25,30.55,30.66,15.0,8,29.0,36.5,,-0.26724137931034486,2.3805,0,0,2.3805,0,0,1,0,0
a05edde7-d925-45e5-bd12-37b4af942736,15,6,21.5,0.16666666666666666,0.5,0.6666666666666666,0.6666666666666666,0.7777777777777778,0.2721655269759087,5.5,-0.22777777777777777,0.29845280041251765,2.1666666666666665,5535.333333333333,1060.9120555760817,0.09694588301417156,,,0.0,0.08333333333333333,0.5833333333333334,0.3333333333333333,1,gh,0,1,0,9.0,53.77777777777778,45.77777777777778,45.77777777777778,18.5,80.0,89.5,18.5,8,86.95,102.0,,-0.7872340425531915,5.722222222222222,0,0,5.722222222222222,1,0,0,0,2
aeea46bb-84ad-409e-b595-5f1ae9d39ed9,1,6,23.333333333333332,0.5,0.5,0.8333333333333334,0.8333333333333334,0.7222222222222222,0.11385500851066217,6.166666666666667,-0.10555555555555557,0.25984325759680305,4.166666666666667,5120.0,186.77339210926155,0.017985026041666668,,,0.3055555555555555,0.47222222222222227,0.2222222222222222,0.0,2,gp,0,0,1,10.0,106.05,-13.95,15.35,100.0,100.0,127.0,90.0,120,,,92.75,,0.12791666666666665,0,0,-0.11625000000000002,0,0,0,0,0
b86ad8e8-b0f6-4578-8e02-b4a87378a89d,1,6,21.5,0.16666666666666666,0.5,0.6666666666666666,0.6666666666666666,0.7777777777777778,0.2721655269759087,5.5,-0.22777777777777777,0.29845280041251765,2.1666666666666665,5060.0,87.4070935336487,0.008509003074220466,,,0.16666666666666666,0.3333333333333333,0.5,0.0,2,gh,0,1,0,4.0,135.0,15.0,15.0,120.0,150.0,150.0,120.0,120,,,110.0,,0.125,0,0,0.125,0,0,0,0,0
aeea46bb-84ad-409e-b595-5f1ae9d39ed9,2,6,23.333333333333332,0.5,0.5,0.8333333333333334,0.8333333333333334,0.7222222222222222,0.11385500851066217,6.166666666666667,-0.10555555555555557,0.25984325759680305,4.166666666666667,5074.666666666667,161.8339941627428,0.01555384042739534,,,0.3055555555555555,0.47222222222222227,0.2222222222222222,0.0,2,gp,0,0,1,13.0,93.92307692307692,-18.076923076923077,18.076923076923077,92.75,100.0,105.0,90.0,112,100.0,,81.38,-0.07250000000000001,0.1614010989010989,0,0,-0.16140109890109894,0,0,0,0,0
b86ad8e8-b0f6-4578-8e02-b4a87378a89d,2,6,21.5,0.16666666666666666,0.5,0.6666666666666666,0.6666666666666666,0.7777777777777778,0.2721655269759087,5.5,-0.22777777777777777,0.29845280041251765,2.1666666666666665,4979.333333333333,93.93543882192009,0.009472486276609987,,,0.16666666666666666,0.3333333333333333,0.5,0.0,2,gh,0,1,0,8.0,118.5,6.5,7.0,110.0,115.0,125.0,110.0,112,120.0,,127.0,-0.08333333333333337,0.0625,0,0,0.05803571428571429,0,0,0,0,0
aeea46bb-84ad-409e-b595-5f1ae9d39ed9,3,6,23.333333333333332,0.5,0.5,0.8333333333333334,0.8333333333333334,0.7222222222222222,0.11385500851066217,6.166666666666667,-0.10555555555555557,0.25984325759680305,4.166666666666667,5286.0,234.73789059289075,0.022343191659309706,87.0,7.0898989179442236,0.3055555555555555,0.47222222222222227,0.2222222222222222,0.0,2,gp,0,0,1,19.0,87.36684210526316,-16.633157894736843,16.633157894736843,81.38,90.75,93.0,81.38,104,92.75,100.0,80.88,-0.12258760107816713,0.1599342105263158,0,0,-0.15993421052631576,0,0,0,0,0
b86ad8e8-b0f6-4578-8e02-b4a87378a89d,3,6,21.5,0.16666666666666666,0.5,0.6666666666666666,0.6666666666666666,0.7777777777777778,0.2721655269759087,5.5,-0.22777777777777777,0.29845280041251765,2.1666666666666665,5232.666666666667,98.52850687322258,0.009640293880324457,110.5,1474.942394355341,0.16666666666666666,0.3333333333333333,0.5,0.0,2,gh,0,1,0,6.0,120.33333333333333,16.333333333333332,16.333333333333332,127.0,130.0,130.0,110.0,104,110.0,120.0,120.0,0.15454545454545454,0.15705128205128205,0,0,0.157051282051282,0,0,0,0,0
aeea46bb-84ad-409e-b595-5f1ae9d39ed9,4,6,23.333333333333332,0.5,0.5,0.8333333333333334,0.8333333333333334,0.7222222222222222,0.11385500851066217,6.166666666666667,-0.10555555555555557,0.25984325759680305,4.166666666666667,5107.333333333333,182.84758261094527,0.018025279554453252,,,0.3055555555555555,0.47222222222222227,0.2222222222222222,0.0,2,gp,0,0,1,21.0,81.3395238095238,-14.66047619047619,14.66047619047619,80.88,81.38,84.38,80.0,96,81.38,92.75,73.75,-0.0061440157286802854,0.15271329365079364,0,0,-0.15271329365079378,0,0,0,0,0
b86ad8e8-b0f6-4578-8e02-b4a87378a89d,4,6,21.5,0.16666666666666666,0.5,0.6666666666666666,0.6666666666666666,0.7777777777777778,0.2721655269759087,5.5,-0.22777777777777777,0.29845280041251765,2.1666666666666665,5040.666666666667,181.6586542575571,0.01734779350174139,,,0.16666666666666666,0.3333333333333333,0.5,0.0,2,gh,0,1,0,15.0,118.73333333333333,22.733333333333334,22.733333333333334,120.0,115.0,130.0,105.0,96,127.0,110.0,100.0,-0.055118110236220486,0.23680555555555557,0,0,0.23680555555555557,0,0,0,0,0
aeea46bb-84ad-409e-b595-5f1ae9d39ed9,5,6,23.333333333333332,0.5,0.5,0.8333333333333334,0.8333333333333334,0.7222222222222222,0.11385500851066217,6.166666666666667,-0.10555555555555557,0.25984325759680305,4.166666666666667,5024.666666666667,235.8392832135196,0.021517071336959872,,,0.3055555555555555,0.47222222222222227,0.2222222222222222,0.0,2,gp,0,0,1,12.0,74.21416666666666,-13.785833333333334,13.785833333333334,73.75,78.0,78.0,50.0,88,80.88,81.38,65.0,-0.08815529179030657,0.156657196969697,0,0,-0.15665719696969707,0,0,0,0,0
b86ad8e8-b0f6-4578-8e02-b4a87378a89d,5,6,21.5,0.16666666666666666,0.5,0.6666666666666666,0.6666666666666666,0.7777777777777778,0.2721655269759087,5.5,-0.22777777777777777,0.29845280041251765,2.1666666666666665,4947.333333333333,216.57577580760665,0.018247765350581684,,,0.16666666666666666,0.3333333333333333,0.5,0.0,2,gh,0,1,0,9.0,114.22222222222223,26.22222222222222,26.22222222222222,100.0,125.0,125.0,100.0,88,120.0,127.0,90.0,-0.16666666666666663,0.29797979797979796,0,0,0.29797979797979807,0,0,0,0,0
aeea46bb-84ad-409e-b595-5f1ae9d39ed9,6,6,23.333333333333332,0.5,0.5,0.8333333333333334,0.8333333333333334,0.7222222222222222,0.11385500851066217,6.166666666666667,-0.10555555555555557,0.25984325759680305,4.166666666666667,4931.333333333333,177.8707227923317,0.017756973547834662,50.0,25.912673861774024,0.3055555555555555,0.47222222222222227,0.2222222222222222,0.0,2,gp,0,0,1,16.0,61.29625,-18.70375,18.70375,65.0,55.25,75.0,50.16,80,73.75,80.88,44.0,-0.11864406779661019,0.233796875,0,0,-0.233796875,0,0,0,0,0
b86ad8e8-b0f6-4578-8e02-b4a87378a89d,6,6,21.5,0.16666666666666666,0.5,0.6666666666666666,0.6666666666666666,0.7777777777777778,0.2721655269759087,5.5,-0.22777777777777777,0.29845280041251765,2.1666666666666665,4920.666666666667,266.46775915045845,0.024533712685724608,97.5,1102.1532410090108,0.16666666666666666,0.3333333333333333,0.5,0.0,2,gh,0,1,0,6.0,98.33333333333333,18.333333333333332,18.333333333333332,90.0,100.0,110.0,90.0,80,100.0,120.0,90.0,-0.09999999999999998,0.22916666666666666,0,0,0.2291666666666666,0,0,0,0,0
aeea46bb-84ad-409e-b595-5f1ae9d39ed9,7,6,23.333333333333332,0.5,0.5,0.8333333333333334,0.8333333333333334,0.7222222222222222,0.11385500851066217,6.166666666666667,-0.10555555555555557,0.25984325759680305,4.166666666666667,4894.666666666667,204.74790789325905,0.020018160355942928,,,0.3055555555555555,0.47222222222222227,0.2222222222222222,0.0,2,gp,0,0,1,25.0,55.79560000000001,-16.2044,16.6844,44.0,75.0,75.0,35.0,72,65.0,73.75,45.0,-0.32307692307692304,0.23172777777777778,0,0,-0.22506111111111102,0,0,0,0,0
b86ad8e8-b0f6-4578-8e02-b4a87378a89d,7,6,21.5,0.16666666666666666,0.5,0.6666666666666666,0.6666666666666666,0.7777777777777778,0.2721655269759087,5.5,-0.22777777777777777,0.29845280041251765,2.1666666666666665,4895.333333333333,324.11890822145295,0.028326297153751873,,,0.16666666666666666,0.3333333333333333,0.5,0.0,2,gh,0,1,0,4.0,92.5,20.5,20.5,90.0,110.0,110.0,80.0,72,90.0,100.0,79.0,0.0,0.2847222222222222,0,0,0.2847222222222222,0,0,0,0,0
aeea46bb-84ad-409e-b595-5f1ae9d39ed9,8,6,23.333333333333332,0.5,0.5,0.8333333333333334,0.8333333333333334,0.7222222222222222,0.11385500851066217,6.166666666666667,-0.10555555555555557,0.25984325759680305,4.166666666666667,4832.666666666667,230.72230881877567,0.024687083275854105,,,0.3055555555555555,0.47222222222222227,0.2222222222222222,0.0,2,gp,0,0,1,12.0,47.916666666666664,-16.083333333333332,16.083333333333332,45.0,50.0,55.0,40.0,64,44.0,65.0,38.0,0.022727272727272707,0.2513020833333333,0,0,-0.25130208333333337,0,0,0,0,0
b86ad8e8-b0f6-4578-8e02-b4a87378a89d,8,6,21.5,0.16666666666666666,0.5,0.6666666666666666,0.6666666666666666,0.7777777777777778,0.2721655269759087,5.5,-0.22777777777777777,0.29845280041251765,2.1666666666666665,4832.0,389.4451180846924,0.032169793966151584,,,0.16666666666666666,0.3333333333333333,0.5,0.0,2,gh,0,1,0,7.0,73.78571428571429,9.785714285714286,23.785714285714285,79.0,90.0,90.0,15.0,64,90.0,90.0,47.5,-0.12222222222222223,0.3716517857142857,0,0,0.1529017857142858,0,0,0,0,0
aeea46bb-84ad-409e-b595-5f1ae9d39ed9,9,6,23.333333333333332,0.5,0.5,0.8333333333333334,0.8333333333333334,0.7222222222222222,0.11385500851066217,6.166666666666667,-0.10555555555555557,0.25984325759680305,4.166666666666667,4892.0,248.67360358510058,0.024440129008812515,40.0,6.337717780610514,0.3055555555555555,0.47222222222222227,0.2222222222222222,0.0,2,gp,0,0,1,9.0,39.53888888888889,-16.461111111111112,16.461111111111112,38.0,40.0,47.5,35.0,56,45.0,44.0,33.0,-0.15555555555555556,0.2939484126984127,0,0,-0.29394841269841265,0,0,0,0,0
b86ad8e8-b0f6-4578-8e02-b4a87378a89d,9,6,21.5,0.16666666666666666,0.5,0.6666666666666666,0.6666666666666666,0.7777777777777778,0.2721655269759087,5.5,-0.22777777777777777,0.29845280041251765,2.1666666666666665,4778.0,436.30482463525425,0.03684130970652528,25.0,20.65591117977289,0.16666666666666666,0.3333333333333333,0.5,0.0,2,gh,0,1,0,4.0,64.125,8.125,12.375,47.5,70.0,73.0,47.5,56,79.0,90.0,35.0,-0.3987341772151899,0.22098214285714285,0,0,0.14508928571428573,0,0,0,0,0
aeea46bb-84ad-409e-b595-5f1ae9d39ed9,10,6,23.333333333333332,0.5,0.5,0.8333333333333334,0.8333333333333334,0.7222222222222222,0.11385500851066217,6.166666666666667,-0.10555555555555557,0.25984325759680305,4.166666666666667,5040.0,367.85246923189135,0.03637323633156962,,,0.3055555555555555,0.47222222222222227,0.2222222222222222,0.0,2,gp,0,0,1,15.0,35.3,-12.7,12.7,33.0,37.0,39.0,33.0,48,38.0,45.0,25.0,-0.13157894736842102,0.26458333333333334,0,0,-0.2645833333333334,0,0,0,0,0
b86ad8e8-b0f6-4578-8e02-b4a87378a89d,10,6,21.5,0.16666666666666666,0.5,0.6666666666666666,0.6666666666666666,0.7777777777777778,0.2721655269759087,5.5,-0.22777777777777777,0.29845280041251765,2.1666666666666665,4994.0,338.41793687687425,0.030859253326213677,,,0.16666666666666666,0.3333333333333333,0.5,0.0,2,gh,0,1,0,7.0,28.214285714285715,-19.785714285714285,19.785714285714285,35.0,45.0,45.0,20.0,48,47.5,79.0,17.5,-0.26315789473684215,0.41220238095238093,0,0,-0.41220238095238093,0,0,0,0,0
aeea46bb-84ad-409e-b595-5f1ae9d39ed9,11,6,23.333333333333332,0.5,0.5,0.8333333333333334,0.8333333333333334,0.7222222222222222,0.11385500851066217,6.166666666666667,-0.10555555555555557,0.25984325759680305,4.166666666666667,5053.333333333333,382.6851353092597,0.03734971416007031,,,0.3055555555555555,0.47222222222222227,0.2222222222222222,0.0,2,gp,0,0,1,15.0,30.116666666666667,-9.883333333333333,9.883333333333333,25.0,31.0,34.0,25.0,40,33.0,38.0,20.0,-0.24242424242424243,0.24708333333333332,0,0,-0.24708333333333332,0,0,0,0,0
b86ad8e8-b0f6-4578-8e02-b4a87378a89d,11,6,21.5,0.16666666666666666,0.5,0.6666666666666666,0.6666666666666666,0.7777777777777778,0.2721655269759087,5.5,-0.22777777777777777,0.29845280041251765,2.1666666666666665,4954.0,253.76099345644133,0.025162158525097563,,,0.16666666666666666,0.3333333333333333,0.5,0.0,2,gh,0,1,0,14.0,12.51,-27.490000000000002,27.490000000000002,17.5,15.0,17.5,9.0,40,35.0,47.5,60.0,-0.5,0.68725,0,0,-0.68725,0,0,0,0,0
aeea46bb-84ad-409e-b595-5f1ae9d39ed9,12,6,23.333333333333332,0.5,0.5,0.8333333333333334,0.8333333333333334,0.7222222222222222,0.11385500851066217,6.166666666666667,-0.10555555555555557,0.25984325759680305,4.166666666666667,5058.666666666667,360.50677600659105,0.035412273765594755,17.0,1.7224014243685082,0.3055555555555555,0.47222222222222227,0.2222222222222222,0.0,2,gp,0,0,1,10.0,21.019,-10.981,10.981,20.0,23.0,23.0,20.0,32,25.0,33.0,11.0,-0.19999999999999996,0.34315625,0,0,-0.34315625000000005,0,0,0,0,0
b86ad8e8-b0f6-4578-8e02-b4a87378a89d,12,6,21.5,0.16666666666666666,0.5,0.6666666666666666,0.6666666666666666,0.7777777777777778,0.2721655269759087,5.5,-0.22777777777777777,0.29845280041251765,2.1666666666666665,4948.666666666667,427.7383598260353,0.040248102743724465,10.0,937.2236481580406,0.16666666666666666,0.3333333333333333,0.5,0.0,2,gh,0,1,0,28.0,38.67857142857143,6.678571428571429,17.321428571428573,60.0,20.0,60.0,8.0,32,17.5,35.0,50.0,2.4285714285714284,0.5412946428571429,0,0,0.2087053571428572,0,0,0,0,0
aeea46bb-84ad-409e-b595-5f1ae9d39ed9,13,6,23.333333333333332,0.5,0.5,0.8333333333333334,0.8333333333333334,0.7222222222222222,0.11385500851066217,6.166666666666667,-0.10555555555555557,0.25984325759680305,4.166666666666667,4924.0,305.7483391287674,0.030239755393085967,,,0.3055555555555555,0.47222222222222227,0.2222222222222222,0.0,2,gp,0,0,1,16.0,13.20375,-10.79625,10.79625,11.0,15.0,20.0,10.0,24,20.0,25.0,7.0,-0.44999999999999996,0.44984375000000004,0,0,-0.44984375000000004,0,0,0,0,0
b86ad8e8-b0f6-4578-8e02-b4a87378a89d,13,6,21.5,0.16666666666666666,0.5,0.6666666666666666,0.6666666666666666,0.7777777777777778,0.2721655269759087,5.5,-0.22777777777777777,0.29845280041251765,2.1666666666666665,4838.0,634.4034534899696,0.05765846768637177,,,0.16666666666666666,0.3333333333333333,0.5,0.0,2,gh,0,1,0,10.0,27.9,3.9,8.3,50.0,10.0,50.0,10.0,24,60.0,17.5,1000.0,-0.16666666666666663,0.3458333333333334,0,0,0.16249999999999995,0,0,0,0,0
aeea46bb-84ad-409e-b595-5f1ae9d39ed9,14,6,23.333333333333332,0.5,0.5,0.8333333333333334,0.8333333333333334,0.7222222222222222,0.11385500851066217,6.166666666666667,-0.10555555555555557,0.25984325759680305,4.166666666666667,4921.333333333333,332.0025115969249,0.033457396369547504,,,0.3055555555555555,0.47222222222222227,0.2222222222222222,0.0,2,gp,0,0,1,10.0,8.08,-7.92,7.92,7.0,10.07,10.07,7.0,16,11.0,20.0,8.0,-0.36363636363636365,0.495,0,0,-0.495,0,0,0,0,0
b86ad8e8-b0f6-4578-8e02-b4a87378a89d,14,6,21.5,0.16666666666666666,0.5,0.6666666666666666,0.6666666666666666,0.7777777777777778,0.2721655269759087,5.5,-0.22777777777777777,0.29845280041251765,2.1666666666666665,4832.666666666667,1547.3861045216438,0.12493711776336967,,,0.16666666666666666,0.3333333333333333,0.5,0.0,2,gh,0,1,0,24.0,93.875,77.875,81.20833333333333,1000.0,50.0,1000.0,3.0,16,50.0,60.0,20.0,19.0,5.075520833333333,1,0,4.8671875,1,1,1,0,1
aeea46bb-84ad-409e-b595-5f1ae9d39ed9,15,6,23.333333333333332,0.5,0.5,0.8333333333333334,0.8333333333333334,0.7222222222222222,0.11385500851066217,6.166666666666667,-0.10555555555555557,0.25984325759680305,4.166666666666667,4864.0,279.9602329617542,0.027763043676900523,,,0.3055555555555555,0.47222222222222227,0.2222222222222222,0.0,2,gp,0,0,1,4.0,7.4375,-0.5625,0.5625,8.0,7.0,8.0,7.0,8,7.0,11.0,,0.1428571428571428,0.0703125,0,0,-0.0703125,0,0,0,0,0
b86ad8e8-b0f6-4578-8e02-b4a87378a89d,15,6,21.5,0.16666666666666666,0.5,0.6666666666666666,0.6666666666666666,0.7777777777777778,0.2721655269759087,5.5,-0.22777777777777777,0.29845280041251765,2.1666666666666665,4777.333333333333,1659.5120248032756,0.1344430877290911,,,0.16666666666666666,0.3333333333333333,0.5,0.0,2,gh,0,1,0,3.0,20.666666666666668,12.666666666666666,12.666666666666666,20.0,27.0,27.0,15.0,8,1000.0,50.0,,-0.98,1.5833333333333333,0,0,1.5833333333333335,0,0,1,0,1
