participant_code,trader_uuid,trading_session_uuid,round_number_raw,num_shares,current_cash,forecast_price_next_day,forecast_confidence_next_day,payoff,repetition,trading_day,market_id,gamified,hybrid,treatment,market_design,group_composition,id_in_group,self_assessed_literacy,fin_quiz_correct,fin_quiz_total,age,gender,trading_experience,fin_quiz_score,overconfidence,lag_num_shares,holding_change,closing_price,lag_price,delta_p,forecast_gap,z_age,z_fin_quiz_score,z_overconfidence,z_trading_experience
3qk5kred,914e1fc2-9d3c-4503-8f28-e329d90df453,4397451b-fa5f-4b8f-b86e-278d272e1d68,1,20.0,2600.0,,,0.0,1,1,4397451b-fa5f-4b8f-b86e-278d272e1d68,1,0,gh,gamified,human_only,5,5,8,12,44,Other,0,0.6666666666666666,-0.16666666666666663,,,,,,,1.2093048832505364,0.4750055284950274,-0.8521672945646949,-0.7051398600435392
3qk5kred,914e1fc2-9d3c-4503-8f28-e329d90df453,4397451b-fa5f-4b8f-b86e-278d272e1d68,2,19.0,2860.0,,,0.0,1,2,4397451b-fa5f-4b8f-b86e-278d272e1d68,1,0,gh,gamified,human_only,5,5,8,12,44,Other,0,0.6666666666666666,-0.16666666666666663,20.0,-1.0,110.0,,,,1.2093048832505364,0.4750055284950274,-0.8521672945646949,-0.7051398600435392
3qk5kred,914e1fc2-9d3c-4503-8f28-e329d90df453,4397451b-fa5f-4b8f-b86e-278d272e1d68,3,19.0,3012.0,70.0,3.0,0.0,1,3,4397451b-fa5f-4b8f-b86e-278d272e1d68,1,0,gh,gamified,human_only,5,5,8,12,44,Other,0,0.6666666666666666,-0.16666666666666663,19.0,0.0,70.0,110.0,-40.0,0.0,1.2093048832505364,0.4750055284950274,-0.8521672945646949,-0.7051398600435392
3qk5kred,914e1fc2-9d3c-4503-8f28-e329d90df453,4397451b-fa5f-4b8f-b86e-278d272e1d68,4,20.0,3292.0,,,0.0,1,4,4397451b-fa5f-4b8f-b86e-278d272e1d68,1,0,gh,gamified,human_only,5,5,8,12,44,Other,0,0.6666666666666666,-0.16666666666666663,19.0,1.0,100.0,70.0,30.0,,1.2093048832505364,0.4750055284950274,-0.8521672945646949,-0.7051398600435392
3qk5kred,914e1fc2-9d3c-4503-8f28-e329d90df453,4397451b-fa5f-4b8f-b86e-278d272e1d68,5,20.0,3692.0,,,0.0,1,5,4397451b-fa5f-4b8f-b86e-278d272e1d68,1,0,gh,gamified,human_only,5,5,8,12,44,Other,0,0.6666666666666666,-0.16666666666666663,20.0,0.0,110.0,100.0,10.0,,1.2093048832505364,0.4750055284950274,-0.8521672945646949,-0.7051398600435392
3qk5kred,914e1fc2-9d3c-4503-8f28-e329d90df453,4397451b-fa5f-4b8f-b86e-278d272e1d68,6,20.0,3772.0,5.0,2.0,0.0,1,6,4397451b-fa5f-4b8f-b86e-278d272e1d68,1,0,gh,gamified,human_only,5,5,8,12,44,Other,0,0.6666666666666666,-0.16666666666666663,20.0,0.0,110.0,110.0,0.0,-105.0,1.2093048832505364,0.4750055284950274,-0.8521672945646949,-0.7051398600435392
3qk5kred,914e1fc2-9d3c-4503-8f28-e329d90df453,4397451b-fa5f-4b8f-b86e-278d272e1d68,7,20.0,4172.0,,,0.0,1,7,4397451b-fa5f-4b8f-b86e-278d272e1d68,1,0,gh,gamified,human_only,5,5,8,12,44,Other,0,0.6666666666666666,-0.16666666666666663,20.0,0.0,120.0,110.0,10.0,,1.2093048832505364,0.4750055284950274,-0.8521672945646949,-0.7051398600435392
3qk5kred,914e1fc2-9d3c-4503-8f28-e329d90df453,4397451b-fa5f-4b8f-b86e-278d272e1d68,8,20.0,4252.0,,,0.0,1,8,4397451b-fa5f-4b8f-b86e-278d272e1d68,1,0,gh,gamified,human_only,5,5,8,12,44,Other,0,0.6666666666666666,-0.16666666666666663,20.0,0.0,120.0,120.0,0.0,,1.2093048832505364,0.4750055284950274,-0.8521672945646949,-0.7051398600435392
3qk5kred,914e1fc2-9d3c-4503-8f28-e329d90df453,4397451b-fa5f-4b8f-b86e-278d272e1d68,9,20.0,4652.0,2.0,3.0,0.0,1,9,4397451b-fa5f-4b8f-b86e-278d272e1d68,1,0,gh,gamified,human_only,5,5,8,12,44,Other,0,0.6666666666666666,-0.16666666666666663,20.0,0.0,105.0,120.0,-15.0,-103.0,1.2093048832505364,0.4750055284950274,-0.8521672945646949,-0.7051398600435392
3qk5kred,914e1fc2-9d3c-4503-8f28-e329d90df453,4397451b-fa5f-4b8f-b86e-278d272e1d68,10,20.0,4652.0,,,0.0,1,10,4397451b-fa5f-4b8f-b86e-278d272e1d68,1,0,gh,gamified,human_only,5,5,8,12,44,Other,0,0.6666666666666666,-0.16666666666666663,20.0,0.0,150.0,105.0,45.0,,1.2093048832505364,0.4750055284950274,-0.8521672945646949,-0.7051398600435392
3qk5kred,914e1fc2-9d3c-4503-8f28-e329d90df453,4397451b-fa5f-4b8f-b86e-278d272e1d68,11,20.0,4812.0,,,0.0,1,11,4397451b-fa5f-4b8f-b86e-278d272e1d68,1,0,gh,gamified,human_only,5,5,8,12,44,Other,0,0.6666666666666666,-0.16666666666666663,20.0,0.0,70.0,150.0,-80.0,,1.2093048832505364,0.4750055284950274,-0.8521672945646949,-0.7051398600435392
3qk5kred,914e1fc2-9d3c-4503-8f28-e329d90df453,4397451b-fa5f-4b8f-b86e-278d272e1d68,12,21.0,4884.5,60.0,3.0,0.0,1,12,4397451b-fa5f-4b8f-b86e-278d272e1d68,1,0,gh,gamified,human_only,5,5,8,12,44,Other,0,0.6666666666666666,-0.16666666666666663,20.0,1.0,90.0,70.0,20.0,-30.0,1.2093048832505364,0.4750055284950274,-0.8521672945646949,-0.7051398600435392
3qk5kred,914e1fc2-9d3c-4503-8f28-e329d90df453,4397451b-fa5f-4b8f-b86e-278d272e1d68,13,21.0,5052.5,,,0.0,1,13,4397451b-fa5f-4b8f-b86e-278d272e1d68,1,0,gh,gamified,human_only,5,5,8,12,44,Other,0,0.6666666666666666,-0.16666666666666663,21.0,0.0,85.0,90.0,-5.0,,1.2093048832505364,0.4750055284950274,-0.8521672945646949,-0.7051398600435392
3qk5kred,914e1fc2-9d3c-4503-8f28-e329d90df453,4397451b-fa5f-4b8f-b86e-278d272e1d68,14,21.0,5220.5,,,0.0,1,14,4397451b-fa5f-4b8f-b86e-278d272e1d68,1,0,gh,gamified,human_only,5,5,8,12,44,Other,0,0.6666666666666666,-0.16666666666666663,21.0,0.0,60.0,85.0,-25.0,,1.2093048832505364,0.4750055284950274,-0.8521672945646949,-0.7051398600435392
3qk5kred,914e1fc2-9d3c-4503-8f28-e329d90df453,4397451b-fa5f-4b8f-b86e-278d272e1d68,15,21.0,5388.5,,,0.0,1,15,4397451b-fa5f-4b8f-b86e-278d272e1d68,1,0,gh,gamified,human_only,5,5,8,12,44,Other,0,0.6666666666666666,-0.16666666666666663,21.0,0.0,60.0,60.0,0.0,,1.2093048832505364,0.4750055284950274,-0.8521672945646949,-0.7051398600435392
7uj99w7k,4c38c903-37b1-4f90-bf9a-1978f7df9fd0,4397451b-fa5f-4b8f-b86e-278d272e1d68,1,10.0,3800.0,,,0.0,1,1,4397451b-fa5f-4b8f-b86e-278d272e1d68,1,0,gh,gamified,human_only,2,8,12,12,22,Male,1,1.0,-0.19999999999999996,,,,,,,-1.693026836550752,1.7416869378151008,-0.9697076110563769,1.4102797200870787
7uj99w7k,4c38c903-37b1-4f90-bf9a-1978f7df9fd0,4397451b-fa5f-4b8f-b86e-278d272e1d68,2,11.0,3780.0,,,0.0,1,2,4397451b-fa5f-4b8f-b86e-278d272e1d68,1,0,gh,gamified,human_only,2,8,12,12,22,Male,1,1.0,-0.19999999999999996,10.0,1.0,110.0,,,,-1.693026836550752,1.7416869378151008,-0.9697076110563769,1.4102797200870787
7uj99w7k,4c38c903-37b1-4f90-bf9a-1978f7df9fd0,4397451b-fa5f-4b8f-b86e-278d272e1d68,3,11.0,3868.0,100.0,5.0,0.0,1,3,4397451b-fa5f-4b8f-b86e-278d272e1d68,1,0,gh,gamified,human_only,2,8,12,12,22,Male,1,1.0,-0.19999999999999996,11.0,0.0,70.0,110.0,-40.0,30.0,-1.693026836550752,1.7416869378151008,-0.9697076110563769,1.4102797200870787
7uj99w7k,4c38c903-37b1-4f90-bf9a-1978f7df9fd0,4397451b-fa5f-4b8f-b86e-278d272e1d68,4,11.0,4088.0,,,0.0,1,4,4397451b-fa5f-4b8f-b86e-278d272e1d68,1,0,gh,gamified,human_only,2,8,12,12,22,Male,1,1.0,-0.19999999999999996,11.0,0.0,100.0,70.0,30.0,,-1.693026836550752,1.7416869378151008,-0.9697076110563769,1.4102797200870787
7uj99w7k,4c38c903-37b1-4f90-bf9a-1978f7df9fd0,4397451b-fa5f-4b8f-b86e-278d272e1d68,5,11.0,4308.0,,,0.0,1,5,4397451b-fa5f-4b8f-b86e-278d272e1d68,1,0,gh,gamified,human_only,2,8,12,12,22,Male,1,1.0,-0.19999999999999996,11.0,0.0,110.0,100.0,10.0,,-1.693026836550752,1.7416869378151008,-0.9697076110563769,1.4102797200870787
7uj99w7k,4c38c903-37b1-4f90-bf9a-1978f7df9fd0,4397451b-fa5f-4b8f-b86e-278d272e1d68,6,12.0,4242.0,120.0,5.0,0.0,1,6,4397451b-fa5f-4b8f-b86e-278d272e1d68,1,0,gh,gamified,human_only,2,8,12,12,22,Male,1,1.0,-0.19999999999999996,11.0,1.0,110.0,110.0,0.0,10.0,-1.693026836550752,1.7416869378151008,-0.9697076110563769,1.4102797200870787
7uj99w7k,4c38c903-37b1-4f90-bf9a-1978f7df9fd0,4397451b-fa5f-4b8f-b86e-278d272e1d68,7,12.0,4482.0,,,0.0,1,7,4397451b-fa5f-4b8f-b86e-278d272e1d68,1,0,gh,gamified,human_only,2,8,12,12,22,Male,1,1.0,-0.19999999999999996,12.0,0.0,120.0,110.0,10.0,,-1.693026836550752,1.7416869378151008,-0.9697076110563769,1.4102797200870787
7uj99w7k,4c38c903-37b1-4f90-bf9a-1978f7df9fd0,4397451b-fa5f-4b8f-b86e-278d272e1d68,8,12.0,4530.0,,,0.0,1,8,4397451b-fa5f-4b8f-b86e-278d272e1d68,1,0,gh,gamified,human_only,2,8,12,12,22,Male,1,1.0,-0.19999999999999996,12.0,0.0,120.0,120.0,0.0,,-1.693026836550752,1.7416869378151008,-0.9697076110563769,1.4102797200870787
7uj99w7k,4c38c903-37b1-4f90-bf9a-1978f7df9fd0,4397451b-fa5f-4b8f-b86e-278d272e1d68,9,11.0,4875.0,150.0,3.0,0.0,1,9,4397451b-fa5f-4b8f-b86e-278d272e1d68,1,0,gh,gamified,human_only,2,8,12,12,22,Male,1,1.0,-0.19999999999999996,12.0,-1.0,105.0,120.0,-15.0,45.0,-1.693026836550752,1.7416869378151008,-0.9697076110563769,1.4102797200870787
7uj99w7k,4c38c903-37b1-4f90-bf9a-1978f7df9fd0,4397451b-fa5f-4b8f-b86e-278d272e1d68,10,9.0,5205.0,,,0.0,1,10,4397451b-fa5f-4b8f-b86e-278d272e1d68,1,0,gh,gamified,human_only,2,8,12,12,22,Male,1,1.0,-0.19999999999999996,11.0,-2.0,150.0,105.0,45.0,,-1.693026836550752,1.7416869378151008,-0.9697076110563769,1.4102797200870787
7uj99w7k,4c38c903-37b1-4f90-bf9a-1978f7df9fd0,4397451b-fa5f-4b8f-b86e-278d272e1d68,11,10.0,5177.0,,,0.0,1,11,4397451b-fa5f-4b8f-b86e-278d272e1d68,1,0,gh,gamified,human_only,2,8,12,12,22,Male,1,1.0,-0.19999999999999996,9.0,1.0,70.0,150.0,-80.0,,-1.693026836550752,1.7416869378151008,-0.9697076110563769,1.4102797200870787
7uj99w7k,4c38c903-37b1-4f90-bf9a-1978f7df9fd0,4397451b-fa5f-4b8f-b86e-278d272e1d68,12,11.0,5172.0,60.0,3.0,0.0,1,12,4397451b-fa5f-4b8f-b86e-278d272e1d68,1,0,gh,gamified,human_only,2,8,12,12,22,Male,1,1.0,-0.19999999999999996,10.0,1.0,90.0,70.0,20.0,-30.0,-1.693026836550752,1.7416869378151008,-0.9697076110563769,1.4102797200870787
7uj99w7k,4c38c903-37b1-4f90-bf9a-1978f7df9fd0,4397451b-fa5f-4b8f-b86e-278d272e1d68,13,9.0,5400.0,,,0.0,1,13,4397451b-fa5f-4b8f-b86e-278d272e1d68,1,0,gh,gamified,human_only,2,8,12,12,22,Male,1,1.0,-0.19999999999999996,11.0,-2.0,85.0,90.0,-5.0,,-1.693026836550752,1.7416869378151008,-0.9697076110563769,1.4102797200870787
7uj99w7k,4c38c903-37b1-4f90-bf9a-1978f7df9fd0,4397451b-fa5f-4b8f-b86e-278d272e1d68,14,9.0,5472.0,,,0.0,1,14,4397451b-fa5f-4b8f-b86e-278d272e1d68,1,0,gh,gamified,human_only,2,8,12,12,22,Male,1,1.0,-0.19999999999999996,9.0,0.0,60.0,85.0,-25.0,,-1.693026836550752,1.7416869378151008,-0.9697076110563769,1.4102797200870787
7uj99w7k,4c38c903-37b1-4f90-bf9a-1978f7df9fd0,4397451b-fa5f-4b8f-b86e-278d272e1d68,15,9.0,5544.0,,,0.0,1,15,4397451b-fa5f-4b8f-b86e-278d272e1d68,1,0,gh,gamified,human_only,2,8,12,12,22,Male,1,1.0,-0.19999999999999996,9.0,0.0,60.0,60.0,0.0,,-1.693026836550752,1.7416869378151008,-0.9697076110563769,1.4102797200870787
8pfnya23,817c3405-e3a7-4f12-b0aa-18682cc45403,4397451b-fa5f-4b8f-b86e-278d272e1d68,1,10.0,3800.0,,,0.0,1,1,4397451b-fa5f-4b8f-b86e-278d272e1d68,1,0,gh,gamified,human_only,6,3,4,12,33,Female,0,0.3333333333333333,-0.033333333333333326,,,,,,,-0.24186097665010767,-0.7916758808250457,-0.3820060285979668,-0.7051398600435392
8pfnya23,817c3405-e3a7-4f12-b0aa-18682cc45403,4397451b-fa5f-4b8f-b86e-278d272e1d68,2,10.0,3880.0,,,0.0,1,2,4397451b-fa5f-4b8f-b86e-278d272e1d68,1,0,gh,gamified,human_only,6,3,4,12,33,Female,0,0.3333333333333333,-0.033333333333333326,10.0,0.0,110.0,,,,-0.24186097665010767,-0.7916758808250457,-0.3820060285979668,-0.7051398600435392
8pfnya23,817c3405-e3a7-4f12-b0aa-18682cc45403,4397451b-fa5f-4b8f-b86e-278d272e1d68,3,11.0,3860.0,70.0,3.0,0.0,1,3,4397451b-fa5f-4b8f-b86e-278d272e1d68,1,0,gh,gamified,human_only,6,3,4,12,33,Female,0,0.3333333333333333,-0.033333333333333326,10.0,1.0,70.0,110.0,-40.0,0.0,-0.24186097665010767,-0.7916758808250457,-0.3820060285979668,-0.7051398600435392
8pfnya23,817c3405-e3a7-4f12-b0aa-18682cc45403,4397451b-fa5f-4b8f-b86e-278d272e1d68,4,12.0,3980.0,,,0.0,1,4,4397451b-fa5f-4b8f-b86e-278d272e1d68,1,0,gh,gamified,human_only,6,3,4,12,33,Female,0,0.3333333333333333,-0.033333333333333326,11.0,1.0,100.0,70.0,30.0,,-0.24186097665010767,-0.7916758808250457,-0.3820060285979668,-0.7051398600435392
8pfnya23,817c3405-e3a7-4f12-b0aa-18682cc45403,4397451b-fa5f-4b8f-b86e-278d272e1d68,5,13.0,4110.0,,,0.0,1,5,4397451b-fa5f-4b8f-b86e-278d272e1d68,1,0,gh,gamified,human_only,6,3,4,12,33,Female,0,0.3333333333333333,-0.033333333333333326,12.0,1.0,110.0,100.0,10.0,,-0.24186097665010767,-0.7916758808250457,-0.3820060285979668,-0.7051398600435392
8pfnya23,817c3405-e3a7-4f12-b0aa-18682cc45403,4397451b-fa5f-4b8f-b86e-278d272e1d68,6,13.0,4162.0,5.0,3.0,0.0,1,6,4397451b-fa5f-4b8f-b86e-278d272e1d68,1,0,gh,gamified,human_only,6,3,4,12,33,Female,0,0.3333333333333333,-0.033333333333333326,13.0,0.0,110.0,110.0,0.0,-105.0,-0.24186097665010767,-0.7916758808250457,-0.3820060285979668,-0.7051398600435392
8pfnya23,817c3405-e3a7-4f12-b0aa-18682cc45403,4397451b-fa5f-4b8f-b86e-278d272e1d68,7,13.0,4422.0,,,0.0,1,7,4397451b-fa5f-4b8f-b86e-278d272e1d68,1,0,gh,gamified,human_only,6,3,4,12,33,Female,0,0.3333333333333333,-0.033333333333333326,13.0,0.0,120.0,110.0,10.0,,-0.24186097665010767,-0.7916758808250457,-0.3820060285979668,-0.7051398600435392
8pfnya23,817c3405-e3a7-4f12-b0aa-18682cc45403,4397451b-fa5f-4b8f-b86e-278d272e1d68,8,15.0,4219.0,,,0.0,1,8,4397451b-fa5f-4b8f-b86e-278d272e1d68,1,0,gh,gamified,human_only,6,3,4,12,33,Female,0,0.3333333333333333,-0.033333333333333326,13.0,2.0,120.0,120.0,0.0,,-0.24186097665010767,-0.7916758808250457,-0.3820060285979668,-0.7051398600435392
8pfnya23,817c3405-e3a7-4f12-b0aa-18682cc45403,4397451b-fa5f-4b8f-b86e-278d272e1d68,9,15.0,4519.0,2.0,2.0,0.0,1,9,4397451b-fa5f-4b8f-b86e-278d272e1d68,1,0,gh,gamified,human_only,6,3,4,12,33,Female,0,0.3333333333333333,-0.033333333333333326,15.0,0.0,105.0,120.0,-15.0,-103.0,-0.24186097665010767,-0.7916758808250457,-0.3820060285979668,-0.7051398600435392
8pfnya23,817c3405-e3a7-4f12-b0aa-18682cc45403,4397451b-fa5f-4b8f-b86e-278d272e1d68,10,16.0,4369.0,,,0.0,1,10,4397451b-fa5f-4b8f-b86e-278d272e1d68,1,0,gh,gamified,human_only,6,3,4,12,33,Female,0,0.3333333333333333,-0.033333333333333326,15.0,1.0,150.0,105.0,45.0,,-0.24186097665010767,-0.7916758808250457,-0.3820060285979668,-0.7051398600435392
8pfnya23,817c3405-e3a7-4f12-b0aa-18682cc45403,4397451b-fa5f-4b8f-b86e-278d272e1d68,11,16.0,4517.0,,,0.0,1,11,4397451b-fa5f-4b8f-b86e-278d272e1d68,1,0,gh,gamified,human_only,6,3,4,12,33,Female,0,0.3333333333333333,-0.033333333333333326,16.0,0.0,70.0,150.0,-80.0,,-0.24186097665010767,-0.7916758808250457,-0.3820060285979668,-0.7051398600435392
8pfnya23,817c3405-e3a7-4f12-b0aa-18682cc45403,4397451b-fa5f-4b8f-b86e-278d272e1d68,12,15.0,4730.0,60.0,3.0,0.0,1,12,4397451b-fa5f-4b8f-b86e-278d272e1d68,1,0,gh,gamified,human_only,6,3,4,12,33,Female,0,0.3333333333333333,-0.033333333333333326,16.0,-1.0,90.0,70.0,20.0,-30.0,-0.24186097665010767,-0.7916758808250457,-0.3820060285979668,-0.7051398600435392
8pfnya23,817c3405-e3a7-4f12-b0aa-18682cc45403,4397451b-fa5f-4b8f-b86e-278d272e1d68,13,16.0,4770.0,,,0.0,1,13,4397451b-fa5f-4b8f-b86e-278d272e1d68,1,0,gh,gamified,human_only,6,3,4,12,33,Female,0,0.3333333333333333,-0.033333333333333326,15.0,1.0,85.0,90.0,-5.0,,-0.24186097665010767,-0.7916758808250457,-0.3820060285979668,-0.7051398600435392
8pfnya23,817c3405-e3a7-4f12-b0aa-18682cc45403,4397451b-fa5f-4b8f-b86e-278d272e1d68,14,18.0,4898.0,,,0.0,1,14,4397451b-fa5f-4b8f-b86e-278d272e1d68,1,0,gh,gamified,human_only,6,3,4,12,33,Female,0,0.3333333333333333,-0.033333333333333326,16.0,2.0,60.0,85.0,-25.0,,-0.24186097665010767,-0.7916758808250457,-0.3820060285979668,-0.7051398600435392
8pfnya23,817c3405-e3a7-4f12-b0aa-18682cc45403,4397451b-fa5f-4b8f-b86e-278d272e1d68,15,15.0,5102.0,,,0.0,1,15,4397451b-fa5f-4b8f-b86e-278d272e1d68,1,0,gh,gamified,human_only,6,3,4,12,33,Female,0,0.3333333333333333,-0.033333333333333326,18.0,-3.0,60.0,60.0,0.0,,-0.24186097665010767,-0.7916758808250457,-0.3820060285979668,-0.7051398600435392
ggq5fqn1,77bebd92-5e1a-445f-b2d1-79138b8028c0,4397451b-fa5f-4b8f-b86e-278d272e1d68,1,21.0,2600.0,,,0.0,1,1,4397451b-fa5f-4b8f-b86e-278d272e1d68,1,0,gh,gamified,human_only,1,8,8,12,33,Female,1,0.6666666666666666,0.13333333333333341,,,,,,,-0.24186097665010767,0.4750055284950274,0.2056955538604438,1.4102797200870787
ggq5fqn1,77bebd92-5e1a-445f-b2d1-79138b8028c0,4397451b-fa5f-4b8f-b86e-278d272e1d68,2,19.0,2878.0,,,0.0,1,2,4397451b-fa5f-4b8f-b86e-278d272e1d68,1,0,gh,gamified,human_only,1,8,8,12,33,Female,1,0.6666666666666666,0.13333333333333341,21.0,-2.0,110.0,,,,-0.24186097665010767,0.4750055284950274,0.2056955538604438,1.4102797200870787
ggq5fqn1,77bebd92-5e1a-445f-b2d1-79138b8028c0,4397451b-fa5f-4b8f-b86e-278d272e1d68,3,20.0,2960.0,100.0,5.0,0.0,1,3,4397451b-fa5f-4b8f-b86e-278d272e1d68,1,0,gh,gamified,human_only,1,8,8,12,33,Female,1,0.6666666666666666,0.13333333333333341,19.0,1.0,70.0,110.0,-40.0,30.0,-0.24186097665010767,0.4750055284950274,0.2056955538604438,1.4102797200870787
ggq5fqn1,77bebd92-5e1a-445f-b2d1-79138b8028c0,4397451b-fa5f-4b8f-b86e-278d272e1d68,4,20.0,3360.0,,,0.0,1,4,4397451b-fa5f-4b8f-b86e-278d272e1d68,1,0,gh,gamified,human_only,1,8,8,12,33,Female,1,0.6666666666666666,0.13333333333333341,20.0,0.0,100.0,70.0,30.0,,-0.24186097665010767,0.4750055284950274,0.2056955538604438,1.4102797200870787
ggq5fqn1,77bebd92-5e1a-445f-b2d1-79138b8028c0,4397451b-fa5f-4b8f-b86e-278d272e1d68,5,17.0,4090.0,,,0.0,1,5,4397451b-fa5f-4b8f-b86e-278d272e1d68,1,0,gh,gamified,human_only,1,8,8,12,33,Female,1,0.6666666666666666,0.13333333333333341,20.0,-3.0,110.0,100.0,10.0,,-0.24186097665010767,0.4750055284950274,0.2056955538604438,1.4102797200870787
ggq5fqn1,77bebd92-5e1a-445f-b2d1-79138b8028c0,4397451b-fa5f-4b8f-b86e-278d272e1d68,6,17.0,4158.0,120.0,5.0,0.0,1,6,4397451b-fa5f-4b8f-b86e-278d272e1d68,1,0,gh,gamified,human_only,1,8,8,12,33,Female,1,0.6666666666666666,0.13333333333333341,17.0,0.0,110.0,110.0,0.0,10.0,-0.24186097665010767,0.4750055284950274,0.2056955538604438,1.4102797200870787
ggq5fqn1,77bebd92-5e1a-445f-b2d1-79138b8028c0,4397451b-fa5f-4b8f-b86e-278d272e1d68,7,22.0,4268.0,,,0.0,1,7,4397451b-fa5f-4b8f-b86e-278d272e1d68,1,0,gh,gamified,human_only,1,8,8,12,33,Female,1,0.6666666666666666,0.13333333333333341,17.0,5.0,120.0,110.0,10.0,,-0.24186097665010767,0.4750055284950274,0.2056955538604438,1.4102797200870787
ggq5fqn1,77bebd92-5e1a-445f-b2d1-79138b8028c0,4397451b-fa5f-4b8f-b86e-278d272e1d68,8,16.0,4716.0,,,0.0,1,8,4397451b-fa5f-4b8f-b86e-278d272e1d68,1,0,gh,gamified,human_only,1,8,8,12,33,Female,1,0.6666666666666666,0.13333333333333341,22.0,-6.0,120.0,120.0,0.0,,-0.24186097665010767,0.4750055284950274,0.2056955538604438,1.4102797200870787
ggq5fqn1,77bebd92-5e1a-445f-b2d1-79138b8028c0,4397451b-fa5f-4b8f-b86e-278d272e1d68,9,17.0,4931.0,150.0,5.0,0.0,1,9,4397451b-fa5f-4b8f-b86e-278d272e1d68,1,0,gh,gamified,human_only,1,8,8,12,33,Female,1,0.6666666666666666,0.13333333333333341,16.0,1.0,105.0,120.0,-15.0,45.0,-0.24186097665010767,0.4750055284950274,0.2056955538604438,1.4102797200870787
ggq5fqn1,77bebd92-5e1a-445f-b2d1-79138b8028c0,4397451b-fa5f-4b8f-b86e-278d272e1d68,10,17.0,4931.0,,,0.0,1,10,4397451b-fa5f-4b8f-b86e-278d272e1d68,1,0,gh,gamified,human_only,1,8,8,12,33,Female,1,0.6666666666666666,0.13333333333333341,17.0,0.0,150.0,105.0,45.0,,-0.24186097665010767,0.4750055284950274,0.2056955538604438,1.4102797200870787
ggq5fqn1,77bebd92-5e1a-445f-b2d1-79138b8028c0,4397451b-fa5f-4b8f-b86e-278d272e1d68,11,18.0,4977.0,,,0.0,1,11,4397451b-fa5f-4b8f-b86e-278d272e1d68,1,0,gh,gamified,human_only,1,8,8,12,33,Female,1,0.6666666666666666,0.13333333333333341,17.0,1.0,70.0,150.0,-80.0,,-0.24186097665010767,0.4750055284950274,0.2056955538604438,1.4102797200870787
ggq5fqn1,77bebd92-5e1a-445f-b2d1-79138b8028c0,4397451b-fa5f-4b8f-b86e-278d272e1d68,12,18.0,5121.0,60.0,3.0,0.0,1,12,4397451b-fa5f-4b8f-b86e-278d272e1d68,1,0,gh,gamified,human_only,1,8,8,12,33,Female,1,0.6666666666666666,0.13333333333333341,18.0,0.0,90.0,70.0,20.0,-30.0,-0.24186097665010767,0.4750055284950274,0.2056955538604438,1.4102797200870787
ggq5fqn1,77bebd92-5e1a-445f-b2d1-79138b8028c0,4397451b-fa5f-4b8f-b86e-278d272e1d68,13,18.0,5265.0,,,0.0,1,13,4397451b-fa5f-4b8f-b86e-278d272e1d68,1,0,gh,gamified,human_only,1,8,8,12,33,Female,1,0.6666666666666666,0.13333333333333341,18.0,0.0,85.0,90.0,-5.0,,-0.24186097665010767,0.4750055284950274,0.2056955538604438,1.4102797200870787
ggq5fqn1,77bebd92-5e1a-445f-b2d1-79138b8028c0,4397451b-fa5f-4b8f-b86e-278d272e1d68,14,19.0,5359.0,,,0.0,1,14,4397451b-fa5f-4b8f-b86e-278d272e1d68,1,0,gh,gamified,human_only,1,8,8,12,33,Female,1,0.6666666666666666,0.13333333333333341,18.0,1.0,60.0,85.0,-25.0,,-0.24186097665010767,0.4750055284950274,0.2056955538604438,1.4102797200870787
ggq5fqn1,77bebd92-5e1a-445f-b2d1-79138b8028c0,4397451b-fa5f-4b8f-b86e-278d272e1d68,15,19.0,5511.0,,,0.0,1,15,4397451b-fa5f-4b8f-b86e-278d272e1d68,1,0,gh,gamified,human_only,1,8,8,12,33,Female,1,0.6666666666666666,0.13333333333333341,19.0,0.0,60.0,60.0,0.0,,-0.24186097665010767,0.4750055284950274,0.2056955538604438,1.4102797200870787
pno5o92p,e5700b75-5d29-45d7-bafa-2e801b0e9e82,4397451b-fa5f-4b8f-b86e-278d272e1d68,1,10.0,3800.0,,,0.0,1,1,4397451b-fa5f-4b8f-b86e-278d272e1d68,1,0,gh,gamified,human_only,4,9,3,12,44,Female,0,0.25,0.65,,,,,,,1.2093048832505364,-1.108346233155064,2.0275704594815154,-0.7051398600435392
pno5o92p,e5700b75-5d29-45d7-bafa-2e801b0e9e82,4397451b-fa5f-4b8f-b86e-278d272e1d68,2,11.0,3770.0,,,0.0,1,2,4397451b-fa5f-4b8f-b86e-278d272e1d68,1,0,gh,gamified,human_only,4,9,3,12,44,Female,0,0.25,0.65,10.0,1.0,110.0,,,,1.2093048832505364,-1.108346233155064,2.0275704594815154,-0.7051398600435392
pno5o92p,e5700b75-5d29-45d7-bafa-2e801b0e9e82,4397451b-fa5f-4b8f-b86e-278d272e1d68,3,10.0,3928.0,70.0,3.0,0.0,1,3,4397451b-fa5f-4b8f-b86e-278d272e1d68,1,0,gh,gamified,human_only,4,9,3,12,44,Female,0,0.25,0.65,11.0,-1.0,70.0,110.0,-40.0,0.0,1.2093048832505364,-1.108346233155064,2.0275704594815154,-0.7051398600435392
pno5o92p,e5700b75-5d29-45d7-bafa-2e801b0e9e82,4397451b-fa5f-4b8f-b86e-278d272e1d68,4,11.0,4028.0,,,0.0,1,4,4397451b-fa5f-4b8f-b86e-278d272e1d68,1,0,gh,gamified,human_only,4,9,3,12,44,Female,0,0.25,0.65,10.0,1.0,100.0,70.0,30.0,,1.2093048832505364,-1.108346233155064,2.0275704594815154,-0.7051398600435392
pno5o92p,e5700b75-5d29-45d7-bafa-2e801b0e9e82,4397451b-fa5f-4b8f-b86e-278d272e1d68,5,11.0,4248.0,,,0.0,1,5,4397451b-fa5f-4b8f-b86e-278d272e1d68,1,0,gh,gamified,human_only,4,9,3,12,44,Female,0,0.25,0.65,11.0,0.0,110.0,100.0,10.0,,1.2093048832505364,-1.108346233155064,2.0275704594815154,-0.7051398600435392
pno5o92p,e5700b75-5d29-45d7-bafa-2e801b0e9e82,4397451b-fa5f-4b8f-b86e-278d272e1d68,6,11.0,4292.0,5.0,3.0,0.0,1,6,4397451b-fa5f-4b8f-b86e-278d272e1d68,1,0,gh,gamified,human_only,4,9,3,12,44,Female,0,0.25,0.65,11.0,0.0,110.0,110.0,0.0,-105.0,1.2093048832505364,-1.108346233155064,2.0275704594815154,-0.7051398600435392
pno5o92p,e5700b75-5d29-45d7-bafa-2e801b0e9e82,4397451b-fa5f-4b8f-b86e-278d272e1d68,7,11.0,4512.0,,,0.0,1,7,4397451b-fa5f-4b8f-b86e-278d272e1d68,1,0,gh,gamified,human_only,4,9,3,12,44,Female,0,0.25,0.65,11.0,0.0,120.0,110.0,10.0,,1.2093048832505364,-1.108346233155064,2.0275704594815154,-0.7051398600435392
pno5o92p,e5700b75-5d29-45d7-bafa-2e801b0e9e82,4397451b-fa5f-4b8f-b86e-278d272e1d68,8,11.0,4556.0,,,0.0,1,8,4397451b-fa5f-4b8f-b86e-278d272e1d68,1,0,gh,gamified,human_only,4,9,3,12,44,Female,0,0.25,0.65,11.0,0.0,120.0,120.0,0.0,,1.2093048832505364,-1.108346233155064,2.0275704594815154,-0.7051398600435392
pno5o92p,e5700b75-5d29-45d7-bafa-2e801b0e9e82,4397451b-fa5f-4b8f-b86e-278d272e1d68,9,11.0,4776.0,130.0,5.0,0.0,1,9,4397451b-fa5f-4b8f-b86e-278d272e1d68,1,0,gh,gamified,human_only,4,9,3,12,44,Female,0,0.25,0.65,11.0,0.0,105.0,120.0,-15.0,25.0,1.2093048832505364,-1.108346233155064,2.0275704594815154,-0.7051398600435392
pno5o92p,e5700b75-5d29-45d7-bafa-2e801b0e9e82,4397451b-fa5f-4b8f-b86e-278d272e1d68,10,13.0,4476.0,,,0.0,1,10,4397451b-fa5f-4b8f-b86e-278d272e1d68,1,0,gh,gamified,human_only,4,9,3,12,44,Female,0,0.25,0.65,11.0,2.0,150.0,105.0,45.0,,1.2093048832505364,-1.108346233155064,2.0275704594815154,-0.7051398600435392
pno5o92p,e5700b75-5d29-45d7-bafa-2e801b0e9e82,4397451b-fa5f-4b8f-b86e-278d272e1d68,11,13.0,4580.0,,,0.0,1,11,4397451b-fa5f-4b8f-b86e-278d272e1d68,1,0,gh,gamified,human_only,4,9,3,12,44,Female,0,0.25,0.65,13.0,0.0,70.0,150.0,-80.0,,1.2093048832505364,-1.108346233155064,2.0275704594815154,-0.7051398600435392
pno5o92p,e5700b75-5d29-45d7-bafa-2e801b0e9e82,4397451b-fa5f-4b8f-b86e-278d272e1d68,12,13.0,4684.0,60.0,3.0,0.0,1,12,4397451b-fa5f-4b8f-b86e-278d272e1d68,1,0,gh,gamified,human_only,4,9,3,12,44,Female,0,0.25,0.65,13.0,0.0,90.0,70.0,20.0,-30.0,1.2093048832505364,-1.108346233155064,2.0275704594815154,-0.7051398600435392
pno5o92p,e5700b75-5d29-45d7-bafa-2e801b0e9e82,4397451b-fa5f-4b8f-b86e-278d272e1d68,13,13.0,4788.0,,,0.0,1,13,4397451b-fa5f-4b8f-b86e-278d272e1d68,1,0,gh,gamified,human_only,4,9,3,12,44,Female,0,0.25,0.65,13.0,0.0,85.0,90.0,-5.0,,1.2093048832505364,-1.108346233155064,2.0275704594815154,-0.7051398600435392
pno5o92p,e5700b75-5d29-45d7-bafa-2e801b0e9e82,4397451b-fa5f-4b8f-b86e-278d272e1d68,14,11.0,4997.0,,,0.0,1,14,4397451b-fa5f-4b8f-b86e-278d272e1d68,1,0,gh,gamified,human_only,4,9,3,12,44,Female,0,0.25,0.65,13.0,-2.0,60.0,85.0,-25.0,,1.2093048832505364,-1.108346233155064,2.0275704594815154,-0.7051398600435392
pno5o92p,e5700b75-5d29-45d7-bafa-2e801b0e9e82,4397451b-fa5f-4b8f-b86e-278d272e1d68,15,11.0,5085.0,,,0.0,1,15,4397451b-fa5f-4b8f-b86e-278d272e1d68,1,0,gh,gamified,human_only,4,9,3,12,44,Female,0,0.25,0.65,11.0,0.0,60.0,60.0,0.0,,1.2093048832505364,-1.108346233155064,2.0275704594815154,-0.7051398600435392
rhxwy9vc,8ec5d82c-c27e-40ec-8f69-fe61237f5412,4397451b-fa5f-4b8f-b86e-278d272e1d68,1,21.0,2600.0,,,0.0,1,1,4397451b-fa5f-4b8f-b86e-278d272e1d68,1,0,gh,gamified,human_only,3,4,4,12,33,Male,0,0.3333333333333333,0.06666666666666671,,,,,,,-0.24186097665010767,-0.7916758808250457,-0.02938507912292046,-0.7051398600435392
rhxwy9vc,8ec5d82c-c27e-40ec-8f69-fe61237f5412,4397451b-fa5f-4b8f-b86e-278d272e1d68,2,20.0,2768.0,,,0.0,1,2,4397451b-fa5f-4b8f-b86e-278d272e1d68,1,0,gh,gamified,human_only,3,4,4,12,33,Male,0,0.3333333333333333,0.06666666666666671,21.0,-1.0,110.0,,,,-0.24186097665010767,-0.7916758808250457,-0.02938507912292046,-0.7051398600435392
rhxwy9vc,8ec5d82c-c27e-40ec-8f69-fe61237f5412,4397451b-fa5f-4b8f-b86e-278d272e1d68,3,19.0,3028.0,100.0,5.0,0.0,1,3,4397451b-fa5f-4b8f-b86e-278d272e1d68,1,0,gh,gamified,human_only,3,4,4,12,33,Male,0,0.3333333333333333,0.06666666666666671,20.0,-1.0,70.0,110.0,-40.0,30.0,-0.24186097665010767,-0.7916758808250457,-0.02938507912292046,-0.7051398600435392
rhxwy9vc,8ec5d82c-c27e-40ec-8f69-fe61237f5412,4397451b-fa5f-4b8f-b86e-278d272e1d68,4,17.0,3708.0,,,0.0,1,4,4397451b-fa5f-4b8f-b86e-278d272e1d68,1,0,gh,gamified,human_only,3,4,4,12,33,Male,0,0.3333333333333333,0.06666666666666671,19.0,-2.0,100.0,70.0,30.0,,-0.24186097665010767,-0.7916758808250457,-0.02938507912292046,-0.7051398600435392
rhxwy9vc,8ec5d82c-c27e-40ec-8f69-fe61237f5412,4397451b-fa5f-4b8f-b86e-278d272e1d68,5,18.0,3828.0,,,0.0,1,5,4397451b-fa5f-4b8f-b86e-278d272e1d68,1,0,gh,gamified,human_only,3,4,4,12,33,Male,0,0.3333333333333333,0.06666666666666671,17.0,1.0,110.0,100.0,10.0,,-0.24186097665010767,-0.7916758808250457,-0.02938507912292046,-0.7051398600435392
rhxwy9vc,8ec5d82c-c27e-40ec-8f69-fe61237f5412,4397451b-fa5f-4b8f-b86e-278d272e1d68,6,20.0,4010.0,120.0,3.0,0.0,1,6,4397451b-fa5f-4b8f-b86e-278d272e1d68,1,0,gh,gamified,human_only,3,4,4,12,33,Male,0,0.3333333333333333,0.06666666666666671,18.0,2.0,110.0,110.0,0.0,10.0,-0.24186097665010767,-0.7916758808250457,-0.02938507912292046,-0.7051398600435392
rhxwy9vc,8ec5d82c-c27e-40ec-8f69-fe61237f5412,4397451b-fa5f-4b8f-b86e-278d272e1d68,7,15.0,4640.0,,,0.0,1,7,4397451b-fa5f-4b8f-b86e-278d272e1d68,1,0,gh,gamified,human_only,3,4,4,12,33,Male,0,0.3333333333333333,0.06666666666666671,20.0,-5.0,120.0,110.0,10.0,,-0.24186097665010767,-0.7916758808250457,-0.02938507912292046,-0.7051398600435392
rhxwy9vc,8ec5d82c-c27e-40ec-8f69-fe61237f5412,4397451b-fa5f-4b8f-b86e-278d272e1d68,8,19.0,4595.0,,,0.0,1,8,4397451b-fa5f-4b8f-b86e-278d272e1d68,1,0,gh,gamified,human_only,3,4,4,12,33,Male,0,0.3333333333333333,0.06666666666666671,15.0,4.0,120.0,120.0,0.0,,-0.24186097665010767,-0.7916758808250457,-0.02938507912292046,-0.7051398600435392
rhxwy9vc,8ec5d82c-c27e-40ec-8f69-fe61237f5412,4397451b-fa5f-4b8f-b86e-278d272e1d68,9,16.0,4975.0,150.0,2.0,0.0,1,9,4397451b-fa5f-4b8f-b86e-278d272e1d68,1,0,gh,gamified,human_only,3,4,4,12,33,Male,0,0.3333333333333333,0.06666666666666671,19.0,-3.0,105.0,120.0,-15.0,45.0,-0.24186097665010767,-0.7916758808250457,-0.02938507912292046,-0.7051398600435392
rhxwy9vc,8ec5d82c-c27e-40ec-8f69-fe61237f5412,4397451b-fa5f-4b8f-b86e-278d272e1d68,10,15.0,5095.0,,,0.0,1,10,4397451b-fa5f-4b8f-b86e-278d272e1d68,1,0,gh,gamified,human_only,3,4,4,12,33,Male,0,0.3333333333333333,0.06666666666666671,16.0,-1.0,150.0,105.0,45.0,,-0.24186097665010767,-0.7916758808250457,-0.02938507912292046,-0.7051398600435392
rhxwy9vc,8ec5d82c-c27e-40ec-8f69-fe61237f5412,4397451b-fa5f-4b8f-b86e-278d272e1d68,11,13.0,5385.0,,,0.0,1,11,4397451b-fa5f-4b8f-b86e-278d272e1d68,1,0,gh,gamified,human_only,3,4,4,12,33,Male,0,0.3333333333333333,0.06666666666666671,15.0,-2.0,70.0,150.0,-80.0,,-0.24186097665010767,-0.7916758808250457,-0.02938507912292046,-0.7051398600435392
rhxwy9vc,8ec5d82c-c27e-40ec-8f69-fe61237f5412,4397451b-fa5f-4b8f-b86e-278d272e1d68,12,14.0,5576.5,60.0,4.0,0.0,1,12,4397451b-fa5f-4b8f-b86e-278d272e1d68,1,0,gh,gamified,human_only,3,4,4,12,33,Male,0,0.3333333333333333,0.06666666666666671,13.0,1.0,90.0,70.0,20.0,-30.0,-0.24186097665010767,-0.7916758808250457,-0.02938507912292046,-0.7051398600435392
rhxwy9vc,8ec5d82c-c27e-40ec-8f69-fe61237f5412,4397451b-fa5f-4b8f-b86e-278d272e1d68,13,13.0,5628.5,,,0.0,1,13,4397451b-fa5f-4b8f-b86e-278d272e1d68,1,0,gh,gamified,human_only,3,4,4,12,33,Male,0,0.3333333333333333,0.06666666666666671,14.0,-1.0,85.0,90.0,-5.0,,-0.24186097665010767,-0.7916758808250457,-0.02938507912292046,-0.7051398600435392
rhxwy9vc,8ec5d82c-c27e-40ec-8f69-fe61237f5412,4397451b-fa5f-4b8f-b86e-278d272e1d68,14,14.0,5677.5,,,0.0,1,14,4397451b-fa5f-4b8f-b86e-278d272e1d68,1,0,gh,gamified,human_only,3,4,4,12,33,Male,0,0.3333333333333333,0.06666666666666671,13.0,1.0,60.0,85.0,-25.0,,-0.24186097665010767,-0.7916758808250457,-0.02938507912292046,-0.7051398600435392
rhxwy9vc,8ec5d82c-c27e-40ec-8f69-fe61237f5412,4397451b-fa5f-4b8f-b86e-278d272e1d68,15,15.0,5729.5,,,0.0,1,15,4397451b-fa5f-4b8f-b86e-278d272e1d68,1,0,gh,gamified,human_only,3,4,4,12,33,Male,0,0.3333333333333333,0.06666666666666671,14.0,1.0,60.0,60.0,0.0,,-0.24186097665010767,-0.7916758808250457,-0.02938507912292046,-0.7051398600435392
3qk5kred,8bb506ed-8a42-41de-8b75-4b5acfac9c22,4b4a8da8-869c-4728-b134-73a625591381,16,20.0,2600.0,,,0.0,2,1,4b4a8da8-869c-4728-b134-73a625591381,1,0,gh,gamified,human_only,5,5,8,12,44,Other,0,0.6666666666666666,-0.16666666666666663,,,120.0,,,,1.2093048832505364,0.4750055284950274,-0.8521672945646949,-0.7051398600435392
3qk5kred,8bb506ed-8a42-41de-8b75-4b5acfac9c22,4b4a8da8-869c-4728-b134-73a625591381,17,21.0,2570.0,,,0.0,2,2,4b4a8da8-869c-4728-b134-73a625591381,1,0,gh,gamified,human_only,5,5,8,12,44,Other,0,0.6666666666666666,-0.16666666666666663,20.0,1.0,110.0,120.0,-10.0,,1.2093048832505364,0.4750055284950274,-0.8521672945646949,-0.7051398600435392
3qk5kred,8bb506ed-8a42-41de-8b75-4b5acfac9c22,4b4a8da8-869c-4728-b134-73a625591381,18,21.0,2990.0,110.0,3.0,0.0,2,3,4b4a8da8-869c-4728-b134-73a625591381,1,0,gh,gamified,human_only,5,5,8,12,44,Other,0,0.6666666666666666,-0.16666666666666663,21.0,0.0,97.0,110.0,-13.0,13.0,1.2093048832505364,0.4750055284950274,-0.8521672945646949,-0.7051398600435392
3qk5kred,8bb506ed-8a42-41de-8b75-4b5acfac9c22,4b4a8da8-869c-4728-b134-73a625591381,19,20.0,3107.5,,,0.0,2,4,4b4a8da8-869c-4728-b134-73a625591381,1,0,gh,gamified,human_only,5,5,8,12,44,Other,0,0.6666666666666666,-0.16666666666666663,21.0,-1.0,110.0,97.0,13.0,,1.2093048832505364,0.4750055284950274,-0.8521672945646949,-0.7051398600435392
3qk5kred,8bb506ed-8a42-41de-8b75-4b5acfac9c22,4b4a8da8-869c-4728-b134-73a625591381,20,19.0,3226.5,,,0.0,2,5,4b4a8da8-869c-4728-b134-73a625591381,1,0,gh,gamified,human_only,5,5,8,12,44,Other,0,0.6666666666666666,-0.16666666666666663,20.0,-1.0,119.0,110.0,9.0,,1.2093048832505364,0.4750055284950274,-0.8521672945646949,-0.7051398600435392
3qk5kred,8bb506ed-8a42-41de-8b75-4b5acfac9c22,4b4a8da8-869c-4728-b134-73a625591381,21,19.0,3369.5,150.0,5.0,0.0,2,6,4b4a8da8-869c-4728-b134-73a625591381,1,0,gh,gamified,human_only,5,5,8,12,44,Other,0,0.6666666666666666,-0.16666666666666663,19.0,0.0,121.5,119.0,2.5,28.5,1.2093048832505364,0.4750055284950274,-0.8521672945646949,-0.7051398600435392
3qk5kred,8bb506ed-8a42-41de-8b75-4b5acfac9c22,4b4a8da8-869c-4728-b134-73a625591381,22,16.0,3735.5,,,0.0,2,7,4b4a8da8-869c-4728-b134-73a625591381,1,0,gh,gamified,human_only,5,5,8,12,44,Other,0,0.6666666666666666,-0.16666666666666663,19.0,-3.0,90.0,121.5,-31.5,,1.2093048832505364,0.4750055284950274,-0.8521672945646949,-0.7051398600435392
3qk5kred,8bb506ed-8a42-41de-8b75-4b5acfac9c22,4b4a8da8-869c-4728-b134-73a625591381,23,16.0,3799.5,,,0.0,2,8,4b4a8da8-869c-4728-b134-73a625591381,1,0,gh,gamified,human_only,5,5,8,12,44,Other,0,0.6666666666666666,-0.16666666666666663,16.0,0.0,150.0,90.0,60.0,,1.2093048832505364,0.4750055284950274,-0.8521672945646949,-0.7051398600435392
3qk5kred,8bb506ed-8a42-41de-8b75-4b5acfac9c22,4b4a8da8-869c-4728-b134-73a625591381,24,16.0,3863.5,90.0,5.0,0.0,2,9,4b4a8da8-869c-4728-b134-73a625591381,1,0,gh,gamified,human_only,5,5,8,12,44,Other,0,0.6666666666666666,-0.16666666666666663,16.0,0.0,90.0,150.0,-60.0,0.0,1.2093048832505364,0.4750055284950274,-0.8521672945646949,-0.7051398600435392
3qk5kred,8bb506ed-8a42-41de-8b75-4b5acfac9c22,4b4a8da8-869c-4728-b134-73a625591381,25,16.0,4183.5,,,0.0,2,10,4b4a8da8-869c-4728-b134-73a625591381,1,0,gh,gamified,human_only,5,5,8,12,44,Other,0,0.6666666666666666,-0.16666666666666663,16.0,0.0,90.0,90.0,0.0,,1.2093048832505364,0.4750055284950274,-0.8521672945646949,-0.7051398600435392
3qk5kred,8bb506ed-8a42-41de-8b75-4b5acfac9c22,4b4a8da8-869c-4728-b134-73a625591381,26,15.0,4396.5,,,0.0,2,11,4b4a8da8-869c-4728-b134-73a625591381,1,0,gh,gamified,human_only,5,5,8,12,44,Other,0,0.6666666666666666,-0.16666666666666663,16.0,-1.0,80.0,90.0,-10.0,,1.2093048832505364,0.4750055284950274,-0.8521672945646949,-0.7051398600435392
3qk5kred,8bb506ed-8a42-41de-8b75-4b5acfac9c22,4b4a8da8-869c-4728-b134-73a625591381,27,11.0,4836.5,70.0,4.0,0.0,2,12,4b4a8da8-869c-4728-b134-73a625591381,1,0,gh,gamified,human_only,5,5,8,12,44,Other,0,0.6666666666666666,-0.16666666666666663,15.0,-4.0,80.0,80.0,0.0,-10.0,1.2093048832505364,0.4750055284950274,-0.8521672945646949,-0.7051398600435392
3qk5kred,8bb506ed-8a42-41de-8b75-4b5acfac9c22,4b4a8da8-869c-4728-b134-73a625591381,28,9.0,4976.5,,,0.0,2,13,4b4a8da8-869c-4728-b134-73a625591381,1,0,gh,gamified,human_only,5,5,8,12,44,Other,0,0.6666666666666666,-0.16666666666666663,11.0,-2.0,70.0,80.0,-10.0,,1.2093048832505364,0.4750055284950274,-0.8521672945646949,-0.7051398600435392
3qk5kred,8bb506ed-8a42-41de-8b75-4b5acfac9c22,4b4a8da8-869c-4728-b134-73a625591381,29,9.0,5048.5,,,0.0,2,14,4b4a8da8-869c-4728-b134-73a625591381,1,0,gh,gamified,human_only,5,5,8,12,44,Other,0,0.6666666666666666,-0.16666666666666663,9.0,0.0,90.0,70.0,20.0,,1.2093048832505364,0.4750055284950274,-0.8521672945646949,-0.7051398600435392
3qk5kred,8bb506ed-8a42-41de-8b75-4b5acfac9c22,4b4a8da8-869c-4728-b134-73a625591381,30,9.0,5084.5,,,0.0,2,15,4b4a8da8-869c-4728-b134-73a625591381,1,0,gh,gamified,human_only,5,5,8,12,44,Other,0,0.6666666666666666,-0.16666666666666663,9.0,0.0,90.0,90.0,0.0,,1.2093048832505364,0.4750055284950274,-0.8521672945646949,-0.7051398600435392
7uj99w7k,85b3414c-8bbe-4c98-a006-c72e5880dae0,4b4a8da8-869c-4728-b134-73a625591381,16,14.0,3530.0,,,0.0,2,1,4b4a8da8-869c-4728-b134-73a625591381,1,0,gh,gamified,human_only,2,8,12,12,22,Male,1,1.0,-0.19999999999999996,,,120.0,,,,-1.693026836550752,1.7416869378151008,-0.9697076110563769,1.4102797200870787
7uj99w7k,85b3414c-8bbe-4c98-a006-c72e5880dae0,4b4a8da8-869c-4728-b134-73a625591381,17,13.0,3586.0,,,0.0,2,2,4b4a8da8-869c-4728-b134-73a625591381,1,0,gh,gamified,human_only,2,8,12,12,22,Male,1,1.0,-0.19999999999999996,14.0,-1.0,110.0,120.0,-10.0,,-1.693026836550752,1.7416869378151008,-0.9697076110563769,1.4102797200870787
7uj99w7k,85b3414c-8bbe-4c98-a006-c72e5880dae0,4b4a8da8-869c-4728-b134-73a625591381,18,12.0,3946.0,110.0,3.0,0.0,2,3,4b4a8da8-869c-4728-b134-73a625591381,1,0,gh,gamified,human_only,2,8,12,12,22,Male,1,1.0,-0.19999999999999996,13.0,-1.0,97.0,110.0,-13.0,13.0,-1.693026836550752,1.7416869378151008,-0.9697076110563769,1.4102797200870787
7uj99w7k,85b3414c-8bbe-4c98-a006-c72e5880dae0,4b4a8da8-869c-4728-b134-73a625591381,19,12.0,3946.0,,,0.0,2,4,4b4a8da8-869c-4728-b134-73a625591381,1,0,gh,gamified,human_only,2,8,12,12,22,Male,1,1.0,-0.19999999999999996,12.0,0.0,110.0,97.0,13.0,,-1.693026836550752,1.7416869378151008,-0.9697076110563769,1.4102797200870787
7uj99w7k,85b3414c-8bbe-4c98-a006-c72e5880dae0,4b4a8da8-869c-4728-b134-73a625591381,20,12.0,3946.0,,,0.0,2,5,4b4a8da8-869c-4728-b134-73a625591381,1,0,gh,gamified,human_only,2,8,12,12,22,Male,1,1.0,-0.19999999999999996,12.0,0.0,119.0,110.0,9.0,,-1.693026836550752,1.7416869378151008,-0.9697076110563769,1.4102797200870787
7uj99w7k,85b3414c-8bbe-4c98-a006-c72e5880dae0,4b4a8da8-869c-4728-b134-73a625591381,21,13.0,3921.0,150.0,3.0,0.0,2,6,4b4a8da8-869c-4728-b134-73a625591381,1,0,gh,gamified,human_only,2,8,12,12,22,Male,1,1.0,-0.19999999999999996,12.0,1.0,121.5,119.0,2.5,28.5,-1.693026836550752,1.7416869378151008,-0.9697076110563769,1.4102797200870787
7uj99w7k,85b3414c-8bbe-4c98-a006-c72e5880dae0,4b4a8da8-869c-4728-b134-73a625591381,22,12.0,4113.0,,,0.0,2,7,4b4a8da8-869c-4728-b134-73a625591381,1,0,gh,gamified,human_only,2,8,12,12,22,Male,1,1.0,-0.19999999999999996,13.0,-1.0,90.0,121.5,-31.5,,-1.693026836550752,1.7416869378151008,-0.9697076110563769,1.4102797200870787
7uj99w7k,85b3414c-8bbe-4c98-a006-c72e5880dae0,4b4a8da8-869c-4728-b134-73a625591381,23,14.0,3981.0,,,0.0,2,8,4b4a8da8-869c-4728-b134-73a625591381,1,0,gh,gamified,human_only,2,8,12,12,22,Male,1,1.0,-0.19999999999999996,12.0,2.0,150.0,90.0,60.0,,-1.693026836550752,1.7416869378151008,-0.9697076110563769,1.4102797200870787
7uj99w7k,85b3414c-8bbe-4c98-a006-c72e5880dae0,4b4a8da8-869c-4728-b134-73a625591381,24,14.0,4037.0,90.0,3.0,0.0,2,9,4b4a8da8-869c-4728-b134-73a625591381,1,0,gh,gamified,human_only,2,8,12,12,22,Male,1,1.0,-0.19999999999999996,14.0,0.0,90.0,150.0,-60.0,0.0,-1.693026836550752,1.7416869378151008,-0.9697076110563769,1.4102797200870787
7uj99w7k,85b3414c-8bbe-4c98-a006-c72e5880dae0,4b4a8da8-869c-4728-b134-73a625591381,25,14.0,4317.0,,,0.0,2,10,4b4a8da8-869c-4728-b134-73a625591381,1,0,gh,gamified,human_only,2,8,12,12,22,Male,1,1.0,-0.19999999999999996,14.0,0.0,90.0,90.0,0.0,,-1.693026836550752,1.7416869378151008,-0.9697076110563769,1.4102797200870787
7uj99w7k,85b3414c-8bbe-4c98-a006-c72e5880dae0,4b4a8da8-869c-4728-b134-73a625591381,26,14.0,4429.0,,,0.0,2,11,4b4a8da8-869c-4728-b134-73a625591381,1,0,gh,gamified,human_only,2,8,12,12,22,Male,1,1.0,-0.19999999999999996,14.0,0.0,80.0,90.0,-10.0,,-1.693026836550752,1.7416869378151008,-0.9697076110563769,1.4102797200870787
7uj99w7k,85b3414c-8bbe-4c98-a006-c72e5880dae0,4b4a8da8-869c-4728-b134-73a625591381,27,14.0,4541.0,70.0,4.0,0.0,2,12,4b4a8da8-869c-4728-b134-73a625591381,1,0,gh,gamified,human_only,2,8,12,12,22,Male,1,1.0,-0.19999999999999996,14.0,0.0,80.0,80.0,0.0,-10.0,-1.693026836550752,1.7416869378151008,-0.9697076110563769,1.4102797200870787
7uj99w7k,85b3414c-8bbe-4c98-a006-c72e5880dae0,4b4a8da8-869c-4728-b134-73a625591381,28,14.0,4541.0,,,0.0,2,13,4b4a8da8-869c-4728-b134-73a625591381,1,0,gh,gamified,human_only,2,8,12,12,22,Male,1,1.0,-0.19999999999999996,14.0,0.0,70.0,80.0,-10.0,,-1.693026836550752,1.7416869378151008,-0.9697076110563769,1.4102797200870787
7uj99w7k,85b3414c-8bbe-4c98-a006-c72e5880dae0,4b4a8da8-869c-4728-b134-73a625591381,29,16.0,4478.0,,,0.0,2,14,4b4a8da8-869c-4728-b134-73a625591381,1,0,gh,gamified,human_only,2,8,12,12,22,Male,1,1.0,-0.19999999999999996,14.0,2.0,90.0,70.0,20.0,,-1.693026836550752,1.7416869378151008,-0.9697076110563769,1.4102797200870787
7uj99w7k,85b3414c-8bbe-4c98-a006-c72e5880dae0,4b4a8da8-869c-4728-b134-73a625591381,30,16.0,4542.0,,,0.0,2,15,4b4a8da8-869c-4728-b134-73a625591381,1,0,gh,gamified,human_only,2,8,12,12,22,Male,1,1.0,-0.19999999999999996,16.0,0.0,90.0,90.0,0.0,,-1.693026836550752,1.7416869378151008,-0.9697076110563769,1.4102797200870787
8pfnya23,ef68c032-ed2a-4525-a107-9eafdcf6c2af,4b4a8da8-869c-4728-b134-73a625591381,16,10.0,3800.0,,,0.0,2,1,4b4a8da8-869c-4728-b134-73a625591381,1,0,gh,gamified,human_only,6,3,4,12,33,Female,0,0.3333333333333333,-0.033333333333333326,,,120.0,,,,-0.24186097665010767,-0.7916758808250457,-0.3820060285979668,-0.7051398600435392
8pfnya23,ef68c032-ed2a-4525-a107-9eafdcf6c2af,4b4a8da8-869c-4728-b134-73a625591381,17,8.0,3990.0,,,0.0,2,2,4b4a8da8-869c-4728-b134-73a625591381,1,0,gh,gamified,human_only,6,3,4,12,33,Female,0,0.3333333333333333,-0.033333333333333326,10.0,-2.0,110.0,120.0,-10.0,,-0.24186097665010767,-0.7916758808250457,-0.3820060285979668,-0.7051398600435392
8pfnya23,ef68c032-ed2a-4525-a107-9eafdcf6c2af,4b4a8da8-869c-4728-b134-73a625591381,18,8.0,4145.0,110.0,3.0,0.0,2,3,4b4a8da8-869c-4728-b134-73a625591381,1,0,gh,gamified,human_only,6,3,4,12,33,Female,0,0.3333333333333333,-0.033333333333333326,8.0,0.0,97.0,110.0,-13.0,13.0,-0.24186097665010767,-0.7916758808250457,-0.3820060285979668,-0.7051398600435392
8pfnya23,ef68c032-ed2a-4525-a107-9eafdcf6c2af,4b4a8da8-869c-4728-b134-73a625591381,19,6.0,4372.5,,,0.0,2,4,4b4a8da8-869c-4728-b134-73a625591381,1,0,gh,gamified,human_only,6,3,4,12,33,Female,0,0.3333333333333333,-0.033333333333333326,8.0,-2.0,110.0,97.0,13.0,,-0.24186097665010767,-0.7916758808250457,-0.3820060285979668,-0.7051398600435392
8pfnya23,ef68c032-ed2a-4525-a107-9eafdcf6c2af,4b4a8da8-869c-4728-b134-73a625591381,20,6.0,4372.5,,,0.0,2,5,4b4a8da8-869c-4728-b134-73a625591381,1,0,gh,gamified,human_only,6,3,4,12,33,Female,0,0.3333333333333333,-0.033333333333333326,6.0,0.0,119.0,110.0,9.0,,-0.24186097665010767,-0.7916758808250457,-0.3820060285979668,-0.7051398600435392
8pfnya23,ef68c032-ed2a-4525-a107-9eafdcf6c2af,4b4a8da8-869c-4728-b134-73a625591381,21,4.0,4650.5,150.0,3.0,0.0,2,6,4b4a8da8-869c-4728-b134-73a625591381,1,0,gh,gamified,human_only,6,3,4,12,33,Female,0,0.3333333333333333,-0.033333333333333326,6.0,-2.0,121.5,119.0,2.5,28.5,-0.24186097665010767,-0.7916758808250457,-0.3820060285979668,-0.7051398600435392
8pfnya23,ef68c032-ed2a-4525-a107-9eafdcf6c2af,4b4a8da8-869c-4728-b134-73a625591381,22,5.0,4526.5,,,0.0,2,7,4b4a8da8-869c-4728-b134-73a625591381,1,0,gh,gamified,human_only,6,3,4,12,33,Female,0,0.3333333333333333,-0.033333333333333326,4.0,1.0,90.0,121.5,-31.5,,-0.24186097665010767,-0.7916758808250457,-0.3820060285979668,-0.7051398600435392
8pfnya23,ef68c032-ed2a-4525-a107-9eafdcf6c2af,4b4a8da8-869c-4728-b134-73a625591381,23,5.0,4546.5,,,0.0,2,8,4b4a8da8-869c-4728-b134-73a625591381,1,0,gh,gamified,human_only,6,3,4,12,33,Female,0,0.3333333333333333,-0.033333333333333326,5.0,0.0,150.0,90.0,60.0,,-0.24186097665010767,-0.7916758808250457,-0.3820060285979668,-0.7051398600435392
8pfnya23,ef68c032-ed2a-4525-a107-9eafdcf6c2af,4b4a8da8-869c-4728-b134-73a625591381,24,8.0,4296.5,90.0,5.0,0.0,2,9,4b4a8da8-869c-4728-b134-73a625591381,1,0,gh,gamified,human_only,6,3,4,12,33,Female,0,0.3333333333333333,-0.033333333333333326,5.0,3.0,90.0,150.0,-60.0,0.0,-0.24186097665010767,-0.7916758808250457,-0.3820060285979668,-0.7051398600435392
8pfnya23,ef68c032-ed2a-4525-a107-9eafdcf6c2af,4b4a8da8-869c-4728-b134-73a625591381,25,8.0,4456.5,,,0.0,2,10,4b4a8da8-869c-4728-b134-73a625591381,1,0,gh,gamified,human_only,6,3,4,12,33,Female,0,0.3333333333333333,-0.033333333333333326,8.0,0.0,90.0,90.0,0.0,,-0.24186097665010767,-0.7916758808250457,-0.3820060285979668,-0.7051398600435392
8pfnya23,ef68c032-ed2a-4525-a107-9eafdcf6c2af,4b4a8da8-869c-4728-b134-73a625591381,26,5.0,4775.5,,,0.0,2,11,4b4a8da8-869c-4728-b134-73a625591381,1,0,gh,gamified,human_only,6,3,4,12,33,Female,0,0.3333333333333333,-0.033333333333333326,8.0,-3.0,80.0,90.0,-10.0,,-0.24186097665010767,-0.7916758808250457,-0.3820060285979668,-0.7051398600435392
8pfnya23,ef68c032-ed2a-4525-a107-9eafdcf6c2af,4b4a8da8-869c-4728-b134-73a625591381,27,5.0,4815.5,70.0,5.0,0.0,2,12,4b4a8da8-869c-4728-b134-73a625591381,1,0,gh,gamified,human_only,6,3,4,12,33,Female,0,0.3333333333333333,-0.033333333333333326,5.0,0.0,80.0,80.0,0.0,-10.0,-0.24186097665010767,-0.7916758808250457,-0.3820060285979668,-0.7051398600435392
8pfnya23,ef68c032-ed2a-4525-a107-9eafdcf6c2af,4b4a8da8-869c-4728-b134-73a625591381,28,3.0,4955.5,,,0.0,2,13,4b4a8da8-869c-4728-b134-73a625591381,1,0,gh,gamified,human_only,6,3,4,12,33,Female,0,0.3333333333333333,-0.033333333333333326,5.0,-2.0,70.0,80.0,-10.0,,-0.24186097665010767,-0.7916758808250457,-0.3820060285979668,-0.7051398600435392
8pfnya23,ef68c032-ed2a-4525-a107-9eafdcf6c2af,4b4a8da8-869c-4728-b134-73a625591381,29,3.0,4979.5,,,0.0,2,14,4b4a8da8-869c-4728-b134-73a625591381,1,0,gh,gamified,human_only,6,3,4,12,33,Female,0,0.3333333333333333,-0.033333333333333326,3.0,0.0,90.0,70.0,20.0,,-0.24186097665010767,-0.7916758808250457,-0.3820060285979668,-0.7051398600435392
8pfnya23,ef68c032-ed2a-4525-a107-9eafdcf6c2af,4b4a8da8-869c-4728-b134-73a625591381,30,4.0,4921.5,,,0.0,2,15,4b4a8da8-869c-4728-b134-73a625591381,1,0,gh,gamified,human_only,6,3,4,12,33,Female,0,0.3333333333333333,-0.033333333333333326,3.0,1.0,90.0,90.0,0.0,,-0.24186097665010767,-0.7916758808250457,-0.3820060285979668,-0.7051398600435392
ggq5fqn1,bf08b76d-0785-4351-9789-c7344cb9375a,4b4a8da8-869c-4728-b134-73a625591381,16,19.0,2680.0,,,0.0,2,1,4b4a8da8-869c-4728-b134-73a625591381,1,0,gh,gamified,human_only,1,8,8,12,33,Female,1,0.6666666666666666,0.13333333333333341,,,120.0,,,,-0.24186097665010767,0.4750055284950274,0.2056955538604438,1.4102797200870787
ggq5fqn1,bf08b76d-0785-4351-9789-c7344cb9375a,4b4a8da8-869c-4728-b134-73a625591381,17,20.0,2716.0,,,0.0,2,2,4b4a8da8-869c-4728-b134-73a625591381,1,0,gh,gamified,human_only,1,8,8,12,33,Female,1,0.6666666666666666,0.13333333333333341,19.0,1.0,110.0,120.0,-10.0,,-0.24186097665010767,0.4750055284950274,0.2056955538604438,1.4102797200870787
ggq5fqn1,bf08b76d-0785-4351-9789-c7344cb9375a,4b4a8da8-869c-4728-b134-73a625591381,18,23.0,2829.0,110.0,4.0,0.0,2,3,4b4a8da8-869c-4728-b134-73a625591381,1,0,gh,gamified,human_only,1,8,8,12,33,Female,1,0.6666666666666666,0.13333333333333341,20.0,3.0,97.0,110.0,-13.0,13.0,-0.24186097665010767,0.4750055284950274,0.2056955538604438,1.4102797200870787
ggq5fqn1,bf08b76d-0785-4351-9789-c7344cb9375a,4b4a8da8-869c-4728-b134-73a625591381,19,28.0,2264.75,,,0.0,2,4,4b4a8da8-869c-4728-b134-73a625591381,1,0,gh,gamified,human_only,1,8,8,12,33,Female,1,0.6666666666666666,0.13333333333333341,23.0,5.0,110.0,97.0,13.0,,-0.24186097665010767,0.4750055284950274,0.2056955538604438,1.4102797200870787
ggq5fqn1,bf08b76d-0785-4351-9789-c7344cb9375a,4b4a8da8-869c-4728-b134-73a625591381,20,34.0,2038.25,,,0.0,2,5,4b4a8da8-869c-4728-b134-73a625591381,1,0,gh,gamified,human_only,1,8,8,12,33,Female,1,0.6666666666666666,0.13333333333333341,28.0,6.0,119.0,110.0,9.0,,-0.24186097665010767,0.4750055284950274,0.2056955538604438,1.4102797200870787
ggq5fqn1,bf08b76d-0785-4351-9789-c7344cb9375a,4b4a8da8-869c-4728-b134-73a625591381,21,30.0,2331.75,150.0,5.0,0.0,2,6,4b4a8da8-869c-4728-b134-73a625591381,1,0,gh,gamified,human_only,1,8,8,12,33,Female,1,0.6666666666666666,0.13333333333333341,34.0,-4.0,121.5,119.0,2.5,28.5,-0.24186097665010767,0.4750055284950274,0.2056955538604438,1.4102797200870787
ggq5fqn1,bf08b76d-0785-4351-9789-c7344cb9375a,4b4a8da8-869c-4728-b134-73a625591381,22,31.0,2331.75,,,0.0,2,7,4b4a8da8-869c-4728-b134-73a625591381,1,0,gh,gamified,human_only,1,8,8,12,33,Female,1,0.6666666666666666,0.13333333333333341,30.0,1.0,90.0,121.5,-31.5,,-0.24186097665010767,0.4750055284950274,0.2056955538604438,1.4102797200870787
ggq5fqn1,bf08b76d-0785-4351-9789-c7344cb9375a,4b4a8da8-869c-4728-b134-73a625591381,23,31.0,2455.75,,,0.0,2,8,4b4a8da8-869c-4728-b134-73a625591381,1,0,gh,gamified,human_only,1,8,8,12,33,Female,1,0.6666666666666666,0.13333333333333341,31.0,0.0,150.0,90.0,60.0,,-0.24186097665010767,0.4750055284950274,0.2056955538604438,1.4102797200870787
ggq5fqn1,bf08b76d-0785-4351-9789-c7344cb9375a,4b4a8da8-869c-4728-b134-73a625591381,24,32.0,2749.75,90.0,5.0,0.0,2,9,4b4a8da8-869c-4728-b134-73a625591381,1,0,gh,gamified,human_only,1,8,8,12,33,Female,1,0.6666666666666666,0.13333333333333341,31.0,1.0,90.0,150.0,-60.0,0.0,-0.24186097665010767,0.4750055284950274,0.2056955538604438,1.4102797200870787
ggq5fqn1,bf08b76d-0785-4351-9789-c7344cb9375a,4b4a8da8-869c-4728-b134-73a625591381,25,29.0,3389.75,,,0.0,2,10,4b4a8da8-869c-4728-b134-73a625591381,1,0,gh,gamified,human_only,1,8,8,12,33,Female,1,0.6666666666666666,0.13333333333333341,32.0,-3.0,90.0,90.0,0.0,,-0.24186097665010767,0.4750055284950274,0.2056955538604438,1.4102797200870787
ggq5fqn1,bf08b76d-0785-4351-9789-c7344cb9375a,4b4a8da8-869c-4728-b134-73a625591381,26,33.0,3281.75,,,0.0,2,11,4b4a8da8-869c-4728-b134-73a625591381,1,0,gh,gamified,human_only,1,8,8,12,33,Female,1,0.6666666666666666,0.13333333333333341,29.0,4.0,80.0,90.0,-10.0,,-0.24186097665010767,0.4750055284950274,0.2056955538604438,1.4102797200870787
ggq5fqn1,bf08b76d-0785-4351-9789-c7344cb9375a,4b4a8da8-869c-4728-b134-73a625591381,27,30.0,3792.0,70.0,5.0,0.0,2,12,4b4a8da8-869c-4728-b134-73a625591381,1,0,gh,gamified,human_only,1,8,8,12,33,Female,1,0.6666666666666666,0.13333333333333341,33.0,-3.0,80.0,80.0,0.0,-10.0,-0.24186097665010767,0.4750055284950274,0.2056955538604438,1.4102797200870787
ggq5fqn1,bf08b76d-0785-4351-9789-c7344cb9375a,4b4a8da8-869c-4728-b134-73a625591381,28,33.0,3582.0,,,0.0,2,13,4b4a8da8-869c-4728-b134-73a625591381,1,0,gh,gamified,human_only,1,8,8,12,33,Female,1,0.6666666666666666,0.13333333333333341,30.0,3.0,70.0,80.0,-10.0,,-0.24186097665010767,0.4750055284950274,0.2056955538604438,1.4102797200870787
ggq5fqn1,bf08b76d-0785-4351-9789-c7344cb9375a,4b4a8da8-869c-4728-b134-73a625591381,29,32.0,3936.0,,,0.0,2,14,4b4a8da8-869c-4728-b134-73a625591381,1,0,gh,gamified,human_only,1,8,8,12,33,Female,1,0.6666666666666666,0.13333333333333341,33.0,-1.0,90.0,70.0,20.0,,-0.24186097665010767,0.4750055284950274,0.2056955538604438,1.4102797200870787
ggq5fqn1,bf08b76d-0785-4351-9789-c7344cb9375a,4b4a8da8-869c-4728-b134-73a625591381,30,31.0,4154.0,,,0.0,2,15,4b4a8da8-869c-4728-b134-73a625591381,1,0,gh,gamified,human_only,1,8,8,12,33,Female,1,0.6666666666666666,0.13333333333333341,32.0,-1.0,90.0,90.0,0.0,,-0.24186097665010767,0.4750055284950274,0.2056955538604438,1.4102797200870787
pno5o92p,c3619141-e85c-4152-af1b-0962388180c5,4b4a8da8-869c-4728-b134-73a625591381,16,9.0,3920.0,,,0.0,2,1,4b4a8da8-869c-4728-b134-73a625591381,1,0,gh,gamified,human_only,4,9,3,12,44,Female,0,0.25,0.65,,,120.0,,,,1.2093048832505364,-1.108346233155064,2.0275704594815154,-0.7051398600435392
pno5o92p,c3619141-e85c-4152-af1b-0962388180c5,4b4a8da8-869c-4728-b134-73a625591381,17,9.0,3956.0,,,0.0,2,2,4b4a8da8-869c-4728-b134-73a625591381,1,0,gh,gamified,human_only,4,9,3,12,44,Female,0,0.25,0.65,9.0,0.0,110.0,120.0,-10.0,,1.2093048832505364,-1.108346233155064,2.0275704594815154,-0.7051398600435392
pno5o92p,c3619141-e85c-4152-af1b-0962388180c5,4b4a8da8-869c-4728-b134-73a625591381,18,7.0,4328.0,110.0,5.0,0.0,2,3,4b4a8da8-869c-4728-b134-73a625591381,1,0,gh,gamified,human_only,4,9,3,12,44,Female,0,0.25,0.65,9.0,-2.0,97.0,110.0,-13.0,13.0,1.2093048832505364,-1.108346233155064,2.0275704594815154,-0.7051398600435392
pno5o92p,c3619141-e85c-4152-af1b-0962388180c5,4b4a8da8-869c-4728-b134-73a625591381,19,5.0,4547.25,,,0.0,2,4,4b4a8da8-869c-4728-b134-73a625591381,1,0,gh,gamified,human_only,4,9,3,12,44,Female,0,0.25,0.65,7.0,-2.0,110.0,97.0,13.0,,1.2093048832505364,-1.108346233155064,2.0275704594815154,-0.7051398600435392
pno5o92p,c3619141-e85c-4152-af1b-0962388180c5,4b4a8da8-869c-4728-b134-73a625591381,20,4.0,4654.75,,,0.0,2,5,4b4a8da8-869c-4728-b134-73a625591381,1,0,gh,gamified,human_only,4,9,3,12,44,Female,0,0.25,0.65,5.0,-1.0,119.0,110.0,9.0,,1.2093048832505364,-1.108346233155064,2.0275704594815154,-0.7051398600435392
pno5o92p,c3619141-e85c-4152-af1b-0962388180c5,4b4a8da8-869c-4728-b134-73a625591381,21,7.0,4326.25,150.0,3.0,0.0,2,6,4b4a8da8-869c-4728-b134-73a625591381,1,0,gh,gamified,human_only,4,9,3,12,44,Female,0,0.25,0.65,4.0,3.0,121.5,119.0,2.5,28.5,1.2093048832505364,-1.108346233155064,2.0275704594815154,-0.7051398600435392
pno5o92p,c3619141-e85c-4152-af1b-0962388180c5,4b4a8da8-869c-4728-b134-73a625591381,22,9.0,4114.25,,,0.0,2,7,4b4a8da8-869c-4728-b134-73a625591381,1,0,gh,gamified,human_only,4,9,3,12,44,Female,0,0.25,0.65,7.0,2.0,90.0,121.5,-31.5,,1.2093048832505364,-1.108346233155064,2.0275704594815154,-0.7051398600435392
pno5o92p,c3619141-e85c-4152-af1b-0962388180c5,4b4a8da8-869c-4728-b134-73a625591381,23,9.0,4150.25,,,0.0,2,8,4b4a8da8-869c-4728-b134-73a625591381,1,0,gh,gamified,human_only,4,9,3,12,44,Female,0,0.25,0.65,9.0,0.0,150.0,90.0,60.0,,1.2093048832505364,-1.108346233155064,2.0275704594815154,-0.7051398600435392
pno5o92p,c3619141-e85c-4152-af1b-0962388180c5,4b4a8da8-869c-4728-b134-73a625591381,24,9.0,4166.25,90.0,3.0,0.0,2,9,4b4a8da8-869c-4728-b134-73a625591381,1,0,gh,gamified,human_only,4,9,3,12,44,Female,0,0.25,0.65,9.0,0.0,90.0,150.0,-60.0,0.0,1.2093048832505364,-1.108346233155064,2.0275704594815154,-0.7051398600435392
pno5o92p,c3619141-e85c-4152-af1b-0962388180c5,4b4a8da8-869c-4728-b134-73a625591381,25,9.0,4346.25,,,0.0,2,10,4b4a8da8-869c-4728-b134-73a625591381,1,0,gh,gamified,human_only,4,9,3,12,44,Female,0,0.25,0.65,9.0,0.0,90.0,90.0,0.0,,1.2093048832505364,-1.108346233155064,2.0275704594815154,-0.7051398600435392
pno5o92p,c3619141-e85c-4152-af1b-0962388180c5,4b4a8da8-869c-4728-b134-73a625591381,26,6.0,4658.25,,,0.0,2,11,4b4a8da8-869c-4728-b134-73a625591381,1,0,gh,gamified,human_only,4,9,3,12,44,Female,0,0.25,0.65,9.0,-3.0,80.0,90.0,-10.0,,1.2093048832505364,-1.108346233155064,2.0275704594815154,-0.7051398600435392
pno5o92p,c3619141-e85c-4152-af1b-0962388180c5,4b4a8da8-869c-4728-b134-73a625591381,27,9.0,4460.0,70.0,5.0,0.0,2,12,4b4a8da8-869c-4728-b134-73a625591381,1,0,gh,gamified,human_only,4,9,3,12,44,Female,0,0.25,0.65,6.0,3.0,80.0,80.0,0.0,-10.0,1.2093048832505364,-1.108346233155064,2.0275704594815154,-0.7051398600435392
pno5o92p,c3619141-e85c-4152-af1b-0962388180c5,4b4a8da8-869c-4728-b134-73a625591381,28,8.0,4530.0,,,0.0,2,13,4b4a8da8-869c-4728-b134-73a625591381,1,0,gh,gamified,human_only,4,9,3,12,44,Female,0,0.25,0.65,9.0,-1.0,70.0,80.0,-10.0,,1.2093048832505364,-1.108346233155064,2.0275704594815154,-0.7051398600435392
pno5o92p,c3619141-e85c-4152-af1b-0962388180c5,4b4a8da8-869c-4728-b134-73a625591381,29,8.0,4594.0,,,0.0,2,14,4b4a8da8-869c-4728-b134-73a625591381,1,0,gh,gamified,human_only,4,9,3,12,44,Female,0,0.25,0.65,8.0,0.0,90.0,70.0,20.0,,1.2093048832505364,-1.108346233155064,2.0275704594815154,-0.7051398600435392
pno5o92p,c3619141-e85c-4152-af1b-0962388180c5,4b4a8da8-869c-4728-b134-73a625591381,30,8.0,4626.0,,,0.0,2,15,4b4a8da8-869c-4728-b134-73a625591381,1,0,gh,gamified,human_only,4,9,3,12,44,Female,0,0.25,0.65,8.0,0.0,90.0,90.0,0.0,,1.2093048832505364,-1.108346233155064,2.0275704594815154,-0.7051398600435392
rhxwy9vc,0b1fd85d-6b54-4fb2-ac91-6faa29df8fe8,4b4a8da8-869c-4728-b134-73a625591381,16,19.0,2670.0,,,0.0,2,1,4b4a8da8-869c-4728-b134-73a625591381,1,0,gh,gamified,human_only,3,4,4,12,33,Male,0,0.3333333333333333,0.06666666666666671,,,120.0,,,,-0.24186097665010767,-0.7916758808250457,-0.02938507912292046,-0.7051398600435392
rhxwy9vc,0b1fd85d-6b54-4fb2-ac91-6faa29df8fe8,4b4a8da8-869c-4728-b134-73a625591381,17,20.0,2746.0,,,0.0,2,2,4b4a8da8-869c-4728-b134-73a625591381,1,0,gh,gamified,human_only,3,4,4,12,33,Male,0,0.3333333333333333,0.06666666666666671,19.0,1.0,110.0,120.0,-10.0,,-0.24186097665010767,-0.7916758808250457,-0.02938507912292046,-0.7051398600435392
rhxwy9vc,0b1fd85d-6b54-4fb2-ac91-6faa29df8fe8,4b4a8da8-869c-4728-b134-73a625591381,18,19.0,3146.0,110.0,3.0,0.0,2,3,4b4a8da8-869c-4728-b134-73a625591381,1,0,gh,gamified,human_only,3,4,4,12,33,Male,0,0.3333333333333333,0.06666666666666671,20.0,-1.0,97.0,110.0,-13.0,13.0,-0.24186097665010767,-0.7916758808250457,-0.02938507912292046,-0.7051398600435392
rhxwy9vc,0b1fd85d-6b54-4fb2-ac91-6faa29df8fe8,4b4a8da8-869c-4728-b134-73a625591381,19,19.0,3146.0,,,0.0,2,4,4b4a8da8-869c-4728-b134-73a625591381,1,0,gh,gamified,human_only,3,4,4,12,33,Male,0,0.3333333333333333,0.06666666666666671,19.0,0.0,110.0,97.0,13.0,,-0.24186097665010767,-0.7916758808250457,-0.02938507912292046,-0.7051398600435392
rhxwy9vc,0b1fd85d-6b54-4fb2-ac91-6faa29df8fe8,4b4a8da8-869c-4728-b134-73a625591381,20,19.0,3146.0,,,0.0,2,5,4b4a8da8-869c-4728-b134-73a625591381,1,0,gh,gamified,human_only,3,4,4,12,33,Male,0,0.3333333333333333,0.06666666666666671,19.0,0.0,119.0,110.0,9.0,,-0.24186097665010767,-0.7916758808250457,-0.02938507912292046,-0.7051398600435392
rhxwy9vc,0b1fd85d-6b54-4fb2-ac91-6faa29df8fe8,4b4a8da8-869c-4728-b134-73a625591381,21,17.0,3537.0,150.0,2.0,0.0,2,6,4b4a8da8-869c-4728-b134-73a625591381,1,0,gh,gamified,human_only,3,4,4,12,33,Male,0,0.3333333333333333,0.06666666666666671,19.0,-2.0,121.5,119.0,2.5,28.5,-0.24186097665010767,-0.7916758808250457,-0.02938507912292046,-0.7051398600435392
rhxwy9vc,0b1fd85d-6b54-4fb2-ac91-6faa29df8fe8,4b4a8da8-869c-4728-b134-73a625591381,22,17.0,3675.0,,,0.0,2,7,4b4a8da8-869c-4728-b134-73a625591381,1,0,gh,gamified,human_only,3,4,4,12,33,Male,0,0.3333333333333333,0.06666666666666671,17.0,0.0,90.0,121.5,-31.5,,-0.24186097665010767,-0.7916758808250457,-0.02938507912292046,-0.7051398600435392
rhxwy9vc,0b1fd85d-6b54-4fb2-ac91-6faa29df8fe8,4b4a8da8-869c-4728-b134-73a625591381,23,19.0,3923.0,,,0.0,2,8,4b4a8da8-869c-4728-b134-73a625591381,1,0,gh,gamified,human_only,3,4,4,12,33,Male,0,0.3333333333333333,0.06666666666666671,17.0,2.0,150.0,90.0,60.0,,-0.24186097665010767,-0.7916758808250457,-0.02938507912292046,-0.7051398600435392
rhxwy9vc,0b1fd85d-6b54-4fb2-ac91-6faa29df8fe8,4b4a8da8-869c-4728-b134-73a625591381,24,14.0,4119.0,90.0,5.0,0.0,2,9,4b4a8da8-869c-4728-b134-73a625591381,1,0,gh,gamified,human_only,3,4,4,12,33,Male,0,0.3333333333333333,0.06666666666666671,19.0,-5.0,90.0,150.0,-60.0,0.0,-0.24186097665010767,-0.7916758808250457,-0.02938507912292046,-0.7051398600435392
rhxwy9vc,0b1fd85d-6b54-4fb2-ac91-6faa29df8fe8,4b4a8da8-869c-4728-b134-73a625591381,25,14.0,4399.0,,,0.0,2,10,4b4a8da8-869c-4728-b134-73a625591381,1,0,gh,gamified,human_only,3,4,4,12,33,Male,0,0.3333333333333333,0.06666666666666671,14.0,0.0,90.0,90.0,0.0,,-0.24186097665010767,-0.7916758808250457,-0.02938507912292046,-0.7051398600435392
rhxwy9vc,0b1fd85d-6b54-4fb2-ac91-6faa29df8fe8,4b4a8da8-869c-4728-b134-73a625591381,26,17.0,4271.0,,,0.0,2,11,4b4a8da8-869c-4728-b134-73a625591381,1,0,gh,gamified,human_only,3,4,4,12,33,Male,0,0.3333333333333333,0.06666666666666671,14.0,3.0,80.0,90.0,-10.0,,-0.24186097665010767,-0.7916758808250457,-0.02938507912292046,-0.7051398600435392
rhxwy9vc,0b1fd85d-6b54-4fb2-ac91-6faa29df8fe8,4b4a8da8-869c-4728-b134-73a625591381,27,22.0,4087.0,70.0,4.0,0.0,2,12,4b4a8da8-869c-4728-b134-73a625591381,1,0,gh,gamified,human_only,3,4,4,12,33,Male,0,0.3333333333333333,0.06666666666666671,17.0,5.0,80.0,80.0,0.0,-10.0,-0.24186097665010767,-0.7916758808250457,-0.02938507912292046,-0.7051398600435392
rhxwy9vc,0b1fd85d-6b54-4fb2-ac91-6faa29df8fe8,4b4a8da8-869c-4728-b134-73a625591381,28,23.0,3947.0,,,0.0,2,13,4b4a8da8-869c-4728-b134-73a625591381,1,0,gh,gamified,human_only,3,4,4,12,33,Male,0,0.3333333333333333,0.06666666666666671,22.0,1.0,70.0,80.0,-10.0,,-0.24186097665010767,-0.7916758808250457,-0.02938507912292046,-0.7051398600435392
rhxwy9vc,0b1fd85d-6b54-4fb2-ac91-6faa29df8fe8,4b4a8da8-869c-4728-b134-73a625591381,29,22.0,4216.0,,,0.0,2,14,4b4a8da8-869c-4728-b134-73a625591381,1,0,gh,gamified,human_only,3,4,4,12,33,Male,0,0.3333333333333333,0.06666666666666671,23.0,-1.0,90.0,70.0,20.0,,-0.24186097665010767,-0.7916758808250457,-0.02938507912292046,-0.7051398600435392
rhxwy9vc,0b1fd85d-6b54-4fb2-ac91-6faa29df8fe8,4b4a8da8-869c-4728-b134-73a625591381,30,22.0,4284.0,,,0.0,2,15,4b4a8da8-869c-4728-b134-73a625591381,1,0,gh,gamified,human_only,3,4,4,12,33,Male,0,0.3333333333333333,0.06666666666666671,22.0,0.0,90.0,90.0,0.0,,-0.24186097665010767,-0.7916758808250457,-0.02938507912292046,-0.7051398600435392
