trading_session_uuid,is_simulated,market_number,trading_day,event_seq,event_ts,record_kind,event_type,side,aggressor_side,order_id,trader_uuid,price,size,size_delta,size_resting_after,queue_position,queue_size,status_after,match_id,contra_order_id,bid_order_id,ask_order_id,bid_trader_uuid,ask_trader_uuid,source_created_ts,fundamental_value,market_id,treatment,market_design,group_composition,gamified,hybrid,repetition
4397451b-fa5f-4b8f-b86e-278d272e1d68,0,1,2,7,2026-03-12 21:26:45.274072+00:00,trade,trade,ask,S,,,100.0,1.0,,,,,,3a45232e-7f75-4321-a901-9a6e3408ef30,,5f09caef-ad61-477d-84dc-a4f8755a7305,f22d9142-597c-44a8-bbb3-de30360fc226,4c38c903-37b1-4f90-bf9a-1978f7df9fd0,914e1fc2-9d3c-4503-8f28-e329d90df453,1773350805.295226,112,4397451b-fa5f-4b8f-b86e-278d272e1d68,gh,gamified,human_only,1,0,1
4397451b-fa5f-4b8f-b86e-278d272e1d68,0,1,2,11,2026-03-12 21:27:08.403486+00:00,trade,trade,bid,B,,,110.0,1.0,,,,,,ae8a8761-13d2-4ef2-adb5-32c3164e52c1,,09d0c364-8b7e-478e-95c9-2c33c7dfe423,5c48cb72-a580-4327-8eab-e0a7c8e93f4c,e5700b75-5d29-45d7-bafa-2e801b0e9e82,77bebd92-5e1a-445f-b2d1-79138b8028c0,1773350828.419923,112,4397451b-fa5f-4b8f-b86e-278d272e1d68,gh,gamified,human_only,1,0,1
4397451b-fa5f-4b8f-b86e-278d272e1d68,0,1,3,14,2026-03-12 21:28:03.519514+00:00,trade,trade,ask,S,,,100.0,1.0,,,,,,c91d06ac-b635-4b52-8f60-ec934bf40d17,,dfa16d5d-e53f-4055-8b18-13a9af2a0de9,9245918d-b08f-47e9-b177-b727baf8a05a,817c3405-e3a7-4f12-b0aa-18682cc45403,8ec5d82c-c27e-40ec-8f69-fe61237f5412,1773350883.552687,104,4397451b-fa5f-4b8f-b86e-278d272e1d68,gh,gamified,human_only,1,0,1
4397451b-fa5f-4b8f-b86e-278d272e1d68,0,1,3,18,2026-03-12 21:28:27.293401+00:00,trade,trade,ask,S,,,70.0,1.0,,,,,,7d54e141-2c0f-450f-9bca-e6c7b5d4d0ac,,e46826c0-cd7f-491a-b495-504d1893ebd8,ebd497b0-a178-475c-9a89-dbe5cf9e5a1f,77bebd92-5e1a-445f-b2d1-79138b8028c0,e5700b75-5d29-45d7-bafa-2e801b0e9e82,1773350907.310252,104,4397451b-fa5f-4b8f-b86e-278d272e1d68,gh,gamified,human_only,1,0,1
4397451b-fa5f-4b8f-b86e-278d272e1d68,0,1,4,22,2026-03-12 21:29:39.609567+00:00,trade,trade,bid,B,,,100.0,1.0,,,,,,86fa4ebb-890d-487e-bbb5-e314b5d8166e,,c1497994-80f3-4e07-9945-2fa3e5c84d12,a054f4c8-b947-41bd-8826-f51b13f9272c,914e1fc2-9d3c-4503-8f28-e329d90df453,8ec5d82c-c27e-40ec-8f69-fe61237f5412,1773350979.712124,96,4397451b-fa5f-4b8f-b86e-278d272e1d68,gh,gamified,human_only,1,0,1
4397451b-fa5f-4b8f-b86e-278d272e1d68,0,1,4,28,2026-03-12 21:29:58.929572+00:00,trade,trade,bid,B,,,100.0,1.0,,,,,,7dbe4b3f-30a0-4be6-bd7b-4d0fc954ee7b,,9d43a707-cb89-48e2-a0b1-ddeb3f2107c2,3dac183c-2a42-48cf-bd07-fe7f0d19ac9d,817c3405-e3a7-4f12-b0aa-18682cc45403,8ec5d82c-c27e-40ec-8f69-fe61237f5412,1773350998.94681,96,4397451b-fa5f-4b8f-b86e-278d272e1d68,gh,gamified,human_only,1,0,1
4397451b-fa5f-4b8f-b86e-278d272e1d68,0,1,4,31,2026-03-12 21:30:03.474844+00:00,trade,trade,bid,B,,,100.0,1.0,,,,,,d21bd360-95f7-418c-8b08-1b945a6ea3ed,,33a88f31-9bcc-4916-9d97-88fce5f74fa9,03e04eec-7cbb-40ab-9dfe-9318b3ed52f0,e5700b75-5d29-45d7-bafa-2e801b0e9e82,8ec5d82c-c27e-40ec-8f69-fe61237f5412,1773351004.107693,96,4397451b-fa5f-4b8f-b86e-278d272e1d68,gh,gamified,human_only,1,0,1
4397451b-fa5f-4b8f-b86e-278d272e1d68,0,1,5,38,2026-03-12 21:31:16.115627+00:00,trade,trade,bid,B,,,110.0,1.0,,,,,,1b0a97e0-1ee5-4c38-8e93-4da386464059,,25b51f02-8da3-482b-a66b-a47fa7d7637a,527b68da-4d49-4489-a997-b4b6ed6831da,817c3405-e3a7-4f12-b0aa-18682cc45403,77bebd92-5e1a-445f-b2d1-79138b8028c0,1773351076.132902,88,4397451b-fa5f-4b8f-b86e-278d272e1d68,gh,gamified,human_only,1,0,1
4397451b-fa5f-4b8f-b86e-278d272e1d68,0,1,6,41,2026-03-12 21:31:28.962171+00:00,trade,trade,bid,B,,,110.0,1.0,,,,,,25d0c215-fa61-4a1d-8e60-10290b9fea0c,,ce2a2d99-7d0c-4eb3-9eef-234686ffbb3a,7efa5962-6d45-46e5-aaa9-a2d109c16c74,8ec5d82c-c27e-40ec-8f69-fe61237f5412,77bebd92-5e1a-445f-b2d1-79138b8028c0,1773351088.980134,80,4397451b-fa5f-4b8f-b86e-278d272e1d68,gh,gamified,human_only,1,0,1
4397451b-fa5f-4b8f-b86e-278d272e1d68,0,1,6,44,2026-03-12 21:31:39.026179+00:00,trade,trade,bid,B,,,110.0,1.0,,,,,,a188263d-924e-448c-bfa0-2b38b641db06,,28cab58f-1721-42d9-82f9-fbd31058e12d,0c703763-7f97-4ca8-a6d7-9f0becb3787b,8ec5d82c-c27e-40ec-8f69-fe61237f5412,77bebd92-5e1a-445f-b2d1-79138b8028c0,1773351099.043917,80,4397451b-fa5f-4b8f-b86e-278d272e1d68,gh,gamified,human_only,1,0,1
4397451b-fa5f-4b8f-b86e-278d272e1d68,0,1,6,50,2026-03-12 21:32:40.259396+00:00,trade,trade,ask,S,,,110.0,1.0,,,,,,9d3190dd-4211-448d-b820-580b68ad169b,,02153a20-d8aa-46c1-949d-52258e4ed811,eec38280-1cbe-41fe-b8f6-c165559a893e,4c38c903-37b1-4f90-bf9a-1978f7df9fd0,8ec5d82c-c27e-40ec-8f69-fe61237f5412,1773351160.277087,80,4397451b-fa5f-4b8f-b86e-278d272e1d68,gh,gamified,human_only,1,0,1
4397451b-fa5f-4b8f-b86e-278d272e1d68,0,1,7,56,2026-03-12 21:33:58.896658+00:00,trade,trade,bid,B,,,110.0,1.0,,,,,,e063af07-9899-48c9-96c6-100759b6c46f,,19d3ef0e-b2c8-407a-b28c-7f4bcadac900,5de09ecb-c0f3-4149-8ef6-3e18c6235994,77bebd92-5e1a-445f-b2d1-79138b8028c0,8ec5d82c-c27e-40ec-8f69-fe61237f5412,1773351238.914505,72,4397451b-fa5f-4b8f-b86e-278d272e1d68,gh,gamified,human_only,1,0,1
4397451b-fa5f-4b8f-b86e-278d272e1d68,0,1,7,59,2026-03-12 21:34:05.153267+00:00,trade,trade,bid,B,,,120.0,1.0,,,,,,4ff0952f-92fd-4975-8f39-37cb83c113ba,,5cfeb528-97d3-406f-86d0-9c9346ed5667,6d4dffc8-b48e-457a-9eb2-7512904f0e5b,77bebd92-5e1a-445f-b2d1-79138b8028c0,8ec5d82c-c27e-40ec-8f69-fe61237f5412,1773351245.170475,72,4397451b-fa5f-4b8f-b86e-278d272e1d68,gh,gamified,human_only,1,0,1
4397451b-fa5f-4b8f-b86e-278d272e1d68,0,1,8,67,2026-03-12 21:35:24.968112+00:00,trade,trade,bid,B,,,120.0,1.0,,,,,,60fa3c3e-2db4-4bd3-a8cf-3fc5326ce738,,472d98fe-218e-40e1-9244-978fb42108e6,f7c58186-8625-4262-a79e-8755300807a6,8ec5d82c-c27e-40ec-8f69-fe61237f5412,77bebd92-5e1a-445f-b2d1-79138b8028c0,1773351324.984798,64,4397451b-fa5f-4b8f-b86e-278d272e1d68,gh,gamified,human_only,1,0,1
4397451b-fa5f-4b8f-b86e-278d272e1d68,0,1,8,72,2026-03-12 21:35:32.483691+00:00,trade,trade,bid,B,,,120.0,1.0,,,,,,87f6e0ff-349f-4207-ab77-c9634ba80426,,c0b7918c-c0ce-4a50-9dcd-9931083cbd27,aa799e8c-daaf-41d5-a816-c2f6d29d9843,8ec5d82c-c27e-40ec-8f69-fe61237f5412,77bebd92-5e1a-445f-b2d1-79138b8028c0,1773351332.504933,64,4397451b-fa5f-4b8f-b86e-278d272e1d68,gh,gamified,human_only,1,0,1
4397451b-fa5f-4b8f-b86e-278d272e1d68,0,1,9,75,2026-03-12 21:35:46.236058+00:00,trade,trade,bid,B,,,120.0,1.0,,,,,,32066e5e-4e60-4d61-bd6b-2cd2cbfef5ca,,c9188d6c-a2ca-4260-b262-0e08ee8862b1,c53f5b14-a890-48b2-a7ac-7732d128b955,817c3405-e3a7-4f12-b0aa-18682cc45403,77bebd92-5e1a-445f-b2d1-79138b8028c0,1773351346.253667,56,4397451b-fa5f-4b8f-b86e-278d272e1d68,gh,gamified,human_only,1,0,1
4397451b-fa5f-4b8f-b86e-278d272e1d68,0,1,9,79,2026-03-12 21:35:50.788962+00:00,trade,trade,bid,B,,,135.0,1.0,,,,,,fa4bcaab-f31a-4c2c-9c05-5900e197ce3a,,9af91cf6-c726-4c9d-a505-04705b5767e1,d9c8da76-2969-48dc-b086-70f0e74b6282,817c3405-e3a7-4f12-b0aa-18682cc45403,8ec5d82c-c27e-40ec-8f69-fe61237f5412,1773351350.806818,56,4397451b-fa5f-4b8f-b86e-278d272e1d68,gh,gamified,human_only,1,0,1
4397451b-fa5f-4b8f-b86e-278d272e1d68,0,1,9,86,2026-03-12 21:36:39.516216+00:00,trade,trade,ask,S,,,105.0,1.0,,,,,,ed93c181-0739-435f-887a-1452e30b1b4f,,b251c572-1919-4ba0-a672-cdd9cb8ff735,afda2131-69da-4909-b350-3b6ae514f089,77bebd92-5e1a-445f-b2d1-79138b8028c0,4c38c903-37b1-4f90-bf9a-1978f7df9fd0,1773351399.565243,56,4397451b-fa5f-4b8f-b86e-278d272e1d68,gh,gamified,human_only,1,0,1
4397451b-fa5f-4b8f-b86e-278d272e1d68,0,1,10,91,2026-03-12 21:38:29.391320+00:00,trade,trade,bid,B,,,120.0,1.0,,,,,,98fae200-cd21-4a2e-a028-369757016bc4,,23e42ef5-ee34-4136-a465-2cef30822018,fb05801e-b3e7-4895-a7e3-84a1bddc1621,4c38c903-37b1-4f90-bf9a-1978f7df9fd0,8ec5d82c-c27e-40ec-8f69-fe61237f5412,1773351509.408027,48,4397451b-fa5f-4b8f-b86e-278d272e1d68,gh,gamified,human_only,1,0,1
4397451b-fa5f-4b8f-b86e-278d272e1d68,0,1,10,95,2026-03-12 21:38:40.948710+00:00,trade,trade,bid,B,,,150.0,1.0,,,,,,b399bcaa-3820-440d-b293-122147934116,,1f00f3dc-d457-4006-9d6c-c6a194baea0b,2db2efe1-c527-4ddb-bd1d-fea4725a19c2,817c3405-e3a7-4f12-b0aa-18682cc45403,4c38c903-37b1-4f90-bf9a-1978f7df9fd0,1773351520.966335,48,4397451b-fa5f-4b8f-b86e-278d272e1d68,gh,gamified,human_only,1,0,1
4397451b-fa5f-4b8f-b86e-278d272e1d68,0,1,11,99,2026-03-12 21:38:58.926990+00:00,trade,trade,bid,B,,,150.0,1.0,,,,,,e278d44d-4c58-4544-84cc-353e864e29a4,,6479cfaa-bed8-45b6-80fe-b1e3ac037073,2aa5f081-588b-40d9-951b-c4ef115704a0,e5700b75-5d29-45d7-bafa-2e801b0e9e82,4c38c903-37b1-4f90-bf9a-1978f7df9fd0,1773351538.947791,40,4397451b-fa5f-4b8f-b86e-278d272e1d68,gh,gamified,human_only,1,0,1
4397451b-fa5f-4b8f-b86e-278d272e1d68,0,1,11,103,2026-03-12 21:39:13.461926+00:00,trade,trade,bid,B,,,150.0,1.0,,,,,,34b716bf-fddb-49df-9a89-ea1d3184c987,,0f98c2fa-2209-4898-86a8-46cc9a7dc4c1,84c9074c-e01d-4f49-b4ab-29e2f97634e7,e5700b75-5d29-45d7-bafa-2e801b0e9e82,4c38c903-37b1-4f90-bf9a-1978f7df9fd0,1773351553.559754,40,4397451b-fa5f-4b8f-b86e-278d272e1d68,gh,gamified,human_only,1,0,1
4397451b-fa5f-4b8f-b86e-278d272e1d68,0,1,11,106,2026-03-12 21:39:43.584116+00:00,trade,trade,ask,S,,,100.0,1.0,,,,,,3eef8699-25c9-47c6-b7c7-008953570c9d,,edc6ffa8-2118-4ee2-9606-54f7e08fad6f,976224ce-e307-4649-8e2e-dc49066179cf,4c38c903-37b1-4f90-bf9a-1978f7df9fd0,8ec5d82c-c27e-40ec-8f69-fe61237f5412,1773351583.601012,40,4397451b-fa5f-4b8f-b86e-278d272e1d68,gh,gamified,human_only,1,0,1
4397451b-fa5f-4b8f-b86e-278d272e1d68,0,1,11,109,2026-03-12 21:39:49.403224+00:00,trade,trade,ask,S,,,70.0,1.0,,,,,,747a54c5-1292-4e6c-aada-426af4da11a5,,92949ee6-64cb-4c80-a9bb-f74f205515ad,7d3a0437-c032-4a4c-a8a6-ebe25c49c63c,817c3405-e3a7-4f12-b0aa-18682cc45403,8ec5d82c-c27e-40ec-8f69-fe61237f5412,1773351589.419748,40,4397451b-fa5f-4b8f-b86e-278d272e1d68,gh,gamified,human_only,1,0,1
4397451b-fa5f-4b8f-b86e-278d272e1d68,0,1,12,115,2026-03-12 21:40:27.990105+00:00,trade,trade,bid,B,,,90.0,1.0,,,,,,f12882c4-0d55-4768-b916-892537feb978,,c776cbdf-9fdb-4c8b-8163-08efe69045cf,549f774b-ae6f-451e-ab68-1ff33eeda983,77bebd92-5e1a-445f-b2d1-79138b8028c0,817c3405-e3a7-4f12-b0aa-18682cc45403,1773351628.007038,32,4397451b-fa5f-4b8f-b86e-278d272e1d68,gh,gamified,human_only,1,0,1
4397451b-fa5f-4b8f-b86e-278d272e1d68,0,1,13,122,2026-03-12 21:41:17.830881+00:00,trade,trade,bid,B,,,87.5,1.0,,,,,,cd19589f-221f-459a-ac99-5d43eb9cbece,,a5cd3324-1cfe-4853-8b57-56f70806f8f9,387ec949-b302-42ea-a94b-f1c63d1f7327,914e1fc2-9d3c-4503-8f28-e329d90df453,8ec5d82c-c27e-40ec-8f69-fe61237f5412,1773351677.847647,24,4397451b-fa5f-4b8f-b86e-278d272e1d68,gh,gamified,human_only,1,0,1
4397451b-fa5f-4b8f-b86e-278d272e1d68,0,1,13,125,2026-03-12 21:41:25.027539+00:00,trade,trade,ask,S,,,85.0,1.0,,,,,,6ff8ac4b-297b-4fc9-82f4-20991c0b1c7e,,9d3c1452-c205-443e-9947-f6de8b050e89,2c61e959-5b26-4d00-9594-2766543d9425,4c38c903-37b1-4f90-bf9a-1978f7df9fd0,817c3405-e3a7-4f12-b0aa-18682cc45403,1773351685.044635,24,4397451b-fa5f-4b8f-b86e-278d272e1d68,gh,gamified,human_only,1,0,1
4397451b-fa5f-4b8f-b86e-278d272e1d68,0,1,14,128,2026-03-12 21:43:41.412413+00:00,trade,trade,ask,S,,,80.0,1.0,,,,,,3e5e459f-d96e-41dc-988c-4a4b8185f29e,,950878fb-9456-438d-9fa5-b7a299b3c9d4,e052ab9e-e60d-4fc8-962f-592045219df5,817c3405-e3a7-4f12-b0aa-18682cc45403,4c38c903-37b1-4f90-bf9a-1978f7df9fd0,1773351821.431521,16,4397451b-fa5f-4b8f-b86e-278d272e1d68,gh,gamified,human_only,1,0,1
4397451b-fa5f-4b8f-b86e-278d272e1d68,0,1,14,132,2026-03-12 21:43:48.054283+00:00,trade,trade,bid,B,,,60.0,1.0,,,,,,2fb823a2-5c76-406b-aec2-e5433b7a87de,,2e4a432b-bd88-4d98-a58a-ab6794aec53a,12952c54-963f-48ba-90a3-2e32bca310e1,8ec5d82c-c27e-40ec-8f69-fe61237f5412,4c38c903-37b1-4f90-bf9a-1978f7df9fd0,1773351828.071699,16,4397451b-fa5f-4b8f-b86e-278d272e1d68,gh,gamified,human_only,1,0,1
4397451b-fa5f-4b8f-b86e-278d272e1d68,0,1,15,138,2026-03-12 21:45:12.316942+00:00,trade,trade,ask,S,,,50.0,1.0,,,,,,432706f0-fe99-4da0-bd2a-af9f9386af64,,c928309b-9877-458b-8e9b-026c2d48cc0a,6bbbf916-55a6-4584-b7d2-4d5c73873343,77bebd92-5e1a-445f-b2d1-79138b8028c0,e5700b75-5d29-45d7-bafa-2e801b0e9e82,1773351912.333296,8,4397451b-fa5f-4b8f-b86e-278d272e1d68,gh,gamified,human_only,1,0,1
4397451b-fa5f-4b8f-b86e-278d272e1d68,0,1,15,143,2026-03-12 21:45:26.887660+00:00,trade,trade,bid,B,,,55.0,1.0,,,,,,797e8287-68f5-41d3-a809-dfc60d952a08,,6a6d6d1b-c344-4b61-b5e0-51c1cc863809,b008c2f4-1141-471d-b2fe-64a11fd41703,8ec5d82c-c27e-40ec-8f69-fe61237f5412,e5700b75-5d29-45d7-bafa-2e801b0e9e82,1773351926.904703,8,4397451b-fa5f-4b8f-b86e-278d272e1d68,gh,gamified,human_only,1,0,1
4397451b-fa5f-4b8f-b86e-278d272e1d68,0,1,15,146,2026-03-12 21:46:02.129108+00:00,trade,trade,bid,B,,,60.0,1.0,,,,,,ded0269f-b470-4c54-853c-8780d3a33f27,,00b947de-cf8a-4ea4-95c3-f6bd6168ecb6,7a6f61c7-9010-45cf-ae0d-e27381aa75fb,8ec5d82c-c27e-40ec-8f69-fe61237f5412,817c3405-e3a7-4f12-b0aa-18682cc45403,1773351962.146855,8,4397451b-fa5f-4b8f-b86e-278d272e1d68,gh,gamified,human_only,1,0,1
4b4a8da8-869c-4728-b134-73a625591381,0,2,1,5,2026-03-12 21:47:58.152907+00:00,trade,trade,bid,B,,,70.0,1.0,,,,,,b33bae7d-4a8c-4478-8d2f-fb1f96f0122d,,407bad07-579d-422e-972d-ce439a1d14d6,5a8417a2-933a-4d50-aa09-903769941713,85b3414c-8bbe-4c98-a006-c72e5880dae0,0b1fd85d-6b54-4fb2-ac91-6faa29df8fe8,1773352078.170448,120,4b4a8da8-869c-4728-b134-73a625591381,gh,gamified,human_only,1,0,2
4b4a8da8-869c-4728-b134-73a625591381,0,2,1,8,2026-03-12 21:48:02.304906+00:00,trade,trade,bid,B,,,80.0,1.0,,,,,,459dbd73-47a1-4876-bb10-1bd6bec2eebe,,2162eacd-b373-4438-9243-596085bb7880,912a68b2-8fa5-4ce7-b48e-ef40774c897a,85b3414c-8bbe-4c98-a006-c72e5880dae0,bf08b76d-0785-4351-9789-c7344cb9375a,1773352082.322896,120,4b4a8da8-869c-4728-b134-73a625591381,gh,gamified,human_only,1,0,2
4b4a8da8-869c-4728-b134-73a625591381,0,2,1,13,2026-03-12 21:48:20.964188+00:00,trade,trade,ask,S,,,120.0,1.0,,,,,,17819290-d040-49a6-8fa7-7e8b309dcea6,,b8373590-3023-44c9-a756-684030c74ad0,9f54ae37-b0ea-4102-8bce-4cc3942aa8d2,85b3414c-8bbe-4c98-a006-c72e5880dae0,c3619141-e85c-4152-af1b-0962388180c5,1773352100.982339,120,4b4a8da8-869c-4728-b134-73a625591381,gh,gamified,human_only,1,0,2
4b4a8da8-869c-4728-b134-73a625591381,0,2,2,18,2026-03-12 21:49:09.235169+00:00,trade,trade,ask,S,,,40.0,1.0,,,,,,3e688fbf-5ebe-4301-b147-3df3ac34703f,,a3640292-0d61-46b3-8848-261ddd1638ef,ce0a04d7-b417-49b5-89b2-646b37e189ef,bf08b76d-0785-4351-9789-c7344cb9375a,ef68c032-ed2a-4525-a107-9eafdcf6c2af,1773352149.253673,112,4b4a8da8-869c-4728-b134-73a625591381,gh,gamified,human_only,1,0,2
4b4a8da8-869c-4728-b134-73a625591381,0,2,2,24,2026-03-12 21:49:34.436855+00:00,trade,trade,bid,B,,,110.0,1.0,,,,,,5ac12d92-3c17-4013-add5-6510c4bb6148,,9de84d6d-d503-4468-bec6-4245f9aaf7f5,1b0ad882-aae7-48d0-aa4d-095cdd17b0de,8bb506ed-8a42-41de-8b75-4b5acfac9c22,ef68c032-ed2a-4525-a107-9eafdcf6c2af,1773352174.453751,112,4b4a8da8-869c-4728-b134-73a625591381,gh,gamified,human_only,1,0,2
4b4a8da8-869c-4728-b134-73a625591381,0,2,3,27,2026-03-12 21:50:14.641406+00:00,trade,trade,ask,S,,,100.0,1.0,,,,,,2fdaa9ba-ad08-49db-8b67-926012f704f3,,aed8f118-80cf-48ff-84e4-845e4d0a6d11,f9017127-8f28-4857-ab07-0c4b820dd032,ef68c032-ed2a-4525-a107-9eafdcf6c2af,85b3414c-8bbe-4c98-a006-c72e5880dae0,1773352214.698663,104,4b4a8da8-869c-4728-b134-73a625591381,gh,gamified,human_only,1,0,2
4b4a8da8-869c-4728-b134-73a625591381,0,2,3,31,2026-03-12 21:50:29.242257+00:00,trade,trade,ask,S,,,95.0,1.0,,,,,,51f5d07a-f636-44b1-bca4-272a9b54f9d5,,73a25253-dab1-46c8-8e80-22ee84f10e98,61a91f92-157d-48d7-8963-e1a42faac461,bf08b76d-0785-4351-9789-c7344cb9375a,c3619141-e85c-4152-af1b-0962388180c5,1773352229.259554,104,4b4a8da8-869c-4728-b134-73a625591381,gh,gamified,human_only,1,0,2
4b4a8da8-869c-4728-b134-73a625591381,0,2,3,35,2026-03-12 21:50:44.204789+00:00,trade,trade,ask,S,,,95.0,1.0,,,,,,ccaa6f66-5772-4c7b-9787-9ed437863a94,,373693a4-7df9-4cdf-903a-cf5be0e16cef,6c0cd972-14e1-4ca4-a7d0-2d45246b6396,bf08b76d-0785-4351-9789-c7344cb9375a,ef68c032-ed2a-4525-a107-9eafdcf6c2af,1773352244.222209,104,4b4a8da8-869c-4728-b134-73a625591381,gh,gamified,human_only,1,0,2
4b4a8da8-869c-4728-b134-73a625591381,0,2,3,39,2026-03-12 21:50:54.932783+00:00,trade,trade,ask,S,,,97.0,1.0,,,,,,b7844757-bc51-4e6e-b16a-e11c88ce3b54,,093724f7-389c-4f40-815b-7cc755dda3cd,87f593fe-4374-420a-9fb2-9f93559ba9ce,bf08b76d-0785-4351-9789-c7344cb9375a,c3619141-e85c-4152-af1b-0962388180c5,1773352254.950578,104,4b4a8da8-869c-4728-b134-73a625591381,gh,gamified,human_only,1,0,2
4b4a8da8-869c-4728-b134-73a625591381,0,2,4,43,2026-03-12 21:52:01.166395+00:00,trade,trade,ask,S,,,98.0,1.0,,,,,,fd380355-2c0b-461b-a8d5-db7d059c5d90,,a0d64fc7-bcc5-47b5-9d5d-09771fdfc092,31657edb-ddbe-4d41-a514-99b18c18dd03,bf08b76d-0785-4351-9789-c7344cb9375a,c3619141-e85c-4152-af1b-0962388180c5,1773352321.183479,96,4b4a8da8-869c-4728-b134-73a625591381,gh,gamified,human_only,1,0,2
4b4a8da8-869c-4728-b134-73a625591381,0,2,4,51,2026-03-12 21:52:15.386923+00:00,trade,trade,ask,S,,,121.25,1.0,,,,,,ee3ee90c-503c-43ac-8f19-3668902e9c63,,322edb31-73da-4264-8ffd-9d1ce1909320,fa5640e8-0fef-44c2-b0ba-9e6f6bbff2ba,bf08b76d-0785-4351-9789-c7344cb9375a,c3619141-e85c-4152-af1b-0962388180c5,1773352335.404452,96,4b4a8da8-869c-4728-b134-73a625591381,gh,gamified,human_only,1,0,2
4b4a8da8-869c-4728-b134-73a625591381,0,2,4,54,2026-03-12 21:52:21.703031+00:00,trade,trade,ask,S,,,117.5,1.0,,,,,,132d40fa-4ad4-453a-9374-6c77eee3a147,,367fdf89-7405-467d-907c-9e864e5049bd,7eb520ec-f472-478d-bab0-372ac3644a1b,bf08b76d-0785-4351-9789-c7344cb9375a,ef68c032-ed2a-4525-a107-9eafdcf6c2af,1773352341.719838,96,4b4a8da8-869c-4728-b134-73a625591381,gh,gamified,human_only,1,0,2
4b4a8da8-869c-4728-b134-73a625591381,0,2,4,57,2026-03-12 21:52:26.368378+00:00,trade,trade,ask,S,,,117.5,1.0,,,,,,410bff5c-f9b7-4ec9-b56b-c88eca7fb4ed,,c6562caf-4043-429e-84fc-b2331be5b28c,20753fc4-e232-49bd-9b6a-219c3142b8fe,bf08b76d-0785-4351-9789-c7344cb9375a,8bb506ed-8a42-41de-8b75-4b5acfac9c22,1773352346.385775,96,4b4a8da8-869c-4728-b134-73a625591381,gh,gamified,human_only,1,0,2
4b4a8da8-869c-4728-b134-73a625591381,0,2,4,60,2026-03-12 21:52:30.596712+00:00,trade,trade,ask,S,,,110.0,1.0,,,,,,4d851317-0232-4644-95f5-20b6b3538611,,acbaaced-953c-4860-ac09-378f4ed257f7,a31a538f-136d-4e06-ae18-734ba6aa5de6,bf08b76d-0785-4351-9789-c7344cb9375a,ef68c032-ed2a-4525-a107-9eafdcf6c2af,1773352350.613798,96,4b4a8da8-869c-4728-b134-73a625591381,gh,gamified,human_only,1,0,2
4b4a8da8-869c-4728-b134-73a625591381,0,2,5,63,2026-03-12 21:53:27.166137+00:00,trade,trade,ask,S,,,107.5,1.0,,,,,,3fb9b254-3fe4-47a3-a98f-d3a4d2910be5,,24916237-3217-4de3-9449-722a5b58de6a,b670cfe5-6c09-4058-a524-7d56c8eb6ed6,bf08b76d-0785-4351-9789-c7344cb9375a,c3619141-e85c-4152-af1b-0962388180c5,1773352407.182814,88,4b4a8da8-869c-4728-b134-73a625591381,gh,gamified,human_only,1,0,2
4b4a8da8-869c-4728-b134-73a625591381,0,2,5,73,2026-03-12 21:53:59.715452+00:00,trade,trade,ask,S,,,119.0,1.0,,,,,,c84d0f0b-53fe-4704-a00f-6de141ebbd3d,,1b785d39-0883-4d8a-b512-92be92662fe0,4fb1c31e-1835-4fea-9d76-9fb53ec5dc80,bf08b76d-0785-4351-9789-c7344cb9375a,8bb506ed-8a42-41de-8b75-4b5acfac9c22,1773352439.733878,88,4b4a8da8-869c-4728-b134-73a625591381,gh,gamified,human_only,1,0,2
4b4a8da8-869c-4728-b134-73a625591381,0,2,6,80,2026-03-12 21:54:36.029308+00:00,trade,trade,bid,B,,,119.0,1.0,,,,,,66198b70-4a96-4c47-b745-41b8e14316f5,,f041c18c-fb85-4a37-9ab6-42c6379ecd8d,d366f44e-881b-4974-a490-182aa55d0147,c3619141-e85c-4152-af1b-0962388180c5,bf08b76d-0785-4351-9789-c7344cb9375a,1773352476.04652,80,4b4a8da8-869c-4728-b134-73a625591381,gh,gamified,human_only,1,0,2
4b4a8da8-869c-4728-b134-73a625591381,0,2,6,83,2026-03-12 21:54:38.808890+00:00,trade,trade,ask,S,,,118.0,1.0,,,,,,03a07886-4fed-4e63-bfca-3df02ede9c0d,,75e34763-aa62-4f4f-b4e0-08092797d124,ee2a3cd4-1997-4c43-97ec-e0b38272b2cc,bf08b76d-0785-4351-9789-c7344cb9375a,ef68c032-ed2a-4525-a107-9eafdcf6c2af,1773352478.826543,80,4b4a8da8-869c-4728-b134-73a625591381,gh,gamified,human_only,1,0,2
4b4a8da8-869c-4728-b134-73a625591381,0,2,6,86,2026-03-12 21:54:46.046683+00:00,trade,trade,bid,B,,,120.0,1.0,,,,,,631672a5-9dea-442e-9b51-db9f1b09327a,,966a8b83-92c9-4708-9763-bf7f63254474,7e3e25a1-a571-4132-8737-7ea28c1731e7,c3619141-e85c-4152-af1b-0962388180c5,bf08b76d-0785-4351-9789-c7344cb9375a,1773352486.063586,80,4b4a8da8-869c-4728-b134-73a625591381,gh,gamified,human_only,1,0,2
4b4a8da8-869c-4728-b134-73a625591381,0,2,6,89,2026-03-12 21:54:49.619317+00:00,trade,trade,ask,S,,,116.0,1.0,,,,,,dcdf483d-116d-42ac-b252-96b5ce0b3436,,6f7b236a-8837-434d-aba1-f90638bba5cf,7a088002-34d0-4cba-9aba-48f3ad7c7ca3,bf08b76d-0785-4351-9789-c7344cb9375a,8bb506ed-8a42-41de-8b75-4b5acfac9c22,1773352489.636925,80,4b4a8da8-869c-4728-b134-73a625591381,gh,gamified,human_only,1,0,2
4b4a8da8-869c-4728-b134-73a625591381,0,2,6,94,2026-03-12 21:54:59.487403+00:00,trade,trade,ask,S,,,114.0,1.0,,,,,,e57a7778-448c-4984-8f1f-fb4e61f51caf,,1b2e1cf8-faf6-403d-8548-a2ba60baf5aa,eba0d0cd-fc19-4b03-b9cb-a846ed838319,bf08b76d-0785-4351-9789-c7344cb9375a,0b1fd85d-6b54-4fb2-ac91-6faa29df8fe8,1773352499.509381,80,4b4a8da8-869c-4728-b134-73a625591381,gh,gamified,human_only,1,0,2
4b4a8da8-869c-4728-b134-73a625591381,0,2,6,97,2026-03-12 21:55:04.037423+00:00,trade,trade,bid,B,,,121.0,1.0,,,,,,cfe0fa25-1f9f-4b64-a09f-507c3629a0af,,a1de93d3-9e66-4bca-ae30-6d60ba4884f7,90fa3e4a-9ae7-4ffd-a7dc-d5a26a8f7429,85b3414c-8bbe-4c98-a006-c72e5880dae0,bf08b76d-0785-4351-9789-c7344cb9375a,1773352504.055329,80,4b4a8da8-869c-4728-b134-73a625591381,gh,gamified,human_only,1,0,2
4b4a8da8-869c-4728-b134-73a625591381,0,2,6,100,2026-03-12 21:55:12.392077+00:00,trade,trade,ask,S,,,112.0,1.0,,,,,,1ba2d47b-3d4a-423d-a9ad-88d0339cd7d9,,d4a468df-362c-4667-9b94-2451f4bf32a4,f076468d-d7ef-46f0-9fda-d1b379cb750d,bf08b76d-0785-4351-9789-c7344cb9375a,ef68c032-ed2a-4525-a107-9eafdcf6c2af,1773352512.41772,80,4b4a8da8-869c-4728-b134-73a625591381,gh,gamified,human_only,1,0,2
4b4a8da8-869c-4728-b134-73a625591381,0,2,6,103,2026-03-12 21:55:17.081296+00:00,trade,trade,bid,B,,,121.5,1.0,,,,,,aa6a6eee-9ea4-4a56-b6ad-7a4dbcb4fe54,,88b1b7c6-e8f3-48e3-a278-c571c63d0e42,d0d54e68-1dc3-4837-ab3e-a22eb8c51071,c3619141-e85c-4152-af1b-0962388180c5,bf08b76d-0785-4351-9789-c7344cb9375a,1773352517.100289,80,4b4a8da8-869c-4728-b134-73a625591381,gh,gamified,human_only,1,0,2
4b4a8da8-869c-4728-b134-73a625591381,0,2,7,106,2026-03-12 21:55:21.119878+00:00,trade,trade,bid,B,,,125.0,1.0,,,,,,71e62017-db36-4436-8620-747fff4b853f,,a3304f5c-5064-4805-ab12-5a613390dd86,5fe69f9e-6836-463a-82c2-6d68401d3529,8bb506ed-8a42-41de-8b75-4b5acfac9c22,0b1fd85d-6b54-4fb2-ac91-6faa29df8fe8,1773352521.140422,72,4b4a8da8-869c-4728-b134-73a625591381,gh,gamified,human_only,1,0,2
4b4a8da8-869c-4728-b134-73a625591381,0,2,7,112,2026-03-12 21:56:21.632538+00:00,trade,trade,bid,B,,,140.0,1.0,,,,,,45d2fec4-5cdf-4cbe-b19c-977245114612,,2f1778e5-7171-477a-895c-05ded749076f,80faf5a7-3c72-43f4-bfb5-09048ceba8fc,ef68c032-ed2a-4525-a107-9eafdcf6c2af,85b3414c-8bbe-4c98-a006-c72e5880dae0,1773352581.650076,72,4b4a8da8-869c-4728-b134-73a625591381,gh,gamified,human_only,1,0,2
4b4a8da8-869c-4728-b134-73a625591381,0,2,7,115,2026-03-12 21:56:27.302020+00:00,trade,trade,ask,S,,,120.0,1.0,,,,,,6aca9a5f-ba65-4f5d-aa91-5d3849a9eeec,,a2eae360-9347-42af-a222-253be63cb009,719a6250-9e32-4460-a430-a423a931977a,bf08b76d-0785-4351-9789-c7344cb9375a,8bb506ed-8a42-41de-8b75-4b5acfac9c22,1773352587.318911,72,4b4a8da8-869c-4728-b134-73a625591381,gh,gamified,human_only,1,0,2
4b4a8da8-869c-4728-b134-73a625591381,0,2,7,119,2026-03-12 21:56:40.125468+00:00,trade,trade,ask,S,,,90.0,1.0,,,,,,50e14319-a332-49da-bcf6-765cfeb94757,,2c334877-a383-49d4-a1f4-b2b44da3e584,97427382-1939-499d-8161-5acd0979fb99,c3619141-e85c-4152-af1b-0962388180c5,8bb506ed-8a42-41de-8b75-4b5acfac9c22,1773352600.142889,72,4b4a8da8-869c-4728-b134-73a625591381,gh,gamified,human_only,1,0,2
4b4a8da8-869c-4728-b134-73a625591381,0,2,8,123,2026-03-12 21:56:53.937574+00:00,trade,trade,ask,S,,,80.0,1.0,,,,,,0cf350ef-bbef-46e5-a8e5-4c989ab52deb,,650bd8f6-ccbb-45a6-82b9-42134cbeae53,67e4512a-4212-4189-8d0f-6eb112c3968e,0b1fd85d-6b54-4fb2-ac91-6faa29df8fe8,8bb506ed-8a42-41de-8b75-4b5acfac9c22,1773352613.9542,64,4b4a8da8-869c-4728-b134-73a625591381,gh,gamified,human_only,1,0,2
4b4a8da8-869c-4728-b134-73a625591381,0,2,8,126,2026-03-12 21:56:58.457530+00:00,trade,trade,bid,B,,,150.0,1.0,,,,,,b2d5da3d-2704-4fa2-bf57-a20d5ea96268,,295f1864-b064-41d7-b8b9-ed6040156c13,d67458ab-469e-4713-aca2-7717eec2675a,c3619141-e85c-4152-af1b-0962388180c5,0b1fd85d-6b54-4fb2-ac91-6faa29df8fe8,1773352618.4741,64,4b4a8da8-869c-4728-b134-73a625591381,gh,gamified,human_only,1,0,2
4b4a8da8-869c-4728-b134-73a625591381,0,2,9,146,2026-03-12 21:58:22.051950+00:00,trade,trade,bid,B,,,90.0,1.0,,,,,,84041572-35c8-4d34-a705-99c35852e280,,7286a791-1891-486d-8a9f-717ab66763aa,2346ce25-1dc2-4fd7-9652-4d25f5b6af1d,85b3414c-8bbe-4c98-a006-c72e5880dae0,0b1fd85d-6b54-4fb2-ac91-6faa29df8fe8,1773352702.073134,56,4b4a8da8-869c-4728-b134-73a625591381,gh,gamified,human_only,1,0,2
4b4a8da8-869c-4728-b134-73a625591381,0,2,9,149,2026-03-12 21:58:24.956971+00:00,trade,trade,bid,B,,,90.0,1.0,,,,,,03187711-d4fc-4a16-846e-008334f49b3c,,0ce0091b-f59a-4caa-87bc-421715284283,eb2b56e3-aa3f-451f-a536-3836430defa2,85b3414c-8bbe-4c98-a006-c72e5880dae0,0b1fd85d-6b54-4fb2-ac91-6faa29df8fe8,1773352704.975862,56,4b4a8da8-869c-4728-b134-73a625591381,gh,gamified,human_only,1,0,2
4b4a8da8-869c-4728-b134-73a625591381,0,2,9,152,2026-03-12 21:58:47.547121+00:00,trade,trade,bid,B,,,90.0,1.0,,,,,,5fed2095-173d-42cf-a157-5dde8dfeeb45,,6f9c6bb3-57cd-4932-9295-2201a6fdf7df,e011e431-5e78-45b4-ad07-670a6305fa37,c3619141-e85c-4152-af1b-0962388180c5,0b1fd85d-6b54-4fb2-ac91-6faa29df8fe8,1773352727.564545,56,4b4a8da8-869c-4728-b134-73a625591381,gh,gamified,human_only,1,0,2
4b4a8da8-869c-4728-b134-73a625591381,0,2,9,155,2026-03-12 21:58:49.096233+00:00,trade,trade,ask,S,,,80.0,1.0,,,,,,516a23a5-f335-43cf-9d8d-5551c4d6927a,,ddc69d95-a7c2-4513-a157-eead30e1b9e6,eb5f5527-8c7a-4195-9cab-52459b0482af,0b1fd85d-6b54-4fb2-ac91-6faa29df8fe8,c3619141-e85c-4152-af1b-0962388180c5,1773352729.112951,56,4b4a8da8-869c-4728-b134-73a625591381,gh,gamified,human_only,1,0,2
4b4a8da8-869c-4728-b134-73a625591381,0,2,9,158,2026-03-12 21:58:51.797288+00:00,trade,trade,ask,S,,,80.0,1.0,,,,,,559d49a5-d090-4a67-a174-9304776f256a,,7ea4b397-353b-44e2-bcee-c9de25f3a15c,0558ddbc-73d0-4e92-8d05-4f4792f0d4ef,0b1fd85d-6b54-4fb2-ac91-6faa29df8fe8,c3619141-e85c-4152-af1b-0962388180c5,1773352731.818875,56,4b4a8da8-869c-4728-b134-73a625591381,gh,gamified,human_only,1,0,2
4b4a8da8-869c-4728-b134-73a625591381,0,2,9,161,2026-03-12 21:58:53.413252+00:00,trade,trade,bid,B,,,90.0,1.0,,,,,,8ca4d025-faa6-4722-a6ef-31bf0f7ef5e4,,97f67903-77b6-4273-a99c-4f66b2d60b33,3c9444c4-00dc-4ba7-b7ef-4bdfa8600985,c3619141-e85c-4152-af1b-0962388180c5,0b1fd85d-6b54-4fb2-ac91-6faa29df8fe8,1773352733.431089,56,4b4a8da8-869c-4728-b134-73a625591381,gh,gamified,human_only,1,0,2
4b4a8da8-869c-4728-b134-73a625591381,0,2,9,164,2026-03-12 21:58:56.626220+00:00,trade,trade,bid,B,,,90.0,1.0,,,,,,561371c8-a721-4ef0-887c-2bfc7fd463d8,,a1756b19-be7d-47c0-8295-c9ca4d53822a,20a6160c-bb00-4109-a7b1-69bb901932bf,ef68c032-ed2a-4525-a107-9eafdcf6c2af,0b1fd85d-6b54-4fb2-ac91-6faa29df8fe8,1773352736.665277,56,4b4a8da8-869c-4728-b134-73a625591381,gh,gamified,human_only,1,0,2
4b4a8da8-869c-4728-b134-73a625591381,0,2,9,167,2026-03-12 21:59:08.011433+00:00,trade,trade,bid,B,,,90.0,1.0,,,,,,9a406757-eafb-490e-b572-23e0647e9932,,2c0d4ddc-ad49-423a-81fe-a550f2013aad,4de1c633-e6a0-421d-a211-6b560af41820,ef68c032-ed2a-4525-a107-9eafdcf6c2af,0b1fd85d-6b54-4fb2-ac91-6faa29df8fe8,1773352748.031202,56,4b4a8da8-869c-4728-b134-73a625591381,gh,gamified,human_only,1,0,2
4b4a8da8-869c-4728-b134-73a625591381,0,2,10,171,2026-03-12 21:59:26.057126+00:00,trade,trade,ask,S,,,80.0,1.0,,,,,,2449f431-aba7-47b1-8963-e32560792ca1,,3c9d7607-bc6c-4a08-948d-8b58d389d0b3,940d8fbe-ede8-4b6f-a39e-f436d0904199,0b1fd85d-6b54-4fb2-ac91-6faa29df8fe8,bf08b76d-0785-4351-9789-c7344cb9375a,1773352766.074215,48,4b4a8da8-869c-4728-b134-73a625591381,gh,gamified,human_only,1,0,2
4b4a8da8-869c-4728-b134-73a625591381,0,2,10,177,2026-03-12 21:59:41.233170+00:00,trade,trade,bid,B,,,90.0,1.0,,,,,,57c3f94e-3896-4657-955b-4b08c412522d,,f91fab63-083a-46e0-a0e7-8ded4fdcae5b,e43ed50b-46c7-4a80-8dcc-9d8d625306b0,ef68c032-ed2a-4525-a107-9eafdcf6c2af,bf08b76d-0785-4351-9789-c7344cb9375a,1773352781.266994,48,4b4a8da8-869c-4728-b134-73a625591381,gh,gamified,human_only,1,0,2
4b4a8da8-869c-4728-b134-73a625591381,0,2,11,180,2026-03-12 22:02:00.197117+00:00,trade,trade,ask,S,,,80.0,1.0,,,,,,65c4e214-063d-4368-be9e-28a6a2bfe250,,c70a085e-0c41-4b35-9841-cd4b536a351a,4bb24bac-dac6-427b-bb22-ecb91f9319e1,0b1fd85d-6b54-4fb2-ac91-6faa29df8fe8,c3619141-e85c-4152-af1b-0962388180c5,1773352920.215054,40,4b4a8da8-869c-4728-b134-73a625591381,gh,gamified,human_only,1,0,2
4b4a8da8-869c-4728-b134-73a625591381,0,2,11,183,2026-03-12 22:02:02.849249+00:00,trade,trade,ask,S,,,80.0,1.0,,,,,,2d3748e4-03f6-4b56-adc6-1ac7a043bba6,,be26a848-a6eb-4d21-a92f-7eb4060b9708,96681a29-2cf4-4815-8beb-a62acdceb5f2,0b1fd85d-6b54-4fb2-ac91-6faa29df8fe8,c3619141-e85c-4152-af1b-0962388180c5,1773352922.86653,40,4b4a8da8-869c-4728-b134-73a625591381,gh,gamified,human_only,1,0,2
4b4a8da8-869c-4728-b134-73a625591381,0,2,11,186,2026-03-12 22:02:05.048606+00:00,trade,trade,ask,S,,,80.0,1.0,,,,,,7bf33694-2e31-4a21-b1ff-370fee2e28fc,,ff785021-827b-4da9-92f8-200f3a89d520,bf5bce1d-ba38-46ed-9a1a-4868f43dc9aa,0b1fd85d-6b54-4fb2-ac91-6faa29df8fe8,c3619141-e85c-4152-af1b-0962388180c5,1773352925.065418,40,4b4a8da8-869c-4728-b134-73a625591381,gh,gamified,human_only,1,0,2
4b4a8da8-869c-4728-b134-73a625591381,0,2,12,194,2026-03-12 22:02:31.349475+00:00,trade,trade,ask,S,,,85.0,1.0,,,,,,fe2c997a-bd47-4238-a21b-4622946e11e6,,376b314e-562d-494f-b475-dada5e843cae,6cea64de-5ce7-4c1e-abf3-947fc9cb5d54,bf08b76d-0785-4351-9789-c7344cb9375a,ef68c032-ed2a-4525-a107-9eafdcf6c2af,1773352951.376018,32,4b4a8da8-869c-4728-b134-73a625591381,gh,gamified,human_only,1,0,2
4b4a8da8-869c-4728-b134-73a625591381,0,2,12,197,2026-03-12 22:02:33.261765+00:00,trade,trade,ask,S,,,85.0,1.0,,,,,,fcbc7bb9-0635-4ca7-8645-5c18c4337368,,b0a9a429-de44-4286-bcb4-404aae8ab059,efa48cf7-c656-4157-a508-054ebf08d217,bf08b76d-0785-4351-9789-c7344cb9375a,ef68c032-ed2a-4525-a107-9eafdcf6c2af,1773352953.278909,32,4b4a8da8-869c-4728-b134-73a625591381,gh,gamified,human_only,1,0,2
4b4a8da8-869c-4728-b134-73a625591381,0,2,12,200,2026-03-12 22:02:36.230219+00:00,trade,trade,ask,S,,,85.0,1.0,,,,,,9d67c581-8617-4ec0-8ddd-9b2cc7337a14,,b27b9489-0d6f-4dec-9545-a7022ccfd031,345e17ab-dde7-497f-9243-747fea2d0ddb,bf08b76d-0785-4351-9789-c7344cb9375a,ef68c032-ed2a-4525-a107-9eafdcf6c2af,1773352956.246895,32,4b4a8da8-869c-4728-b134-73a625591381,gh,gamified,human_only,1,0,2
4b4a8da8-869c-4728-b134-73a625591381,0,2,12,203,2026-03-12 22:02:41.102888+00:00,trade,trade,ask,S,,,85.0,1.0,,,,,,5fa9585b-035a-49fb-abde-54bcb0dd696a,,1956d368-2f1d-4320-a57a-9087f0bc5ae6,a534aa2b-abd1-425b-b721-7a942f1a25dd,bf08b76d-0785-4351-9789-c7344cb9375a,8bb506ed-8a42-41de-8b75-4b5acfac9c22,1773352961.120733,32,4b4a8da8-869c-4728-b134-73a625591381,gh,gamified,human_only,1,0,2
4b4a8da8-869c-4728-b134-73a625591381,0,2,12,208,2026-03-12 22:03:26.838515+00:00,trade,trade,ask,S,,,80.0,1.0,,,,,,460ecfda-230c-49bc-89b9-294968c28907,,a742a754-4ca5-4616-ac58-18717d70f12b,0c78b899-961f-4cd8-bfd3-4c3cc0d98d79,0b1fd85d-6b54-4fb2-ac91-6faa29df8fe8,bf08b76d-0785-4351-9789-c7344cb9375a,1773353006.85835,32,4b4a8da8-869c-4728-b134-73a625591381,gh,gamified,human_only,1,0,2
4b4a8da8-869c-4728-b134-73a625591381,0,2,13,214,2026-03-12 22:03:39.531351+00:00,trade,trade,bid,B,,,81.25,1.0,,,,,,a8bd2083-a8a4-4729-9834-af73d0a7f724,,145f5d49-dc2b-4339-b012-9d046bde3931,bf129312-fb6d-4d7b-9927-d653ca41b1d6,c3619141-e85c-4152-af1b-0962388180c5,bf08b76d-0785-4351-9789-c7344cb9375a,1773353019.551085,24,4b4a8da8-869c-4728-b134-73a625591381,gh,gamified,human_only,1,0,2
4b4a8da8-869c-4728-b134-73a625591381,0,2,13,217,2026-03-12 22:03:41.865025+00:00,trade,trade,bid,B,,,82.5,1.0,,,,,,e808ff53-3573-49a8-b8b6-b81334878900,,e2c57851-cc57-4bd0-8777-138caf1de00c,7e3fd6ba-f1e5-4f4d-8f3b-ca897841d976,c3619141-e85c-4152-af1b-0962388180c5,bf08b76d-0785-4351-9789-c7344cb9375a,1773353021.889936,24,4b4a8da8-869c-4728-b134-73a625591381,gh,gamified,human_only,1,0,2
4b4a8da8-869c-4728-b134-73a625591381,0,2,13,220,2026-03-12 22:03:45.420075+00:00,trade,trade,bid,B,,,82.5,1.0,,,,,,c47dab1f-4b50-411a-8d42-b6357a88120b,,628e751c-2158-4f8e-97dc-c163ed4d8fa9,88e0afc7-79cf-46da-a4e6-2c70aa487a49,c3619141-e85c-4152-af1b-0962388180c5,bf08b76d-0785-4351-9789-c7344cb9375a,1773353025.437383,24,4b4a8da8-869c-4728-b134-73a625591381,gh,gamified,human_only,1,0,2
4b4a8da8-869c-4728-b134-73a625591381,0,2,13,223,2026-03-12 22:03:52.269809+00:00,trade,trade,ask,S,,,80.0,1.0,,,,,,7c45888f-aac9-4782-b88f-0ec84f048831,,33dd5730-aed3-4b17-aba9-9c0945760fb5,3be0b126-74b3-4ec7-ad4c-ff137257c40a,0b1fd85d-6b54-4fb2-ac91-6faa29df8fe8,8bb506ed-8a42-41de-8b75-4b5acfac9c22,1773353032.312467,24,4b4a8da8-869c-4728-b134-73a625591381,gh,gamified,human_only,1,0,2
4b4a8da8-869c-4728-b134-73a625591381,0,2,13,226,2026-03-12 22:03:55.007056+00:00,trade,trade,ask,S,,,80.0,1.0,,,,,,0a4d42e6-0b88-42f8-98e8-6d7233028d3e,,eeb8066c-c659-48d7-aa5b-a70e19d266b1,511930f9-0c4d-42da-9639-5236b4a55ef8,0b1fd85d-6b54-4fb2-ac91-6faa29df8fe8,8bb506ed-8a42-41de-8b75-4b5acfac9c22,1773353035.065162,24,4b4a8da8-869c-4728-b134-73a625591381,gh,gamified,human_only,1,0,2
4b4a8da8-869c-4728-b134-73a625591381,0,2,13,229,2026-03-12 22:03:58.666481+00:00,trade,trade,ask,S,,,80.0,1.0,,,,,,167465e1-6fd1-4733-8b2e-5dc9fa831387,,cb7c2d84-2b12-4b50-aa52-4899a62c383a,16cc438b-4b74-4c31-bb92-e999818f6d2f,0b1fd85d-6b54-4fb2-ac91-6faa29df8fe8,8bb506ed-8a42-41de-8b75-4b5acfac9c22,1773353038.683105,24,4b4a8da8-869c-4728-b134-73a625591381,gh,gamified,human_only,1,0,2
4b4a8da8-869c-4728-b134-73a625591381,0,2,13,232,2026-03-12 22:04:02.012049+00:00,trade,trade,ask,S,,,80.0,1.0,,,,,,3df0c3dd-1448-44be-b6d3-5270c2983d31,,0b2ab39c-7f5b-4a61-98a1-b721be0d7ef5,858526d5-c34b-4dd9-a6c4-a2181e822439,bf08b76d-0785-4351-9789-c7344cb9375a,8bb506ed-8a42-41de-8b75-4b5acfac9c22,1773353042.028752,24,4b4a8da8-869c-4728-b134-73a625591381,gh,gamified,human_only,1,0,2
4b4a8da8-869c-4728-b134-73a625591381,0,2,13,239,2026-03-12 22:05:10.123605+00:00,trade,trade,ask,S,,,70.0,1.0,,,,,,4b2551d7-89d6-4c8a-82f1-1acb79acf3e4,,dc7242fc-0248-475c-849f-e2777e08e0fe,03fad1dc-d3af-4da6-9b04-f7ff0e202d84,0b1fd85d-6b54-4fb2-ac91-6faa29df8fe8,ef68c032-ed2a-4525-a107-9eafdcf6c2af,1773353110.145828,24,4b4a8da8-869c-4728-b134-73a625591381,gh,gamified,human_only,1,0,2
4b4a8da8-869c-4728-b134-73a625591381,0,2,13,242,2026-03-12 22:05:11.696618+00:00,trade,trade,ask,S,,,70.0,1.0,,,,,,72708d78-98a2-4ebe-9779-90b3fff3ae94,,f26b5bd0-ef45-4ab2-a130-54d97755aa98,b966431a-8fe9-495e-b448-b4e9b5f6fa60,0b1fd85d-6b54-4fb2-ac91-6faa29df8fe8,ef68c032-ed2a-4525-a107-9eafdcf6c2af,1773353111.715141,24,4b4a8da8-869c-4728-b134-73a625591381,gh,gamified,human_only,1,0,2
4b4a8da8-869c-4728-b134-73a625591381,0,2,14,245,2026-03-12 22:05:14.316545+00:00,trade,trade,ask,S,,,70.0,1.0,,,,,,761fd6aa-a885-4d42-aa30-18009cf97899,,c5f434ea-0d9b-4fff-a94b-545207eca19b,9eaa2e25-c003-44c7-9c26-3027ac73de92,bf08b76d-0785-4351-9789-c7344cb9375a,c3619141-e85c-4152-af1b-0962388180c5,1773353114.379071,16,4b4a8da8-869c-4728-b134-73a625591381,gh,gamified,human_only,1,0,2
4b4a8da8-869c-4728-b134-73a625591381,0,2,14,248,2026-03-12 22:05:18.798917+00:00,trade,trade,ask,S,,,70.0,1.0,,,,,,cd93a15d-8d0c-4ab3-891d-0a1d44e5971b,,32ff628e-62bc-4b8b-ae88-baa3238ff45c,962594a9-2ec4-4bb4-a1e5-caaabc896dba,bf08b76d-0785-4351-9789-c7344cb9375a,8bb506ed-8a42-41de-8b75-4b5acfac9c22,1773353118.817164,16,4b4a8da8-869c-4728-b134-73a625591381,gh,gamified,human_only,1,0,2
4b4a8da8-869c-4728-b134-73a625591381,0,2,14,252,2026-03-12 22:05:33.587904+00:00,trade,trade,ask,S,,,70.0,1.0,,,,,,c4426192-3af6-460b-8357-bc1ffa42c642,,a4461dcb-0d5e-4fa4-9a43-2a2d9d65639e,10e00a9a-12cb-4454-a0c9-9ab7a62c3d64,bf08b76d-0785-4351-9789-c7344cb9375a,8bb506ed-8a42-41de-8b75-4b5acfac9c22,1773353133.604838,16,4b4a8da8-869c-4728-b134-73a625591381,gh,gamified,human_only,1,0,2
4b4a8da8-869c-4728-b134-73a625591381,0,2,14,257,2026-03-12 22:06:18.390423+00:00,trade,trade,bid,B,,,85.0,1.0,,,,,,ba4128dd-5ce2-4721-ac89-4c7b59a15edc,,7a4452b0-3104-4929-9e61-787556ebae50,6784eeeb-6972-4ba4-be24-bb0308f331fe,85b3414c-8bbe-4c98-a006-c72e5880dae0,0b1fd85d-6b54-4fb2-ac91-6faa29df8fe8,1773353178.408646,16,4b4a8da8-869c-4728-b134-73a625591381,gh,gamified,human_only,1,0,2
4b4a8da8-869c-4728-b134-73a625591381,0,2,14,260,2026-03-12 22:06:24.047361+00:00,trade,trade,bid,B,,,90.0,1.0,,,,,,5ff6e029-87d9-4433-966e-934fbb3fad76,,ddf06147-76bb-4c5d-a32b-951c5d36b5c4,23aa0631-6a82-417e-b091-74a330eab49e,85b3414c-8bbe-4c98-a006-c72e5880dae0,bf08b76d-0785-4351-9789-c7344cb9375a,1773353184.080991,16,4b4a8da8-869c-4728-b134-73a625591381,gh,gamified,human_only,1,0,2
4b4a8da8-869c-4728-b134-73a625591381,0,2,15,263,2026-03-12 22:07:21.224607+00:00,trade,trade,ask,S,,,70.0,1.0,,,,,,aa4ad718-15cb-4dd4-a9b8-ed1a136be8c2,,4ad41195-85f8-4402-9e68-700b1ab6de68,3e3c2af1-07f6-43cd-8224-10bc50310cf6,ef68c032-ed2a-4525-a107-9eafdcf6c2af,0b1fd85d-6b54-4fb2-ac91-6faa29df8fe8,1773353241.241366,8,4b4a8da8-869c-4728-b134-73a625591381,gh,gamified,human_only,1,0,2
4b4a8da8-869c-4728-b134-73a625591381,0,2,15,266,2026-03-12 22:07:29.913525+00:00,trade,trade,bid,B,,,90.0,1.0,,,,,,fa47f338-2bbe-4934-be32-ddccb3a2b90c,,5ed12236-da4a-4ae5-9a1a-76d16df81243,f7cd2b31-ef79-49c9-af92-22723be2da61,0b1fd85d-6b54-4fb2-ac91-6faa29df8fe8,bf08b76d-0785-4351-9789-c7344cb9375a,1773353249.932344,8,4b4a8da8-869c-4728-b134-73a625591381,gh,gamified,human_only,1,0,2
